{"type":"FeatureCollection","features":[{"type":"Feature","geometry":{"type":"Polygon","coordinates":[[[95.234,26.682],[95.249,26.684],[95.257,26.676],[95.256,26.662],[95.26,26.655],[95.274,26.659],[95.304,26.651],[95.314,26.663],[95.325,26.665],[95.335,26.674],[95.344,26.675],[95.36,26.671],[95.374,26.684],[95.395,26.685],[95.403,26.694],[95.419,26.695],[95.431,26.7],[95.432,26.715],[95.453,26.733],[95.459,26.743],[95.474,26.74],[95.483,26.747],[95.485,26.758],[95.489,26.764],[95.504,26.795],[95.508,26.81],[95.523,26.814],[95.525,26.823],[95.536,26.827],[95.543,26.835],[95.556,26.831],[95.57,26.816],[95.583,26.817],[95.6,26.811],[95.608,26.814],[95.613,26.825],[95.622,26.834],[95.627,26.843],[95.629,26.858],[95.634,26.868],[95.632,26.874],[95.645,26.877],[95.646,26.884],[95.659,26.894],[95.667,26.903],[95.675,26.901],[95.68,26.895],[95.694,26.892],[95.706,26.882],[95.716,26.879],[95.723,26.881],[95.735,26.894],[95.745,26.898],[95.751,26.909],[95.746,26.915],[95.748,26.926],[95.755,26.929],[95.76,26.937],[95.759,26.955],[95.761,26.964],[95.769,26.977],[95.781,26.978],[95.783,26.99],[95.796,26.998],[95.802,27.008],[95.802,27.015],[95.831,27.007],[95.843,27.014],[95.858,27.012],[95.875,27.015],[95.876,27.02],[95.886,27.026],[95.894,27.026],[95.904,27.039],[95.91,27.037],[95.926,27.045],[95.946,27.051],[95.953,27.066],[95.955,27.075],[95.965,27.087],[95.964,27.093],[95.969,27.1],[95.985,27.112],[95.999,27.135],[96.007,27.139],[96.016,27.153],[96.018,27.169],[96.022,27.18],[96.055,27.197],[96.064,27.206],[96.072,27.205],[96.089,27.22],[96.111,27.231],[96.12,27.231],[96.136,27.241],[96.148,27.243],[96.153,27.247],[96.185,27.249],[96.192,27.26],[96.209,27.261],[96.231,27.277],[96.245,27.277],[96.248,27.273],[96.273,27.273],[96.276,27.281],[96.295,27.291],[96.307,27.294],[96.334,27.286],[96.346,27.285],[96.352,27.295],[96.358,27.29],[96.376,27.285],[96.386,27.285],[96.401,27.291],[96.407,27.288],[96.421,27.301],[96.455,27.303],[96.458,27.307],[96.488,27.296],[96.491,27.303],[96.508,27.299],[96.518,27.286],[96.525,27.289],[96.536,27.299],[96.543,27.302],[96.542,27.308],[96.55,27.313],[96.551,27.318],[96.564,27.319],[96.575,27.324],[96.58,27.331],[96.596,27.341],[96.591,27.347],[96.598,27.352],[96.606,27.366],[96.626,27.366],[96.645,27.36],[96.66,27.364],[96.698,27.358],[96.702,27.359],[96.703,27.371],[96.712,27.37],[96.729,27.359],[96.745,27.358],[96.751,27.353],[96.767,27.357],[96.774,27.352],[96.791,27.346],[96.797,27.346],[96.805,27.329],[96.813,27.322],[96.823,27.308],[96.835,27.303],[96.848,27.29],[96.85,27.278],[96.847,27.272],[96.858,27.262],[96.869,27.259],[96.884,27.26],[96.887,27.246],[96.882,27.243],[96.886,27.227],[96.877,27.221],[96.867,27.218],[96.858,27.206],[96.857,27.192],[96.874,27.181],[96.879,27.18],[96.901,27.169],[96.922,27.165],[96.931,27.162],[96.943,27.164],[96.964,27.161],[96.965,27.158],[96.984,27.154],[96.993,27.14],[97.009,27.14],[97.031,27.13],[97.034,27.12],[97.062,27.099],[97.063,27.092],[97.071,27.09],[97.075,27.098],[97.088,27.095],[97.097,27.097],[97.095,27.104],[97.119,27.104],[97.125,27.096],[97.138,27.091],[97.148,27.107],[97.15,27.118],[97.162,27.123],[97.166,27.135],[97.164,27.142],[97.151,27.15],[97.147,27.165],[97.14,27.164],[97.125,27.175],[97.122,27.19],[97.111,27.197],[97.09,27.215],[97.093,27.221],[97.09,27.235],[97.074,27.247],[97.068,27.257],[97.055,27.265],[97.054,27.275],[97.041,27.282],[97.035,27.295],[97.024,27.306],[97.015,27.313],[97.009,27.311],[96.998,27.319],[96.996,27.332],[96.991,27.343],[96.982,27.345],[96.979,27.356],[96.962,27.374],[96.968,27.381],[96.96,27.397],[96.96,27.404],[96.945,27.408],[96.932,27.419],[96.932,27.431],[96.916,27.446],[96.903,27.454],[96.905,27.471],[96.913,27.489],[96.928,27.512],[96.927,27.527],[96.918,27.539],[96.907,27.544],[96.91,27.558],[96.907,27.568],[96.909,27.576],[96.905,27.582],[96.89,27.579],[96.893,27.588],[96.893,27.616],[96.903,27.614],[96.912,27.622],[96.913,27.629],[96.921,27.633],[96.93,27.645],[96.935,27.662],[96.951,27.664],[96.977,27.664],[96.981,27.67],[96.985,27.686],[96.993,27.697],[97.008,27.709],[97.009,27.717],[97.019,27.731],[97.022,27.742],[97.031,27.743],[97.039,27.749],[97.048,27.739],[97.062,27.749],[97.075,27.738],[97.089,27.735],[97.098,27.751],[97.101,27.767],[97.095,27.78],[97.099,27.785],[97.12,27.79],[97.13,27.798],[97.134,27.807],[97.157,27.814],[97.165,27.821],[97.164,27.828],[97.178,27.833],[97.199,27.856],[97.233,27.881],[97.243,27.895],[97.253,27.901],[97.305,27.921],[97.311,27.917],[97.32,27.903],[97.317,27.881],[97.34,27.885],[97.361,27.876],[97.375,27.884],[97.385,27.887],[97.384,27.895],[97.375,27.909],[97.384,27.918],[97.384,27.922],[97.372,27.936],[97.375,27.954],[97.374,27.977],[97.379,27.984],[97.388,28.003],[97.408,28.006],[97.411,28.015],[97.395,28.026],[97.379,28.032],[97.373,28.031],[97.364,28.044],[97.37,28.054],[97.363,28.06],[97.328,28.057],[97.308,28.062],[97.304,28.069],[97.307,28.085],[97.314,28.092],[97.336,28.111],[97.337,28.116],[97.323,28.134],[97.321,28.14],[97.328,28.155],[97.356,28.18],[97.36,28.188],[97.369,28.192],[97.389,28.183],[97.397,28.185],[97.397,28.192],[97.386,28.204],[97.372,28.218],[97.362,28.224],[97.348,28.226],[97.331,28.24],[97.319,28.244],[97.31,28.244],[97.303,28.256],[97.279,28.269],[97.265,28.271],[97.238,28.268],[97.231,28.273],[97.221,28.293],[97.19,28.287],[97.175,28.29],[97.167,28.295],[97.156,28.32],[97.149,28.327],[97.127,28.344],[97.123,28.349],[97.11,28.352],[97.09,28.363],[97.064,28.353],[97.049,28.351],[97.039,28.342],[97.034,28.332],[97.02,28.32],[96.994,28.31],[96.985,28.316],[96.972,28.317],[96.95,28.333],[96.924,28.339],[96.919,28.346],[96.918,28.357],[96.908,28.365],[96.896,28.38],[96.892,28.38],[96.86,28.372],[96.85,28.362],[96.824,28.361],[96.795,28.364],[96.78,28.364],[96.772,28.368],[96.765,28.384],[96.761,28.398],[96.755,28.41],[96.749,28.416],[96.732,28.425],[96.715,28.427],[96.704,28.432],[96.68,28.446],[96.663,28.46],[96.637,28.459],[96.597,28.461],[96.578,28.458],[96.558,28.448],[96.549,28.437],[96.532,28.429],[96.518,28.418],[96.509,28.413],[96.495,28.418],[96.478,28.419],[96.457,28.414],[96.437,28.396],[96.43,28.387],[96.425,28.358],[96.421,28.346],[96.411,28.341],[96.398,28.339],[96.39,28.357],[96.378,28.359],[96.373,28.382],[96.369,28.389],[96.36,28.389],[96.318,28.381],[96.314,28.383],[96.303,28.4],[96.286,28.404],[96.266,28.405],[96.264,28.412],[96.296,28.434],[96.308,28.441],[96.334,28.458],[96.34,28.465],[96.366,28.475],[96.372,28.482],[96.37,28.492],[96.36,28.505],[96.341,28.517],[96.323,28.526],[96.334,28.534],[96.342,28.546],[96.353,28.556],[96.37,28.56],[96.4,28.558],[96.405,28.559],[96.405,28.573],[96.399,28.586],[96.406,28.59],[96.421,28.58],[96.427,28.582],[96.443,28.601],[96.472,28.618],[96.493,28.634],[96.494,28.639],[96.483,28.661],[96.47,28.68],[96.472,28.684],[96.49,28.684],[96.507,28.697],[96.521,28.704],[96.531,28.707],[96.559,28.707],[96.571,28.71],[96.585,28.717],[96.608,28.749],[96.615,28.76],[96.615,28.774],[96.607,28.794],[96.594,28.811],[96.583,28.817],[96.562,28.844],[96.559,28.852],[96.546,28.87],[96.537,28.88],[96.536,28.893],[96.538,28.917],[96.535,28.926],[96.523,28.944],[96.521,28.961],[96.513,28.967],[96.5,28.96],[96.487,28.962],[96.477,28.99],[96.488,29.007],[96.499,29.028],[96.512,29.049],[96.525,29.076],[96.519,29.075],[96.477,29.057],[96.467,29.051],[96.459,29.042],[96.436,29.034],[96.389,29.031],[96.369,29.032],[96.347,29.029],[96.322,29.009],[96.294,28.995],[96.282,28.98],[96.261,28.962],[96.256,28.956],[96.248,28.939],[96.228,28.926],[96.215,28.92],[96.186,28.909],[96.175,28.901],[96.166,28.903],[96.163,28.919],[96.145,28.934],[96.154,28.943],[96.155,28.952],[96.18,28.965],[96.185,28.975],[96.185,28.985],[96.18,28.996],[96.176,29],[96.165,29.017],[96.161,29.034],[96.151,29.05],[96.137,29.062],[96.115,29.075],[96.125,29.078],[96.17,29.085],[96.186,29.092],[96.201,29.103],[96.218,29.135],[96.228,29.144],[96.249,29.147],[96.261,29.157],[96.291,29.159],[96.308,29.166],[96.347,29.168],[96.359,29.179],[96.363,29.196],[96.372,29.215],[96.388,29.231],[96.393,29.254],[96.383,29.274],[96.376,29.281],[96.364,29.283],[96.346,29.265],[96.313,29.257],[96.294,29.233],[96.266,29.234],[96.252,29.231],[96.244,29.233],[96.235,29.241],[96.227,29.257],[96.211,29.272],[96.204,29.291],[96.184,29.307],[96.187,29.342],[96.176,29.362],[96.159,29.381],[96.151,29.397],[96.125,29.416],[96.115,29.426],[96.094,29.455],[96.082,29.462],[96.057,29.457],[96.036,29.441],[96.016,29.42],[96.004,29.41],[95.995,29.409],[95.979,29.399],[95.967,29.386],[95.958,29.381],[95.937,29.383],[95.891,29.39],[95.882,29.39],[95.86,29.366],[95.842,29.352],[95.828,29.354],[95.821,29.351],[95.804,29.338],[95.792,29.336],[95.785,29.355],[95.779,29.355],[95.767,29.343],[95.747,29.328],[95.745,29.315],[95.728,29.301],[95.717,29.297],[95.703,29.299],[95.694,29.285],[95.685,29.276],[95.675,29.27],[95.644,29.254],[95.639,29.248],[95.633,29.248],[95.607,29.261],[95.6,29.26],[95.589,29.241],[95.587,29.216],[95.546,29.214],[95.539,29.207],[95.547,29.179],[95.548,29.15],[95.548,29.127],[95.539,29.129],[95.505,29.141],[95.498,29.139],[95.493,29.122],[95.493,29.107],[95.49,29.088],[95.484,29.069],[95.475,29.064],[95.466,29.053],[95.455,29.035],[95.44,29.035],[95.423,29.039],[95.411,29.032],[95.386,29.036],[95.375,29.04],[95.347,29.044],[95.319,29.053],[95.304,29.061],[95.287,29.061],[95.268,29.056],[95.251,29.067],[95.253,29.084],[95.249,29.092],[95.252,29.109],[95.242,29.109],[95.198,29.106],[95.179,29.107],[95.147,29.114],[95.123,29.115],[95.115,29.12],[95.104,29.139],[95.1,29.143],[95.08,29.145],[95.041,29.151],[95.022,29.16],[95.007,29.17],[94.989,29.173],[94.994,29.165],[95.012,29.151],[95.027,29.133],[95.024,29.13],[95.013,29.132],[94.997,29.14],[94.973,29.155],[94.969,29.159],[94.921,29.161],[94.909,29.166],[94.895,29.175],[94.874,29.184],[94.849,29.182],[94.811,29.166],[94.8,29.164],[94.795,29.169],[94.795,29.18],[94.8,29.209],[94.793,29.226],[94.785,29.233],[94.769,29.252],[94.751,29.266],[94.739,29.282],[94.714,29.304],[94.697,29.314],[94.68,29.328],[94.669,29.332],[94.644,29.347],[94.631,29.348],[94.626,29.345],[94.626,29.337],[94.622,29.313],[94.613,29.301],[94.576,29.275],[94.575,29.25],[94.57,29.241],[94.56,29.229],[94.535,29.218],[94.497,29.216],[94.457,29.224],[94.434,29.227],[94.416,29.213],[94.379,29.194],[94.375,29.19],[94.37,29.166],[94.366,29.157],[94.353,29.15],[94.3,29.15],[94.29,29.148],[94.28,29.135],[94.26,29.117],[94.227,29.09],[94.217,29.084],[94.208,29.069],[94.187,29.039],[94.178,29.02],[94.174,29.007],[94.175,28.991],[94.169,28.981],[94.161,28.974],[94.157,28.954],[94.139,28.94],[94.081,28.905],[94.069,28.896],[94.046,28.873],[94.032,28.853],[94.017,28.851],[94.005,28.847],[93.997,28.841],[94.002,28.819],[93.988,28.806],[93.987,28.798],[94.004,28.784],[94.003,28.775],[93.992,28.765],[93.979,28.759],[93.97,28.751],[93.967,28.742],[93.967,28.723],[93.959,28.704],[93.936,28.676],[93.921,28.67],[93.906,28.676],[93.867,28.703],[93.846,28.707],[93.837,28.704],[93.821,28.694],[93.787,28.671],[93.777,28.668],[93.763,28.674],[93.749,28.683],[93.734,28.689],[93.702,28.679],[93.687,28.679],[93.671,28.672],[93.641,28.661],[93.609,28.655],[93.563,28.659],[93.536,28.658],[93.527,28.661],[93.521,28.673],[93.511,28.68],[93.498,28.684],[93.486,28.68],[93.481,28.675],[93.476,28.653],[93.469,28.652],[93.459,28.668],[93.448,28.676],[93.432,28.662],[93.414,28.653],[93.392,28.649],[93.353,28.639],[93.339,28.64],[93.335,28.633],[93.33,28.608],[93.322,28.607],[93.302,28.599],[93.3,28.592],[93.305,28.577],[93.307,28.566],[93.3,28.557],[93.291,28.543],[93.278,28.504],[93.256,28.491],[93.237,28.482],[93.231,28.478],[93.21,28.452],[93.185,28.44],[93.183,28.432],[93.192,28.426],[93.228,28.408],[93.233,28.4],[93.224,28.377],[93.221,28.361],[93.224,28.341],[93.221,28.333],[93.209,28.323],[93.195,28.317],[93.182,28.317],[93.157,28.318],[93.138,28.324],[93.127,28.326],[93.114,28.315],[93.097,28.307],[93.089,28.306],[93.074,28.309],[93.048,28.302],[93.026,28.303],[93.024,28.3],[93.036,28.263],[93.022,28.252],[93.002,28.23],[92.992,28.234],[92.988,28.251],[92.976,28.259],[92.966,28.261],[92.957,28.258],[92.944,28.248],[92.925,28.242],[92.915,28.235],[92.907,28.215],[92.897,28.204],[92.841,28.179],[92.83,28.171],[92.823,28.174],[92.82,28.184],[92.821,28.197],[92.809,28.204],[92.802,28.202],[92.785,28.183],[92.738,28.151],[92.706,28.136],[92.689,28.125],[92.682,28.118],[92.669,28.078],[92.663,28.067],[92.665,28.062],[92.683,28.058],[92.697,28.048],[92.711,28.033],[92.723,28.016],[92.729,28.001],[92.741,27.989],[92.731,27.971],[92.715,27.949],[92.703,27.933],[92.688,27.919],[92.671,27.9],[92.653,27.892],[92.622,27.884],[92.607,27.877],[92.587,27.856],[92.578,27.841],[92.562,27.82],[92.545,27.817],[92.517,27.84],[92.503,27.841],[92.494,27.836],[92.478,27.821],[92.469,27.815],[92.456,27.803],[92.445,27.8],[92.415,27.823],[92.4,27.82],[92.385,27.815],[92.381,27.795],[92.352,27.79],[92.318,27.778],[92.309,27.779],[92.286,27.807],[92.279,27.825],[92.269,27.854],[92.257,27.862],[92.236,27.862],[92.202,27.857],[92.173,27.843],[92.158,27.837],[92.122,27.81],[92.086,27.78],[92.057,27.759],[92.04,27.757],[92.002,27.767],[91.986,27.77],[91.968,27.751],[91.958,27.75],[91.947,27.728],[91.936,27.721],[91.921,27.715],[91.91,27.726],[91.904,27.727],[91.881,27.722],[91.872,27.734],[91.863,27.737],[91.853,27.765],[91.847,27.776],[91.836,27.78],[91.831,27.797],[91.83,27.807],[91.826,27.81],[91.817,27.803],[91.806,27.809],[91.773,27.801],[91.749,27.803],[91.712,27.813],[91.696,27.822],[91.682,27.844],[91.672,27.857],[91.664,27.858],[91.644,27.854],[91.624,27.858],[91.61,27.854],[91.597,27.862],[91.587,27.856],[91.58,27.862],[91.572,27.861],[91.567,27.853],[91.561,27.852],[91.555,27.859],[91.546,27.856],[91.548,27.847],[91.568,27.815],[91.575,27.813],[91.587,27.819],[91.601,27.821],[91.618,27.811],[91.631,27.801],[91.633,27.772],[91.642,27.765],[91.642,27.758],[91.632,27.747],[91.631,27.732],[91.626,27.715],[91.626,27.706],[91.618,27.702],[91.612,27.693],[91.605,27.695],[91.601,27.687],[91.594,27.683],[91.592,27.672],[91.569,27.652],[91.56,27.633],[91.565,27.62],[91.578,27.608],[91.579,27.599],[91.564,27.584],[91.569,27.575],[91.584,27.562],[91.596,27.539],[91.607,27.544],[91.611,27.541],[91.622,27.513],[91.641,27.503],[91.646,27.499],[91.649,27.485],[91.655,27.483],[91.676,27.494],[91.685,27.502],[91.692,27.503],[91.702,27.495],[91.712,27.491],[91.716,27.473],[91.722,27.47],[91.735,27.47],[91.744,27.474],[91.758,27.473],[91.764,27.466],[91.775,27.464],[91.79,27.469],[91.811,27.472],[91.83,27.469],[91.851,27.482],[91.865,27.482],[91.874,27.473],[91.892,27.473],[91.9,27.468],[91.91,27.471],[91.924,27.471],[91.941,27.46],[91.956,27.461],[91.967,27.466],[91.98,27.465],[91.991,27.474],[92.013,27.481],[92.02,27.479],[92.021,27.468],[92.018,27.458],[92.021,27.447],[92.025,27.441],[92.04,27.436],[92.045,27.425],[92.043,27.412],[92.056,27.4],[92.047,27.379],[92.05,27.358],[92.061,27.345],[92.06,27.327],[92.079,27.31],[92.104,27.301],[92.118,27.292],[92.122,27.287],[92.12,27.275],[92.103,27.269],[92.096,27.272],[92.084,27.271],[92.071,27.277],[92.05,27.271],[92.041,27.266],[92.041,27.261],[92.053,27.251],[92.067,27.244],[92.071,27.223],[92.068,27.214],[92.058,27.202],[92.057,27.189],[92.052,27.184],[92.042,27.181],[92.026,27.171],[92.025,27.154],[92.037,27.138],[92.023,27.114],[92.028,27.097],[92.028,27.078],[92.037,27.07],[92.034,27.064],[92.042,27.06],[92.046,27.051],[92.065,27.052],[92.077,27.039],[92.08,27.02],[92.104,27.007],[92.103,26.982],[92.105,26.977],[92.114,26.975],[92.118,26.959],[92.112,26.949],[92.117,26.932],[92.109,26.907],[92.108,26.893],[92.112,26.892],[92.12,26.889],[92.17,26.892],[92.195,26.89],[92.238,26.906],[92.255,26.91],[92.276,26.902],[92.303,26.907],[92.303,26.923],[92.323,26.928],[92.363,26.935],[92.367,26.929],[92.398,26.925],[92.412,26.943],[92.426,26.941],[92.447,26.959],[92.493,26.963],[92.503,26.963],[92.554,26.958],[92.579,26.959],[92.589,26.962],[92.645,26.987],[92.667,27.027],[92.677,27.032],[92.698,27.023],[92.713,27.023],[92.723,27.018],[92.733,27.023],[92.753,27.023],[92.763,27.027],[92.778,27.023],[92.793,27.023],[92.824,27.009],[92.839,27.005],[92.857,27.002],[92.884,27],[92.889,26.999],[92.918,26.982],[92.915,26.974],[92.917,26.963],[92.984,26.935],[93.021,26.914],[93.063,26.922],[93.088,26.914],[93.107,26.926],[93.142,26.931],[93.179,26.937],[93.203,26.944],[93.262,26.954],[93.298,26.956],[93.324,26.96],[93.38,26.959],[93.449,26.951],[93.462,26.938],[93.471,26.937],[93.486,26.942],[93.489,26.936],[93.507,26.944],[93.525,26.949],[93.541,26.949],[93.56,26.953],[93.587,26.951],[93.615,26.96],[93.627,26.963],[93.657,26.966],[93.676,26.975],[93.694,26.989],[93.702,27.001],[93.715,27.014],[93.734,27.026],[93.743,27.028],[93.768,27.04],[93.768,27.052],[93.776,27.054],[93.789,27.051],[93.795,27.057],[93.811,27.06],[93.822,27.068],[93.829,27.067],[93.836,27.074],[93.835,27.086],[93.827,27.096],[93.827,27.112],[93.821,27.122],[93.812,27.122],[93.813,27.129],[93.803,27.133],[93.805,27.148],[93.825,27.169],[93.837,27.172],[93.866,27.2],[93.884,27.22],[93.899,27.239],[93.926,27.263],[93.955,27.293],[93.966,27.303],[93.991,27.328],[94.022,27.345],[94.04,27.352],[94.068,27.372],[94.075,27.389],[94.09,27.407],[94.105,27.414],[94.118,27.43],[94.128,27.435],[94.131,27.44],[94.142,27.447],[94.159,27.462],[94.157,27.475],[94.164,27.477],[94.185,27.487],[94.187,27.492],[94.201,27.495],[94.21,27.493],[94.214,27.5],[94.221,27.505],[94.241,27.513],[94.268,27.521],[94.26,27.532],[94.257,27.54],[94.259,27.556],[94.247,27.57],[94.236,27.569],[94.224,27.577],[94.224,27.591],[94.226,27.598],[94.211,27.602],[94.222,27.611],[94.237,27.632],[94.262,27.636],[94.267,27.63],[94.256,27.611],[94.272,27.603],[94.276,27.59],[94.288,27.589],[94.29,27.596],[94.302,27.601],[94.308,27.591],[94.333,27.587],[94.338,27.581],[94.345,27.582],[94.351,27.577],[94.37,27.575],[94.392,27.589],[94.402,27.585],[94.418,27.598],[94.432,27.6],[94.432,27.591],[94.44,27.581],[94.451,27.572],[94.456,27.56],[94.462,27.555],[94.478,27.576],[94.499,27.572],[94.502,27.578],[94.521,27.585],[94.522,27.592],[94.536,27.593],[94.545,27.601],[94.554,27.601],[94.562,27.605],[94.571,27.603],[94.587,27.618],[94.607,27.619],[94.623,27.628],[94.633,27.624],[94.64,27.628],[94.646,27.638],[94.662,27.645],[94.686,27.649],[94.684,27.661],[94.703,27.66],[94.709,27.657],[94.717,27.658],[94.721,27.667],[94.741,27.66],[94.754,27.661],[94.763,27.668],[94.769,27.68],[94.778,27.68],[94.792,27.688],[94.797,27.696],[94.808,27.692],[94.821,27.692],[94.829,27.695],[94.848,27.706],[94.848,27.717],[94.852,27.728],[94.922,27.75],[94.997,27.772],[95.033,27.784],[95.249,27.85],[95.309,27.868],[95.379,27.839],[95.491,27.873],[95.515,27.88],[95.522,27.883],[95.534,27.898],[95.545,27.901],[95.543,27.908],[95.564,27.92],[95.565,27.929],[95.574,27.94],[95.585,27.937],[95.591,27.944],[95.605,27.955],[95.738,27.965],[95.824,27.972],[95.894,27.967],[95.97,27.963],[95.965,27.953],[95.954,27.941],[95.949,27.938],[95.948,27.924],[95.953,27.92],[95.938,27.913],[95.928,27.895],[95.92,27.896],[95.914,27.876],[95.904,27.862],[95.896,27.862],[95.888,27.857],[95.884,27.846],[95.87,27.833],[95.854,27.83],[95.838,27.824],[95.838,27.811],[95.826,27.809],[95.817,27.803],[95.805,27.786],[95.8,27.774],[95.789,27.762],[95.776,27.754],[95.779,27.733],[95.766,27.727],[95.754,27.726],[95.754,27.719],[95.762,27.715],[95.768,27.703],[95.764,27.694],[95.768,27.687],[95.785,27.685],[95.79,27.68],[95.775,27.674],[95.77,27.658],[95.774,27.651],[95.79,27.645],[95.795,27.639],[95.788,27.635],[95.789,27.626],[95.779,27.625],[95.778,27.619],[95.79,27.612],[95.792,27.598],[95.805,27.601],[95.818,27.596],[95.812,27.582],[95.814,27.574],[95.823,27.575],[95.83,27.563],[95.842,27.561],[95.862,27.544],[95.876,27.547],[95.878,27.519],[95.876,27.513],[95.879,27.497],[95.873,27.491],[95.874,27.481],[95.871,27.467],[95.857,27.462],[95.853,27.457],[95.857,27.447],[95.849,27.441],[95.842,27.427],[95.853,27.411],[95.857,27.419],[95.871,27.427],[95.876,27.435],[95.885,27.434],[95.884,27.414],[95.891,27.401],[95.899,27.414],[95.9,27.422],[95.91,27.435],[95.918,27.435],[95.929,27.439],[95.941,27.437],[95.951,27.424],[95.958,27.428],[95.974,27.422],[95.973,27.412],[95.983,27.412],[95.996,27.395],[95.998,27.388],[96.018,27.37],[96.007,27.361],[95.989,27.357],[95.987,27.346],[95.972,27.337],[95.972,27.328],[95.958,27.31],[95.947,27.304],[95.93,27.3],[95.918,27.291],[95.907,27.289],[95.904,27.276],[95.895,27.269],[95.894,27.257],[95.881,27.256],[95.869,27.26],[95.855,27.273],[95.852,27.287],[95.808,27.275],[95.799,27.277],[95.794,27.282],[95.777,27.271],[95.765,27.267],[95.757,27.269],[95.742,27.267],[95.735,27.261],[95.728,27.26],[95.72,27.25],[95.701,27.249],[95.692,27.253],[95.68,27.251],[95.675,27.247],[95.632,27.23],[95.619,27.233],[95.604,27.224],[95.587,27.223],[95.574,27.235],[95.575,27.243],[95.555,27.249],[95.545,27.26],[95.534,27.264],[95.525,27.264],[95.518,27.258],[95.507,27.26],[95.504,27.249],[95.484,27.241],[95.477,27.227],[95.456,27.204],[95.46,27.192],[95.466,27.183],[95.46,27.177],[95.466,27.167],[95.453,27.157],[95.462,27.15],[95.458,27.138],[95.443,27.135],[95.437,27.126],[95.421,27.126],[95.398,27.109],[95.384,27.105],[95.383,27.098],[95.375,27.093],[95.365,27.108],[95.355,27.104],[95.329,27.088],[95.317,27.083],[95.3,27.07],[95.292,27.067],[95.278,27.055],[95.275,27.042],[95.261,27.036],[95.246,27.024],[95.24,27.036],[95.233,27.037],[95.211,27.03],[95.203,27.036],[95.195,27.031],[95.197,27.002],[95.191,26.985],[95.201,26.977],[95.203,26.971],[95.211,26.966],[95.202,26.958],[95.209,26.949],[95.207,26.942],[95.212,26.93],[95.226,26.926],[95.232,26.92],[95.229,26.908],[95.232,26.903],[95.229,26.896],[95.23,26.884],[95.221,26.881],[95.215,26.884],[95.2,26.871],[95.186,26.866],[95.182,26.861],[95.187,26.848],[95.204,26.844],[95.198,26.839],[95.197,26.823],[95.205,26.805],[95.212,26.798],[95.215,26.79],[95.229,26.785],[95.238,26.786],[95.235,26.777],[95.228,26.775],[95.231,26.765],[95.216,26.756],[95.219,26.746],[95.21,26.731],[95.227,26.716],[95.226,26.71],[95.233,26.706],[95.23,26.694],[95.234,26.682]]]},"properties":{"ST_NM":"Arunachal Pradesh","id":"arunachal-pradesh"}},{"type":"Feature","geometry":{"type":"Polygon","coordinates":[[[95.195,27.031],[95.203,27.036],[95.211,27.03],[95.233,27.037],[95.24,27.036],[95.246,27.024],[95.261,27.036],[95.275,27.042],[95.278,27.055],[95.292,27.067],[95.3,27.07],[95.317,27.083],[95.329,27.088],[95.355,27.104],[95.365,27.108],[95.375,27.093],[95.383,27.098],[95.384,27.105],[95.398,27.109],[95.421,27.126],[95.437,27.126],[95.443,27.135],[95.458,27.138],[95.462,27.15],[95.453,27.157],[95.466,27.167],[95.46,27.177],[95.466,27.183],[95.46,27.192],[95.456,27.204],[95.477,27.227],[95.484,27.241],[95.504,27.249],[95.507,27.26],[95.518,27.258],[95.525,27.264],[95.534,27.264],[95.545,27.26],[95.555,27.249],[95.575,27.243],[95.574,27.235],[95.587,27.223],[95.604,27.224],[95.619,27.233],[95.632,27.23],[95.675,27.247],[95.68,27.251],[95.692,27.253],[95.701,27.249],[95.72,27.25],[95.728,27.26],[95.735,27.261],[95.742,27.267],[95.757,27.269],[95.765,27.267],[95.777,27.271],[95.794,27.282],[95.799,27.277],[95.808,27.275],[95.852,27.287],[95.855,27.273],[95.869,27.26],[95.881,27.256],[95.894,27.257],[95.895,27.269],[95.904,27.276],[95.907,27.289],[95.918,27.291],[95.93,27.3],[95.947,27.304],[95.958,27.31],[95.972,27.328],[95.972,27.337],[95.987,27.346],[95.989,27.357],[96.007,27.361],[96.018,27.37],[95.998,27.388],[95.996,27.395],[95.983,27.412],[95.973,27.412],[95.974,27.422],[95.958,27.428],[95.951,27.424],[95.941,27.437],[95.929,27.439],[95.918,27.435],[95.91,27.435],[95.9,27.422],[95.899,27.414],[95.891,27.401],[95.884,27.414],[95.885,27.434],[95.876,27.435],[95.871,27.427],[95.857,27.419],[95.853,27.411],[95.842,27.427],[95.849,27.441],[95.857,27.447],[95.853,27.457],[95.857,27.462],[95.871,27.467],[95.874,27.481],[95.873,27.491],[95.879,27.497],[95.876,27.513],[95.878,27.519],[95.876,27.547],[95.862,27.544],[95.842,27.561],[95.83,27.563],[95.823,27.575],[95.814,27.574],[95.812,27.582],[95.818,27.596],[95.805,27.601],[95.792,27.598],[95.79,27.612],[95.778,27.619],[95.779,27.625],[95.789,27.626],[95.788,27.635],[95.795,27.639],[95.79,27.645],[95.774,27.651],[95.77,27.658],[95.775,27.674],[95.79,27.68],[95.785,27.685],[95.768,27.687],[95.764,27.694],[95.768,27.703],[95.762,27.715],[95.754,27.719],[95.754,27.726],[95.766,27.727],[95.779,27.733],[95.776,27.754],[95.789,27.762],[95.8,27.774],[95.805,27.786],[95.817,27.803],[95.826,27.809],[95.838,27.811],[95.838,27.824],[95.854,27.83],[95.87,27.833],[95.884,27.846],[95.888,27.857],[95.896,27.862],[95.904,27.862],[95.914,27.876],[95.92,27.896],[95.928,27.895],[95.938,27.913],[95.953,27.92],[95.948,27.924],[95.949,27.938],[95.954,27.941],[95.965,27.953],[95.97,27.963],[95.894,27.967],[95.824,27.972],[95.738,27.965],[95.605,27.955],[95.591,27.944],[95.585,27.937],[95.574,27.94],[95.565,27.929],[95.564,27.92],[95.543,27.908],[95.545,27.901],[95.534,27.898],[95.522,27.883],[95.515,27.88],[95.491,27.873],[95.379,27.839],[95.309,27.868],[95.249,27.85],[95.033,27.784],[94.997,27.772],[94.922,27.75],[94.852,27.728],[94.848,27.717],[94.848,27.706],[94.829,27.695],[94.821,27.692],[94.808,27.692],[94.797,27.696],[94.792,27.688],[94.778,27.68],[94.769,27.68],[94.763,27.668],[94.754,27.661],[94.741,27.66],[94.721,27.667],[94.717,27.658],[94.709,27.657],[94.703,27.66],[94.684,27.661],[94.686,27.649],[94.662,27.645],[94.646,27.638],[94.64,27.628],[94.633,27.624],[94.623,27.628],[94.607,27.619],[94.587,27.618],[94.571,27.603],[94.562,27.605],[94.554,27.601],[94.545,27.601],[94.536,27.593],[94.522,27.592],[94.521,27.585],[94.502,27.578],[94.499,27.572],[94.478,27.576],[94.462,27.555],[94.456,27.56],[94.451,27.572],[94.44,27.581],[94.432,27.591],[94.432,27.6],[94.418,27.598],[94.402,27.585],[94.392,27.589],[94.37,27.575],[94.351,27.577],[94.345,27.582],[94.338,27.581],[94.333,27.587],[94.308,27.591],[94.302,27.601],[94.29,27.596],[94.288,27.589],[94.276,27.59],[94.272,27.603],[94.256,27.611],[94.267,27.63],[94.262,27.636],[94.237,27.632],[94.222,27.611],[94.211,27.602],[94.226,27.598],[94.224,27.591],[94.224,27.577],[94.236,27.569],[94.247,27.57],[94.259,27.556],[94.257,27.54],[94.26,27.532],[94.268,27.521],[94.241,27.513],[94.221,27.505],[94.214,27.5],[94.21,27.493],[94.201,27.495],[94.187,27.492],[94.185,27.487],[94.164,27.477],[94.157,27.475],[94.159,27.462],[94.142,27.447],[94.131,27.44],[94.128,27.435],[94.118,27.43],[94.105,27.414],[94.09,27.407],[94.075,27.389],[94.068,27.372],[94.04,27.352],[94.022,27.345],[93.991,27.328],[93.966,27.303],[93.955,27.293],[93.926,27.263],[93.899,27.239],[93.884,27.22],[93.866,27.2],[93.837,27.172],[93.825,27.169],[93.805,27.148],[93.803,27.133],[93.813,27.129],[93.812,27.122],[93.821,27.122],[93.827,27.112],[93.827,27.096],[93.835,27.086],[93.836,27.074],[93.829,27.067],[93.822,27.068],[93.811,27.06],[93.795,27.057],[93.789,27.051],[93.776,27.054],[93.768,27.052],[93.768,27.04],[93.743,27.028],[93.734,27.026],[93.715,27.014],[93.702,27.001],[93.694,26.989],[93.676,26.975],[93.657,26.966],[93.627,26.963],[93.615,26.96],[93.587,26.951],[93.56,26.953],[93.541,26.949],[93.525,26.949],[93.507,26.944],[93.489,26.936],[93.486,26.942],[93.471,26.937],[93.462,26.938],[93.449,26.951],[93.38,26.959],[93.324,26.96],[93.298,26.956],[93.262,26.954],[93.203,26.944],[93.179,26.937],[93.142,26.931],[93.107,26.926],[93.088,26.914],[93.063,26.922],[93.021,26.914],[92.984,26.935],[92.917,26.963],[92.915,26.974],[92.918,26.982],[92.889,26.999],[92.884,27],[92.857,27.002],[92.839,27.005],[92.824,27.009],[92.793,27.023],[92.778,27.023],[92.763,27.027],[92.753,27.023],[92.733,27.023],[92.723,27.018],[92.713,27.023],[92.698,27.023],[92.677,27.032],[92.667,27.027],[92.645,26.987],[92.589,26.962],[92.579,26.959],[92.554,26.958],[92.503,26.963],[92.493,26.963],[92.447,26.959],[92.426,26.941],[92.412,26.943],[92.398,26.925],[92.367,26.929],[92.363,26.935],[92.323,26.928],[92.303,26.923],[92.303,26.907],[92.276,26.902],[92.255,26.91],[92.238,26.906],[92.195,26.89],[92.17,26.892],[92.12,26.889],[92.112,26.892],[92.102,26.881],[92.102,26.867],[92.056,26.847],[92.017,26.85],[91.984,26.858],[91.97,26.87],[91.964,26.882],[91.944,26.895],[91.893,26.919],[91.885,26.916],[91.859,26.913],[91.824,26.864],[91.781,26.843],[91.721,26.812],[91.705,26.813],[91.69,26.807],[91.626,26.821],[91.593,26.805],[91.543,26.798],[91.495,26.791],[91.464,26.802],[91.446,26.813],[91.408,26.84],[91.376,26.795],[91.337,26.781],[91.298,26.787],[91.277,26.8],[91.237,26.812],[91.193,26.813],[91.146,26.811],[91.098,26.822],[91.054,26.781],[90.991,26.791],[90.959,26.784],[90.957,26.788],[90.88,26.781],[90.811,26.776],[90.742,26.775],[90.717,26.768],[90.693,26.771],[90.676,26.784],[90.646,26.777],[90.634,26.794],[90.584,26.804],[90.546,26.817],[90.49,26.855],[90.418,26.904],[90.357,26.901],[90.35,26.889],[90.348,26.875],[90.3,26.848],[90.284,26.853],[90.25,26.859],[90.231,26.859],[90.201,26.835],[90.188,26.807],[90.195,26.774],[90.14,26.754],[90.074,26.736],[90.049,26.73],[90.008,26.732],[89.967,26.723],[89.898,26.724],[89.862,26.737],[89.864,26.731],[89.862,26.715],[89.863,26.701],[89.852,26.697],[89.863,26.681],[89.863,26.665],[89.859,26.655],[89.865,26.649],[89.857,26.634],[89.85,26.628],[89.855,26.615],[89.87,26.614],[89.87,26.602],[89.866,26.589],[89.874,26.585],[89.858,26.576],[89.862,26.555],[89.857,26.542],[89.859,26.533],[89.852,26.523],[89.854,26.5],[89.85,26.491],[89.857,26.485],[89.862,26.469],[89.87,26.464],[89.869,26.452],[89.861,26.447],[89.854,26.434],[89.854,26.426],[89.848,26.422],[89.856,26.414],[89.839,26.412],[89.829,26.404],[89.828,26.395],[89.838,26.391],[89.846,26.405],[89.855,26.397],[89.856,26.385],[89.833,26.385],[89.825,26.382],[89.827,26.371],[89.821,26.365],[89.824,26.356],[89.818,26.352],[89.811,26.358],[89.82,26.368],[89.813,26.372],[89.798,26.36],[89.792,26.36],[89.781,26.353],[89.779,26.346],[89.783,26.333],[89.759,26.317],[89.75,26.32],[89.754,26.302],[89.76,26.292],[89.751,26.289],[89.743,26.295],[89.734,26.293],[89.722,26.299],[89.718,26.296],[89.736,26.275],[89.738,26.269],[89.731,26.258],[89.72,26.257],[89.713,26.262],[89.715,26.27],[89.705,26.269],[89.703,26.257],[89.718,26.256],[89.717,26.247],[89.732,26.24],[89.726,26.232],[89.714,26.229],[89.713,26.212],[89.726,26.218],[89.734,26.21],[89.727,26.205],[89.718,26.206],[89.719,26.192],[89.713,26.187],[89.7,26.188],[89.703,26.177],[89.714,26.172],[89.723,26.177],[89.727,26.167],[89.72,26.166],[89.725,26.155],[89.742,26.16],[89.747,26.158],[89.753,26.148],[89.754,26.14],[89.763,26.137],[89.766,26.127],[89.755,26.113],[89.77,26.105],[89.779,26.108],[89.784,26.105],[89.786,26.097],[89.782,26.089],[89.795,26.089],[89.791,26.079],[89.797,26.069],[89.799,26.06],[89.786,26.057],[89.785,26.048],[89.793,26.042],[89.812,26.04],[89.815,26.03],[89.819,26.026],[89.815,26.019],[89.821,26.012],[89.819,26.003],[89.821,25.987],[89.836,25.982],[89.831,26.002],[89.835,26.013],[89.844,26.006],[89.851,25.989],[89.867,25.983],[89.873,25.976],[89.859,25.969],[89.842,25.97],[89.847,25.957],[89.843,25.951],[89.833,25.955],[89.825,25.946],[89.848,25.943],[89.864,25.944],[89.876,25.947],[89.887,25.945],[89.877,25.926],[89.878,25.924],[89.848,25.892],[89.849,25.888],[89.833,25.87],[89.836,25.859],[89.836,25.842],[89.827,25.833],[89.817,25.815],[89.826,25.811],[89.831,25.791],[89.839,25.775],[89.841,25.761],[89.836,25.751],[89.827,25.741],[89.827,25.733],[89.833,25.718],[89.838,25.715],[89.849,25.715],[89.852,25.708],[89.847,25.696],[89.859,25.679],[89.862,25.669],[89.871,25.663],[89.881,25.629],[89.882,25.619],[89.879,25.602],[89.873,25.588],[89.876,25.581],[89.867,25.562],[89.866,25.546],[89.851,25.539],[89.86,25.517],[89.858,25.507],[89.851,25.494],[89.848,25.479],[89.854,25.467],[89.871,25.476],[89.877,25.496],[89.874,25.507],[89.885,25.508],[89.884,25.514],[89.878,25.52],[89.869,25.522],[89.868,25.53],[89.876,25.537],[89.878,25.55],[89.885,25.555],[89.905,25.56],[89.912,25.563],[89.937,25.565],[89.946,25.57],[89.96,25.575],[89.973,25.574],[89.978,25.587],[89.989,25.591],[89.996,25.586],[90.003,25.587],[90.02,25.608],[90.01,25.616],[90.004,25.627],[89.997,25.623],[89.983,25.628],[89.979,25.639],[89.953,25.654],[89.947,25.662],[89.944,25.679],[89.936,25.69],[89.924,25.695],[89.919,25.705],[89.913,25.709],[89.905,25.722],[89.896,25.732],[89.895,25.745],[89.9,25.747],[89.923,25.739],[89.937,25.745],[89.935,25.753],[89.941,25.756],[89.955,25.768],[89.959,25.782],[89.954,25.788],[89.958,25.802],[89.956,25.811],[89.948,25.815],[89.951,25.821],[89.962,25.82],[89.965,25.826],[89.978,25.828],[89.981,25.836],[89.993,25.835],[90.004,25.839],[90.007,25.845],[90.016,25.851],[90.022,25.86],[90.024,25.867],[90.006,25.879],[90.024,25.896],[90.042,25.895],[90.056,25.901],[90.055,25.905],[90.067,25.913],[90.086,25.92],[90.085,25.925],[90.094,25.929],[90.098,25.938],[90.105,25.942],[90.108,25.95],[90.117,25.957],[90.122,25.955],[90.132,25.959],[90.138,25.957],[90.152,25.967],[90.157,25.958],[90.166,25.956],[90.177,25.959],[90.181,25.949],[90.187,25.947],[90.193,25.956],[90.203,25.961],[90.21,25.96],[90.211,25.953],[90.247,25.957],[90.284,25.963],[90.327,25.974],[90.331,25.988],[90.34,25.988],[90.35,26.004],[90.372,26.011],[90.4,26.013],[90.405,26.009],[90.417,25.992],[90.43,25.989],[90.476,26.01],[90.497,25.997],[90.51,25.981],[90.52,25.971],[90.535,25.95],[90.534,25.939],[90.521,25.926],[90.518,25.916],[90.508,25.902],[90.515,25.896],[90.526,25.905],[90.549,25.916],[90.549,25.921],[90.577,25.937],[90.58,25.951],[90.585,25.957],[90.6,25.955],[90.605,25.947],[90.624,25.939],[90.623,25.935],[90.612,25.926],[90.607,25.915],[90.614,25.899],[90.625,25.898],[90.631,25.906],[90.626,25.91],[90.628,25.918],[90.639,25.923],[90.673,25.935],[90.688,25.949],[90.714,25.952],[90.724,25.947],[90.743,25.958],[90.748,25.95],[90.74,25.939],[90.746,25.929],[90.748,25.919],[90.755,25.92],[90.764,25.908],[90.778,25.909],[90.781,25.911],[90.784,25.925],[90.796,25.941],[90.809,25.948],[90.826,25.949],[90.836,25.944],[90.848,25.944],[90.875,25.943],[90.872,25.948],[90.885,25.95],[90.894,25.931],[90.905,25.929],[90.912,25.92],[90.916,25.931],[90.916,25.944],[90.934,25.94],[90.94,25.947],[90.959,25.931],[90.967,25.914],[90.969,25.904],[90.966,25.889],[90.976,25.89],[90.997,25.888],[91.011,25.884],[91.025,25.889],[91.03,25.886],[91.028,25.869],[91.014,25.857],[91.015,25.848],[91.002,25.825],[91.006,25.82],[91.022,25.824],[91.032,25.835],[91.039,25.837],[91.047,25.849],[91.07,25.848],[91.073,25.84],[91.059,25.837],[91.049,25.829],[91.062,25.821],[91.067,25.826],[91.083,25.83],[91.12,25.833],[91.129,25.843],[91.136,25.843],[91.147,25.851],[91.16,25.85],[91.18,25.844],[91.189,25.852],[91.203,25.844],[91.195,25.828],[91.186,25.818],[91.19,25.812],[91.184,25.799],[91.182,25.784],[91.178,25.777],[91.185,25.772],[91.189,25.764],[91.189,25.751],[91.21,25.726],[91.222,25.723],[91.245,25.733],[91.264,25.746],[91.274,25.751],[91.289,25.766],[91.29,25.772],[91.302,25.787],[91.322,25.822],[91.334,25.833],[91.336,25.841],[91.365,25.84],[91.373,25.847],[91.381,25.846],[91.402,25.851],[91.423,25.854],[91.437,25.843],[91.445,25.84],[91.449,25.845],[91.469,25.859],[91.478,25.857],[91.483,25.864],[91.514,25.864],[91.522,25.873],[91.531,25.875],[91.533,25.888],[91.525,25.891],[91.521,25.884],[91.521,25.875],[91.511,25.865],[91.492,25.866],[91.475,25.87],[91.478,25.888],[91.484,25.893],[91.499,25.896],[91.508,25.909],[91.52,25.917],[91.518,25.92],[91.506,25.914],[91.501,25.919],[91.503,25.927],[91.514,25.933],[91.52,25.94],[91.518,25.953],[91.522,25.96],[91.535,25.962],[91.538,25.972],[91.551,25.977],[91.551,25.984],[91.557,25.992],[91.564,26.008],[91.572,26.016],[91.571,26.026],[91.58,26.033],[91.6,26.022],[91.62,26.026],[91.63,26.023],[91.635,26.013],[91.628,26.001],[91.626,25.989],[91.628,25.976],[91.641,25.964],[91.636,25.962],[91.629,25.947],[91.611,25.945],[91.609,25.937],[91.621,25.932],[91.641,25.917],[91.651,25.907],[91.665,25.907],[91.671,25.904],[91.679,25.916],[91.689,25.924],[91.702,25.939],[91.713,25.946],[91.72,25.954],[91.721,25.988],[91.721,26.012],[91.725,26.018],[91.723,26.036],[91.725,26.046],[91.735,26.052],[91.733,26.061],[91.751,26.066],[91.763,26.075],[91.778,26.09],[91.786,26.084],[91.791,26.085],[91.8,26.1],[91.806,26.099],[91.821,26.118],[91.831,26.119],[91.841,26.111],[91.85,26.109],[91.868,26.1],[91.879,26.098],[91.876,26.076],[91.873,26.068],[91.87,26.053],[91.874,26.037],[91.883,26.026],[91.889,26.028],[91.902,26.022],[91.915,26.021],[91.91,26.013],[91.92,25.998],[91.928,26.003],[91.934,26.01],[91.983,26.026],[91.989,26.038],[92.004,26.036],[92.018,26.039],[92.034,26.039],[92.048,26.033],[92.064,26.034],[92.092,26.048],[92.108,26.051],[92.121,26.044],[92.132,26.044],[92.134,26.053],[92.143,26.056],[92.153,26.067],[92.169,26.078],[92.179,26.069],[92.209,26.07],[92.237,26.063],[92.258,26.064],[92.27,26.048],[92.263,26.033],[92.253,26.029],[92.244,26.018],[92.228,26.009],[92.204,26.001],[92.196,25.991],[92.188,25.985],[92.18,25.984],[92.175,25.974],[92.164,25.97],[92.164,25.959],[92.152,25.944],[92.16,25.935],[92.16,25.925],[92.157,25.915],[92.175,25.907],[92.186,25.917],[92.201,25.908],[92.217,25.912],[92.223,25.911],[92.22,25.9],[92.214,25.895],[92.199,25.889],[92.187,25.877],[92.177,25.873],[92.177,25.852],[92.171,25.841],[92.161,25.83],[92.16,25.82],[92.151,25.816],[92.149,25.806],[92.15,25.794],[92.146,25.783],[92.148,25.773],[92.155,25.751],[92.163,25.744],[92.162,25.737],[92.154,25.725],[92.148,25.726],[92.144,25.718],[92.148,25.71],[92.155,25.706],[92.156,25.69],[92.16,25.684],[92.156,25.672],[92.164,25.667],[92.188,25.685],[92.196,25.686],[92.216,25.704],[92.225,25.716],[92.239,25.711],[92.255,25.713],[92.264,25.709],[92.282,25.717],[92.293,25.717],[92.312,25.728],[92.318,25.722],[92.333,25.724],[92.344,25.729],[92.355,25.74],[92.364,25.737],[92.373,25.75],[92.398,25.741],[92.404,25.744],[92.415,25.741],[92.412,25.73],[92.43,25.732],[92.433,25.727],[92.444,25.72],[92.448,25.709],[92.438,25.706],[92.44,25.692],[92.45,25.685],[92.463,25.681],[92.47,25.675],[92.497,25.624],[92.506,25.616],[92.534,25.615],[92.539,25.612],[92.553,25.615],[92.556,25.61],[92.555,25.586],[92.559,25.58],[92.557,25.571],[92.572,25.557],[92.582,25.558],[92.585,25.551],[92.6,25.555],[92.602,25.562],[92.623,25.566],[92.63,25.572],[92.635,25.583],[92.642,25.589],[92.653,25.591],[92.659,25.578],[92.657,25.561],[92.647,25.558],[92.643,25.549],[92.643,25.535],[92.632,25.528],[92.618,25.515],[92.609,25.512],[92.574,25.491],[92.564,25.474],[92.566,25.463],[92.579,25.471],[92.585,25.466],[92.59,25.47],[92.6,25.465],[92.598,25.45],[92.605,25.448],[92.603,25.435],[92.607,25.427],[92.604,25.421],[92.609,25.414],[92.618,25.423],[92.652,25.429],[92.653,25.417],[92.662,25.406],[92.667,25.415],[92.674,25.414],[92.678,25.407],[92.688,25.402],[92.7,25.385],[92.71,25.385],[92.717,25.373],[92.721,25.378],[92.731,25.38],[92.734,25.368],[92.746,25.358],[92.749,25.345],[92.762,25.333],[92.769,25.338],[92.782,25.333],[92.787,25.314],[92.781,25.308],[92.788,25.289],[92.792,25.284],[92.788,25.274],[92.779,25.273],[92.768,25.267],[92.778,25.258],[92.775,25.252],[92.766,25.252],[92.762,25.247],[92.77,25.237],[92.772,25.23],[92.782,25.23],[92.789,25.225],[92.801,25.22],[92.803,25.216],[92.795,25.21],[92.786,25.209],[92.775,25.2],[92.768,25.204],[92.755,25.202],[92.743,25.207],[92.737,25.201],[92.716,25.196],[92.701,25.187],[92.694,25.179],[92.677,25.183],[92.658,25.172],[92.658,25.159],[92.653,25.153],[92.637,25.147],[92.628,25.137],[92.629,25.126],[92.622,25.116],[92.616,25.116],[92.605,25.124],[92.595,25.122],[92.588,25.129],[92.578,25.131],[92.568,25.128],[92.549,25.131],[92.525,25.135],[92.523,25.126],[92.539,25.101],[92.518,25.106],[92.506,25.105],[92.497,25.11],[92.481,25.109],[92.477,25.101],[92.479,25.086],[92.475,25.082],[92.469,25.066],[92.463,25.058],[92.457,25.054],[92.464,25.043],[92.46,25.037],[92.438,25.044],[92.438,25.035],[92.432,25.035],[92.425,25.03],[92.424,25.01],[92.416,24.992],[92.422,24.988],[92.418,24.966],[92.422,24.965],[92.442,24.966],[92.446,24.964],[92.459,24.971],[92.468,24.963],[92.466,24.957],[92.456,24.955],[92.448,24.947],[92.451,24.939],[92.464,24.941],[92.488,24.944],[92.484,24.931],[92.487,24.921],[92.495,24.916],[92.493,24.906],[92.497,24.902],[92.491,24.892],[92.492,24.878],[92.488,24.871],[92.479,24.873],[92.476,24.868],[92.462,24.873],[92.443,24.871],[92.441,24.859],[92.437,24.856],[92.424,24.853],[92.408,24.859],[92.403,24.849],[92.387,24.851],[92.378,24.863],[92.374,24.874],[92.364,24.872],[92.355,24.88],[92.35,24.889],[92.344,24.88],[92.339,24.878],[92.329,24.888],[92.327,24.896],[92.316,24.895],[92.307,24.902],[92.307,24.909],[92.299,24.916],[92.287,24.912],[92.282,24.906],[92.247,24.909],[92.237,24.903],[92.236,24.892],[92.245,24.885],[92.246,24.868],[92.238,24.869],[92.242,24.84],[92.251,24.839],[92.253,24.832],[92.268,24.83],[92.276,24.816],[92.273,24.799],[92.288,24.788],[92.288,24.779],[92.28,24.766],[92.289,24.761],[92.28,24.748],[92.281,24.742],[92.296,24.737],[92.295,24.733],[92.279,24.713],[92.265,24.691],[92.254,24.678],[92.257,24.674],[92.252,24.66],[92.247,24.655],[92.25,24.649],[92.244,24.629],[92.244,24.616],[92.239,24.608],[92.234,24.585],[92.231,24.547],[92.223,24.527],[92.212,24.504],[92.23,24.502],[92.236,24.489],[92.229,24.476],[92.23,24.452],[92.238,24.444],[92.246,24.442],[92.254,24.416],[92.255,24.404],[92.258,24.389],[92.26,24.359],[92.254,24.352],[92.239,24.324],[92.239,24.312],[92.233,24.303],[92.219,24.286],[92.209,24.256],[92.21,24.248],[92.201,24.242],[92.206,24.238],[92.221,24.235],[92.225,24.241],[92.237,24.24],[92.26,24.248],[92.282,24.252],[92.292,24.25],[92.295,24.253],[92.422,24.255],[92.418,24.212],[92.421,24.201],[92.419,24.193],[92.429,24.187],[92.436,24.179],[92.434,24.174],[92.437,24.153],[92.443,24.155],[92.448,24.146],[92.457,24.144],[92.465,24.136],[92.472,24.14],[92.481,24.15],[92.483,24.163],[92.501,24.16],[92.503,24.167],[92.516,24.178],[92.524,24.172],[92.534,24.181],[92.531,24.185],[92.541,24.211],[92.548,24.223],[92.547,24.237],[92.551,24.247],[92.563,24.252],[92.573,24.252],[92.589,24.249],[92.606,24.249],[92.612,24.254],[92.62,24.288],[92.616,24.289],[92.619,24.314],[92.624,24.322],[92.623,24.332],[92.635,24.333],[92.639,24.329],[92.649,24.329],[92.652,24.336],[92.661,24.348],[92.69,24.354],[92.691,24.363],[92.707,24.387],[92.706,24.391],[92.713,24.403],[92.711,24.407],[92.723,24.428],[92.726,24.439],[92.74,24.469],[92.752,24.506],[92.764,24.521],[92.772,24.501],[92.797,24.433],[92.801,24.43],[92.802,24.421],[92.82,24.404],[92.83,24.4],[92.823,24.386],[92.826,24.376],[92.845,24.38],[92.846,24.386],[92.862,24.399],[92.873,24.395],[92.883,24.402],[92.893,24.393],[92.899,24.391],[92.906,24.402],[92.907,24.411],[92.922,24.403],[92.927,24.396],[92.934,24.392],[92.939,24.401],[92.953,24.402],[92.957,24.392],[92.966,24.397],[92.976,24.408],[92.999,24.401],[93.009,24.412],[93.025,24.407],[93.042,24.413],[93.043,24.42],[93.033,24.427],[93.036,24.442],[93.036,24.458],[93.046,24.465],[93.046,24.476],[93.04,24.486],[93.033,24.494],[93.041,24.503],[93.037,24.51],[93.049,24.518],[93.047,24.528],[93.049,24.542],[93.056,24.553],[93.065,24.547],[93.071,24.56],[93.058,24.573],[93.062,24.576],[93.076,24.575],[93.082,24.571],[93.089,24.573],[93.092,24.581],[93.104,24.585],[93.089,24.592],[93.081,24.59],[93.071,24.6],[93.075,24.607],[93.084,24.613],[93.076,24.626],[93.087,24.63],[93.087,24.638],[93.083,24.649],[93.094,24.652],[93.096,24.664],[93.104,24.674],[93.103,24.68],[93.092,24.677],[93.09,24.689],[93.079,24.705],[93.09,24.715],[93.091,24.725],[93.107,24.741],[93.098,24.754],[93.104,24.767],[93.1,24.774],[93.105,24.781],[93.105,24.792],[93.111,24.8],[93.109,24.811],[93.115,24.814],[93.119,24.808],[93.134,24.81],[93.141,24.801],[93.151,24.795],[93.154,24.789],[93.162,24.797],[93.171,24.802],[93.191,24.804],[93.197,24.813],[93.19,24.819],[93.196,24.83],[93.195,24.844],[93.21,24.856],[93.214,24.865],[93.222,24.87],[93.222,24.878],[93.228,24.885],[93.227,24.893],[93.232,24.899],[93.238,24.899],[93.249,24.916],[93.245,24.926],[93.239,24.924],[93.245,24.941],[93.251,24.94],[93.25,24.955],[93.261,24.959],[93.262,24.969],[93.252,24.974],[93.25,24.98],[93.259,25.002],[93.247,24.997],[93.242,25.004],[93.247,25.018],[93.266,25.044],[93.274,25.051],[93.283,25.045],[93.294,25.051],[93.299,25.049],[93.305,25.058],[93.303,25.064],[93.315,25.085],[93.322,25.091],[93.332,25.094],[93.337,25.112],[93.345,25.123],[93.342,25.128],[93.347,25.138],[93.344,25.159],[93.348,25.175],[93.354,25.187],[93.366,25.199],[93.366,25.206],[93.376,25.22],[93.381,25.222],[93.386,25.243],[93.394,25.255],[93.402,25.261],[93.415,25.264],[93.421,25.278],[93.448,25.292],[93.453,25.292],[93.47,25.305],[93.469,25.306],[93.467,25.311],[93.467,25.312],[93.458,25.318],[93.455,25.32],[93.453,25.322],[93.454,25.325],[93.456,25.335],[93.448,25.34],[93.451,25.354],[93.459,25.361],[93.464,25.36],[93.472,25.374],[93.473,25.386],[93.462,25.398],[93.459,25.408],[93.461,25.422],[93.455,25.434],[93.443,25.441],[93.436,25.448],[93.426,25.448],[93.415,25.445],[93.402,25.451],[93.401,25.456],[93.384,25.47],[93.389,25.474],[93.384,25.489],[93.374,25.498],[93.369,25.498],[93.358,25.513],[93.353,25.528],[93.335,25.536],[93.327,25.545],[93.342,25.56],[93.364,25.561],[93.369,25.571],[93.379,25.577],[93.38,25.584],[93.403,25.602],[93.401,25.611],[93.414,25.619],[93.422,25.62],[93.425,25.63],[93.431,25.63],[93.437,25.635],[93.449,25.636],[93.46,25.632],[93.464,25.645],[93.481,25.645],[93.489,25.655],[93.496,25.655],[93.506,25.664],[93.518,25.682],[93.52,25.692],[93.531,25.693],[93.536,25.702],[93.548,25.712],[93.543,25.715],[93.542,25.731],[93.555,25.734],[93.562,25.738],[93.572,25.754],[93.579,25.756],[93.584,25.764],[93.601,25.765],[93.604,25.774],[93.618,25.777],[93.627,25.791],[93.626,25.797],[93.633,25.804],[93.639,25.816],[93.66,25.822],[93.678,25.828],[93.68,25.838],[93.691,25.844],[93.701,25.843],[93.702,25.852],[93.681,25.904],[93.694,25.912],[93.701,25.911],[93.708,25.919],[93.715,25.919],[93.735,25.924],[93.745,25.94],[93.758,25.945],[93.758,25.952],[93.767,25.951],[93.77,25.96],[93.787,25.947],[93.786,25.942],[93.791,25.926],[93.792,25.916],[93.796,25.903],[93.793,25.896],[93.784,25.885],[93.787,25.878],[93.784,25.859],[93.778,25.849],[93.781,25.845],[93.78,25.836],[93.785,25.829],[93.79,25.811],[93.795,25.809],[93.816,25.823],[93.821,25.839],[93.825,25.844],[93.845,25.858],[93.852,25.858],[93.87,25.849],[93.876,25.843],[93.886,25.848],[93.889,25.858],[93.896,25.858],[93.902,25.871],[93.907,25.873],[93.916,25.884],[93.934,25.885],[93.938,25.896],[93.952,25.899],[93.967,25.906],[93.971,25.913],[93.979,25.917],[93.978,25.928],[93.97,25.937],[93.969,25.957],[93.954,25.969],[93.959,25.994],[93.953,26.003],[93.959,26.012],[93.963,26.026],[93.962,26.037],[93.97,26.04],[93.971,26.047],[93.985,26.065],[93.986,26.072],[93.982,26.082],[93.989,26.088],[93.989,26.097],[93.997,26.107],[93.987,26.114],[93.993,26.118],[93.989,26.133],[93.998,26.131],[94.004,26.143],[93.994,26.148],[94.004,26.16],[94.001,26.172],[94.008,26.183],[94.015,26.184],[94.022,26.194],[94.032,26.198],[94.036,26.226],[94.042,26.235],[94.047,26.249],[94.057,26.256],[94.069,26.258],[94.075,26.264],[94.072,26.276],[94.075,26.284],[94.084,26.289],[94.098,26.302],[94.1,26.314],[94.105,26.32],[94.112,26.318],[94.12,26.329],[94.141,26.331],[94.172,26.338],[94.178,26.346],[94.173,26.351],[94.162,26.347],[94.16,26.354],[94.171,26.363],[94.172,26.373],[94.177,26.382],[94.172,26.416],[94.176,26.425],[94.174,26.432],[94.185,26.459],[94.194,26.461],[94.203,26.469],[94.207,26.486],[94.221,26.498],[94.237,26.506],[94.253,26.533],[94.256,26.541],[94.271,26.549],[94.284,26.561],[94.281,26.549],[94.282,26.525],[94.286,26.518],[94.283,26.505],[94.288,26.495],[94.293,26.471],[94.315,26.458],[94.321,26.476],[94.325,26.482],[94.334,26.479],[94.349,26.489],[94.349,26.496],[94.355,26.503],[94.364,26.504],[94.374,26.507],[94.376,26.521],[94.39,26.527],[94.403,26.545],[94.407,26.56],[94.406,26.568],[94.411,26.573],[94.412,26.583],[94.402,26.594],[94.404,26.612],[94.426,26.617],[94.439,26.624],[94.45,26.636],[94.462,26.632],[94.459,26.645],[94.454,26.651],[94.46,26.661],[94.481,26.667],[94.493,26.666],[94.506,26.679],[94.517,26.682],[94.52,26.698],[94.535,26.702],[94.539,26.706],[94.562,26.705],[94.562,26.695],[94.566,26.69],[94.578,26.701],[94.59,26.697],[94.597,26.735],[94.62,26.724],[94.625,26.716],[94.642,26.721],[94.653,26.719],[94.694,26.733],[94.707,26.746],[94.736,26.764],[94.74,26.771],[94.748,26.773],[94.752,26.766],[94.758,26.766],[94.76,26.776],[94.767,26.778],[94.768,26.787],[94.8,26.8],[94.804,26.803],[94.804,26.814],[94.814,26.82],[94.813,26.834],[94.819,26.838],[94.818,26.848],[94.834,26.86],[94.835,26.867],[94.844,26.869],[94.858,26.889],[94.866,26.909],[94.873,26.918],[94.891,26.93],[94.902,26.935],[94.914,26.937],[94.924,26.947],[94.931,26.933],[94.94,26.934],[94.955,26.94],[94.961,26.937],[94.968,26.923],[94.976,26.921],[94.982,26.913],[94.99,26.914],[94.991,26.921],[95,26.92],[95.017,26.921],[95.035,26.936],[95.05,26.939],[95.071,26.949],[95.081,26.95],[95.104,26.964],[95.108,26.977],[95.139,26.995],[95.15,26.999],[95.192,27.034],[95.195,27.031]]]},"properties":{"ST_NM":"Assam","id":"assam"}},{"type":"Feature","geometry":{"type":"Polygon","coordinates":[[[76.838,30.755],[76.826,30.764],[76.82,30.761],[76.815,30.753],[76.805,30.765],[76.818,30.771],[76.818,30.778],[76.811,30.78],[76.791,30.769],[76.783,30.771],[76.787,30.78],[76.783,30.789],[76.771,30.795],[76.761,30.791],[76.744,30.776],[76.744,30.77],[76.729,30.765],[76.712,30.762],[76.706,30.757],[76.708,30.75],[76.705,30.743],[76.713,30.741],[76.721,30.73],[76.73,30.724],[76.73,30.707],[76.739,30.706],[76.739,30.693],[76.747,30.696],[76.752,30.685],[76.764,30.686],[76.777,30.67],[76.79,30.676],[76.797,30.668],[76.809,30.667],[76.829,30.681],[76.829,30.695],[76.836,30.704],[76.844,30.708],[76.849,30.723],[76.845,30.732],[76.837,30.733],[76.833,30.739],[76.834,30.75],[76.838,30.755]]]},"properties":{"ST_NM":"Chandigarh","id":"chandigarh"}},{"type":"Feature","geometry":{"type":"Polygon","coordinates":[[[77.551,18.292],[77.532,18.299],[77.524,18.308],[77.513,18.31],[77.509,18.304],[77.512,18.285],[77.505,18.277],[77.499,18.277],[77.493,18.267],[77.481,18.272],[77.476,18.265],[77.465,18.263],[77.448,18.27],[77.446,18.284],[77.44,18.283],[77.437,18.292],[77.438,18.31],[77.428,18.312],[77.41,18.302],[77.395,18.304],[77.385,18.309],[77.366,18.307],[77.357,18.32],[77.371,18.325],[77.376,18.332],[77.395,18.348],[77.4,18.347],[77.399,18.36],[77.395,18.368],[77.408,18.376],[77.413,18.385],[77.414,18.393],[77.4,18.402],[77.392,18.4],[77.373,18.401],[77.368,18.413],[77.365,18.435],[77.366,18.452],[77.354,18.448],[77.345,18.434],[77.336,18.442],[77.336,18.45],[77.327,18.452],[77.32,18.458],[77.317,18.443],[77.301,18.438],[77.287,18.431],[77.279,18.43],[77.273,18.423],[77.266,18.422],[77.259,18.413],[77.242,18.413],[77.235,18.397],[77.234,18.388],[77.239,18.379],[77.248,18.376],[77.246,18.371],[77.235,18.37],[77.226,18.365],[77.224,18.355],[77.23,18.348],[77.223,18.34],[77.219,18.326],[77.212,18.316],[77.202,18.322],[77.199,18.315],[77.203,18.305],[77.203,18.299],[77.209,18.288],[77.207,18.281],[77.198,18.277],[77.188,18.285],[77.175,18.285],[77.172,18.279],[77.17,18.261],[77.159,18.256],[77.152,18.238],[77.149,18.221],[77.143,18.217],[77.14,18.208],[77.128,18.208],[77.11,18.204],[77.098,18.197],[77.098,18.193],[77.116,18.171],[77.113,18.157],[77.099,18.158],[77.086,18.151],[77.064,18.151],[77.053,18.159],[77.051,18.172],[77.033,18.182],[77.023,18.176],[77.026,18.162],[77.023,18.159],[77.008,18.16],[76.997,18.165],[76.991,18.19],[76.977,18.189],[76.963,18.19],[76.952,18.188],[76.948,18.166],[76.942,18.156],[76.932,18.16],[76.924,18.147],[76.931,18.133],[76.92,18.125],[76.921,18.118],[76.934,18.113],[76.937,18.115],[76.954,18.111],[76.966,18.098],[76.962,18.089],[76.945,18.082],[76.951,18.066],[76.951,18.058],[76.945,18.049],[76.952,18.04],[76.937,18.037],[76.914,18.035],[76.912,18.017],[76.906,18.01],[76.906,18.002],[76.913,17.997],[76.912,17.978],[76.917,17.948],[76.921,17.942],[76.919,17.916],[76.902,17.916],[76.894,17.899],[76.884,17.895],[76.874,17.898],[76.852,17.901],[76.84,17.899],[76.832,17.895],[76.831,17.886],[76.81,17.887],[76.808,17.871],[76.775,17.878],[76.774,17.888],[76.768,17.901],[76.757,17.899],[76.74,17.9],[76.741,17.895],[76.738,17.859],[76.752,17.858],[76.767,17.852],[76.774,17.846],[76.779,17.836],[76.787,17.833],[76.789,17.825],[76.784,17.819],[76.783,17.807],[76.776,17.798],[76.767,17.798],[76.762,17.787],[76.751,17.787],[76.734,17.782],[76.721,17.788],[76.714,17.781],[76.712,17.773],[76.721,17.769],[76.718,17.753],[76.724,17.748],[76.728,17.737],[76.71,17.732],[76.704,17.723],[76.701,17.709],[76.692,17.706],[76.694,17.696],[76.691,17.684],[76.671,17.691],[76.664,17.688],[76.66,17.708],[76.653,17.722],[76.633,17.728],[76.628,17.751],[76.629,17.756],[76.618,17.768],[76.612,17.77],[76.606,17.759],[76.601,17.738],[76.6,17.725],[76.593,17.722],[76.587,17.707],[76.57,17.705],[76.568,17.742],[76.564,17.751],[76.573,17.761],[76.563,17.765],[76.531,17.758],[76.523,17.76],[76.527,17.739],[76.524,17.715],[76.501,17.718],[76.487,17.715],[76.485,17.687],[76.487,17.658],[76.459,17.658],[76.455,17.65],[76.442,17.649],[76.429,17.645],[76.426,17.624],[76.42,17.604],[76.399,17.604],[76.392,17.601],[76.382,17.602],[76.378,17.598],[76.35,17.594],[76.337,17.597],[76.332,17.596],[76.332,17.574],[76.339,17.554],[76.342,17.541],[76.364,17.536],[76.366,17.516],[76.347,17.513],[76.343,17.501],[76.346,17.493],[76.363,17.496],[76.375,17.496],[76.375,17.489],[76.368,17.483],[76.35,17.474],[76.331,17.47],[76.333,17.455],[76.333,17.434],[76.347,17.437],[76.372,17.436],[76.369,17.402],[76.363,17.378],[76.383,17.374],[76.409,17.371],[76.412,17.351],[76.397,17.347],[76.385,17.324],[76.383,17.315],[76.354,17.314],[76.354,17.324],[76.346,17.347],[76.345,17.354],[76.314,17.348],[76.319,17.339],[76.318,17.332],[76.276,17.335],[76.272,17.361],[76.251,17.36],[76.249,17.371],[76.244,17.379],[76.229,17.376],[76.23,17.365],[76.212,17.362],[76.196,17.364],[76.18,17.358],[76.17,17.352],[76.173,17.336],[76.179,17.319],[76.181,17.309],[76.176,17.301],[76.165,17.303],[76.163,17.345],[76.144,17.352],[76.133,17.358],[76.12,17.37],[76.1,17.365],[76.089,17.353],[76.092,17.35],[76.087,17.336],[76.077,17.332],[76.072,17.335],[76.062,17.355],[76.055,17.356],[76.038,17.352],[76.01,17.352],[76,17.339],[75.984,17.336],[75.969,17.336],[75.949,17.33],[75.934,17.323],[75.926,17.325],[75.914,17.34],[75.907,17.347],[75.895,17.351],[75.89,17.361],[75.895,17.376],[75.894,17.401],[75.892,17.408],[75.883,17.418],[75.875,17.412],[75.875,17.398],[75.863,17.386],[75.857,17.387],[75.854,17.404],[75.85,17.412],[75.83,17.422],[75.822,17.421],[75.818,17.407],[75.814,17.396],[75.814,17.373],[75.804,17.368],[75.791,17.37],[75.78,17.376],[75.772,17.386],[75.768,17.402],[75.765,17.406],[75.753,17.407],[75.738,17.418],[75.731,17.42],[75.718,17.41],[75.705,17.407],[75.691,17.409],[75.684,17.417],[75.678,17.434],[75.679,17.451],[75.675,17.457],[75.657,17.46],[75.648,17.471],[75.633,17.477],[75.628,17.463],[75.622,17.459],[75.616,17.439],[75.613,17.424],[75.607,17.42],[75.611,17.41],[75.609,17.394],[75.594,17.387],[75.574,17.383],[75.577,17.376],[75.581,17.351],[75.595,17.346],[75.61,17.345],[75.612,17.325],[75.604,17.306],[75.622,17.295],[75.63,17.274],[75.654,17.274],[75.658,17.263],[75.659,17.239],[75.662,17.215],[75.656,17.206],[75.644,17.199],[75.64,17.189],[75.629,17.189],[75.626,17.177],[75.628,17.163],[75.646,17.144],[75.65,17.134],[75.65,17.116],[75.672,17.116],[75.673,17.091],[75.679,17.078],[75.677,17.065],[75.66,17.064],[75.65,17.057],[75.641,17.038],[75.652,17.032],[75.67,17.038],[75.668,17.009],[75.666,16.994],[75.666,16.98],[75.672,16.976],[75.675,16.966],[75.67,16.962],[75.655,16.962],[75.646,16.954],[75.638,16.958],[75.637,16.969],[75.632,16.971],[75.61,16.972],[75.606,16.994],[75.607,17.005],[75.574,17.01],[75.567,17.009],[75.566,16.981],[75.563,16.968],[75.539,16.965],[75.529,16.969],[75.51,16.95],[75.489,16.944],[75.49,16.956],[75.483,16.976],[75.466,16.981],[75.466,16.988],[75.442,16.982],[75.428,16.967],[75.412,16.974],[75.392,16.98],[75.369,16.972],[75.351,16.958],[75.342,16.956],[75.317,16.957],[75.28,16.957],[75.279,16.923],[75.283,16.91],[75.29,16.904],[75.282,16.88],[75.273,16.869],[75.265,16.863],[75.238,16.868],[75.228,16.843],[75.213,16.842],[75.183,16.843],[75.183,16.854],[75.189,16.875],[75.177,16.868],[75.158,16.868],[75.137,16.874],[75.133,16.889],[75.135,16.895],[75.12,16.903],[75.118,16.913],[75.096,16.914],[75.092,16.926],[75.092,16.94],[75.089,16.952],[75.074,16.95],[75.064,16.942],[75.048,16.943],[75.041,16.94],[75.036,16.933],[75.029,16.932],[75.027,16.944],[75.004,16.946],[74.989,16.952],[74.97,16.95],[74.964,16.948],[74.961,16.94],[74.959,16.928],[74.95,16.934],[74.948,16.939],[74.938,16.944],[74.923,16.939],[74.922,16.93],[74.934,16.924],[74.933,16.92],[74.945,16.911],[74.964,16.911],[74.961,16.881],[74.945,16.881],[74.936,16.879],[74.935,16.871],[74.926,16.872],[74.927,16.864],[74.902,16.863],[74.908,16.85],[74.91,16.835],[74.911,16.789],[74.92,16.773],[74.888,16.771],[74.869,16.774],[74.866,16.764],[74.85,16.773],[74.845,16.762],[74.799,16.754],[74.796,16.748],[74.775,16.752],[74.769,16.745],[74.76,16.741],[74.753,16.731],[74.737,16.724],[74.732,16.718],[74.706,16.715],[74.691,16.716],[74.688,16.709],[74.69,16.696],[74.689,16.677],[74.679,16.673],[74.68,16.666],[74.665,16.666],[74.657,16.643],[74.654,16.639],[74.662,16.631],[74.67,16.63],[74.689,16.617],[74.689,16.61],[74.683,16.606],[74.675,16.609],[74.661,16.603],[74.654,16.604],[74.643,16.611],[74.636,16.607],[74.633,16.592],[74.636,16.584],[74.629,16.578],[74.622,16.58],[74.609,16.569],[74.599,16.564],[74.588,16.566],[74.583,16.559],[74.575,16.559],[74.569,16.554],[74.56,16.563],[74.555,16.565],[74.556,16.574],[74.565,16.58],[74.567,16.585],[74.559,16.595],[74.544,16.595],[74.543,16.627],[74.545,16.635],[74.525,16.633],[74.501,16.633],[74.491,16.63],[74.484,16.635],[74.475,16.647],[74.472,16.664],[74.456,16.655],[74.455,16.647],[74.459,16.636],[74.466,16.625],[74.467,16.607],[74.464,16.604],[74.436,16.601],[74.426,16.596],[74.421,16.586],[74.397,16.583],[74.392,16.564],[74.387,16.56],[74.389,16.551],[74.387,16.536],[74.379,16.528],[74.372,16.534],[74.359,16.54],[74.355,16.557],[74.346,16.555],[74.335,16.548],[74.327,16.556],[74.318,16.554],[74.316,16.545],[74.315,16.504],[74.306,16.504],[74.3,16.531],[74.292,16.534],[74.287,16.527],[74.281,16.531],[74.281,16.541],[74.271,16.548],[74.264,16.54],[74.27,16.522],[74.276,16.521],[74.278,16.505],[74.266,16.501],[74.253,16.501],[74.247,16.497],[74.256,16.49],[74.261,16.48],[74.274,16.486],[74.275,16.494],[74.28,16.505],[74.291,16.505],[74.292,16.486],[74.289,16.479],[74.289,16.463],[74.297,16.465],[74.306,16.455],[74.314,16.453],[74.332,16.456],[74.33,16.448],[74.336,16.446],[74.333,16.438],[74.337,16.429],[74.329,16.419],[74.335,16.401],[74.345,16.406],[74.364,16.405],[74.363,16.398],[74.354,16.382],[74.353,16.366],[74.347,16.368],[74.346,16.377],[74.339,16.391],[74.328,16.392],[74.328,16.383],[74.319,16.372],[74.324,16.357],[74.318,16.353],[74.319,16.343],[74.317,16.328],[74.325,16.317],[74.34,16.303],[74.342,16.294],[74.335,16.29],[74.328,16.293],[74.321,16.284],[74.325,16.272],[74.334,16.269],[74.351,16.275],[74.353,16.283],[74.345,16.288],[74.355,16.293],[74.363,16.286],[74.368,16.267],[74.373,16.262],[74.381,16.262],[74.38,16.271],[74.386,16.277],[74.408,16.283],[74.416,16.28],[74.418,16.258],[74.436,16.259],[74.441,16.251],[74.455,16.253],[74.456,16.244],[74.469,16.24],[74.478,16.251],[74.486,16.243],[74.491,16.235],[74.495,16.235],[74.503,16.225],[74.496,16.217],[74.497,16.212],[74.507,16.199],[74.507,16.191],[74.494,16.186],[74.49,16.177],[74.488,16.157],[74.481,16.149],[74.485,16.142],[74.491,16.117],[74.491,16.104],[74.482,16.089],[74.473,16.091],[74.459,16.104],[74.44,16.106],[74.429,16.112],[74.41,16.102],[74.407,16.094],[74.39,16.089],[74.392,16.081],[74.372,16.078],[74.372,16.07],[74.365,16.058],[74.377,16.055],[74.369,16.039],[74.381,16.036],[74.402,16.046],[74.406,16.052],[74.415,16.056],[74.433,16.059],[74.443,16.053],[74.451,16.054],[74.463,16.04],[74.455,16.02],[74.447,16.003],[74.443,15.992],[74.444,15.986],[74.428,15.952],[74.413,15.934],[74.408,15.931],[74.396,15.914],[74.387,15.905],[74.393,15.9],[74.398,15.87],[74.407,15.863],[74.406,15.855],[74.398,15.851],[74.383,15.86],[74.38,15.876],[74.376,15.883],[74.366,15.891],[74.363,15.875],[74.358,15.873],[74.346,15.862],[74.346,15.851],[74.383,15.849],[74.384,15.84],[74.367,15.826],[74.363,15.815],[74.37,15.811],[74.371,15.795],[74.368,15.786],[74.359,15.776],[74.345,15.765],[74.323,15.773],[74.319,15.758],[74.31,15.755],[74.308,15.749],[74.286,15.742],[74.268,15.755],[74.254,15.745],[74.24,15.743],[74.228,15.756],[74.228,15.771],[74.234,15.778],[74.233,15.785],[74.228,15.788],[74.209,15.781],[74.202,15.759],[74.19,15.752],[74.162,15.751],[74.153,15.744],[74.151,15.736],[74.142,15.734],[74.126,15.724],[74.127,15.711],[74.132,15.706],[74.132,15.694],[74.126,15.681],[74.115,15.675],[74.103,15.672],[74.091,15.675],[74.088,15.67],[74.094,15.663],[74.104,15.658],[74.111,15.658],[74.118,15.652],[74.136,15.648],[74.158,15.655],[74.164,15.654],[74.167,15.672],[74.182,15.682],[74.187,15.667],[74.203,15.663],[74.205,15.651],[74.218,15.653],[74.215,15.663],[74.224,15.669],[74.228,15.664],[74.239,15.663],[74.252,15.654],[74.244,15.626],[74.254,15.627],[74.264,15.616],[74.26,15.607],[74.26,15.593],[74.249,15.58],[74.249,15.568],[74.265,15.558],[74.277,15.547],[74.282,15.534],[74.279,15.518],[74.27,15.51],[74.26,15.506],[74.252,15.499],[74.251,15.492],[74.265,15.471],[74.276,15.449],[74.277,15.435],[74.27,15.426],[74.269,15.419],[74.278,15.406],[74.276,15.392],[74.283,15.383],[74.299,15.382],[74.309,15.374],[74.323,15.367],[74.316,15.36],[74.322,15.344],[74.317,15.329],[74.324,15.31],[74.336,15.296],[74.326,15.283],[74.308,15.283],[74.296,15.289],[74.293,15.284],[74.282,15.28],[74.271,15.281],[74.261,15.26],[74.251,15.259],[74.252,15.251],[74.26,15.241],[74.292,15.234],[74.302,15.224],[74.306,15.21],[74.31,15.205],[74.31,15.195],[74.316,15.188],[74.314,15.18],[74.304,15.163],[74.296,15.151],[74.285,15.149],[74.284,15.143],[74.285,15.114],[74.283,15.106],[74.276,15.105],[74.273,15.098],[74.28,15.088],[74.281,15.069],[74.29,15.065],[74.29,15.054],[74.297,15.041],[74.283,15.032],[74.283,15.023],[74.267,15.007],[74.268,15.002],[74.254,14.998],[74.252,14.993],[74.264,14.979],[74.255,14.97],[74.252,14.959],[74.237,14.967],[74.233,14.964],[74.232,14.953],[74.217,14.946],[74.2,14.926],[74.191,14.933],[74.195,14.94],[74.191,14.945],[74.182,14.949],[74.179,14.957],[74.163,14.958],[74.155,14.946],[74.155,14.939],[74.163,14.927],[74.166,14.916],[74.162,14.912],[74.146,14.919],[74.124,14.925],[74.12,14.917],[74.114,14.918],[74.105,14.913],[74.094,14.911],[74.086,14.901],[74.096,14.898],[74.099,14.893],[74.1,14.882],[74.105,14.876],[74.111,14.858],[74.112,14.849],[74.125,14.837],[74.126,14.817],[74.125,14.806],[74.121,14.802],[74.102,14.807],[74.094,14.806],[74.095,14.8],[74.117,14.787],[74.121,14.776],[74.128,14.78],[74.141,14.779],[74.156,14.763],[74.151,14.75],[74.175,14.752],[74.184,14.745],[74.193,14.734],[74.192,14.727],[74.207,14.718],[74.206,14.729],[74.218,14.737],[74.227,14.738],[74.229,14.748],[74.239,14.747],[74.25,14.739],[74.263,14.72],[74.264,14.714],[74.26,14.709],[74.269,14.703],[74.28,14.683],[74.283,14.674],[74.276,14.667],[74.282,14.654],[74.286,14.639],[74.285,14.631],[74.278,14.619],[74.28,14.61],[74.293,14.597],[74.315,14.543],[74.311,14.539],[74.316,14.53],[74.316,14.519],[74.327,14.515],[74.337,14.519],[74.355,14.509],[74.355,14.502],[74.361,14.5],[74.37,14.48],[74.384,14.439],[74.382,14.43],[74.384,14.419],[74.395,14.419],[74.398,14.407],[74.405,14.375],[74.407,14.354],[74.413,14.327],[74.413,14.318],[74.419,14.303],[74.423,14.289],[74.443,14.229],[74.453,14.207],[74.453,14.2],[74.465,14.199],[74.47,14.188],[74.483,14.123],[74.488,14.106],[74.486,14.095],[74.492,14.081],[74.501,14.042],[74.501,14.023],[74.513,13.997],[74.515,13.987],[74.532,13.969],[74.539,13.965],[74.543,13.957],[74.552,13.95],[74.561,13.946],[74.57,13.947],[74.58,13.926],[74.585,13.922],[74.591,13.908],[74.596,13.886],[74.602,13.873],[74.609,13.868],[74.609,13.861],[74.619,13.827],[74.63,13.78],[74.638,13.737],[74.645,13.693],[74.645,13.685],[74.652,13.666],[74.664,13.652],[74.673,13.606],[74.679,13.566],[74.687,13.503],[74.689,13.465],[74.693,13.459],[74.694,13.43],[74.697,13.415],[74.697,13.397],[74.696,13.371],[74.7,13.343],[74.71,13.332],[74.717,13.311],[74.72,13.286],[74.727,13.266],[74.732,13.25],[74.734,13.234],[74.738,13.222],[74.744,13.194],[74.75,13.18],[74.765,13.123],[74.768,13.108],[74.779,13.061],[74.785,13.03],[74.789,13.004],[74.793,12.998],[74.812,12.9],[74.824,12.851],[74.831,12.834],[74.835,12.829],[74.846,12.796],[74.855,12.784],[74.865,12.76],[74.87,12.761],[74.874,12.755],[74.882,12.754],[74.893,12.763],[74.9,12.763],[74.913,12.772],[74.928,12.779],[74.942,12.78],[74.958,12.785],[74.96,12.779],[74.968,12.776],[74.982,12.78],[74.992,12.788],[75.002,12.792],[75.003,12.778],[75.006,12.771],[75.005,12.762],[74.998,12.758],[74.982,12.738],[74.992,12.739],[74.999,12.732],[75.011,12.728],[75.001,12.715],[75.015,12.713],[75.019,12.72],[75.027,12.718],[75.034,12.723],[75.05,12.719],[75.053,12.712],[75.05,12.705],[75.055,12.695],[75.043,12.693],[75.04,12.686],[75.042,12.672],[75.048,12.668],[75.059,12.671],[75.066,12.663],[75.073,12.671],[75.086,12.675],[75.084,12.697],[75.092,12.701],[75.105,12.698],[75.11,12.692],[75.111,12.683],[75.133,12.675],[75.143,12.677],[75.15,12.674],[75.161,12.673],[75.151,12.657],[75.144,12.642],[75.154,12.624],[75.161,12.621],[75.172,12.623],[75.182,12.632],[75.202,12.629],[75.198,12.616],[75.206,12.609],[75.209,12.602],[75.207,12.592],[75.212,12.579],[75.217,12.578],[75.22,12.568],[75.238,12.568],[75.237,12.576],[75.249,12.583],[75.261,12.598],[75.266,12.606],[75.264,12.612],[75.276,12.62],[75.289,12.612],[75.291,12.603],[75.298,12.607],[75.306,12.597],[75.313,12.592],[75.327,12.592],[75.326,12.583],[75.311,12.578],[75.29,12.584],[75.284,12.571],[75.272,12.57],[75.269,12.56],[75.27,12.55],[75.274,12.534],[75.28,12.524],[75.291,12.526],[75.303,12.523],[75.304,12.503],[75.313,12.502],[75.315,12.498],[75.332,12.5],[75.337,12.489],[75.335,12.478],[75.341,12.47],[75.336,12.464],[75.359,12.464],[75.372,12.477],[75.368,12.492],[75.378,12.496],[75.382,12.502],[75.392,12.5],[75.398,12.504],[75.403,12.498],[75.411,12.502],[75.418,12.498],[75.42,12.48],[75.425,12.475],[75.423,12.467],[75.416,12.466],[75.413,12.459],[75.404,12.455],[75.393,12.455],[75.387,12.458],[75.375,12.46],[75.371,12.457],[75.369,12.443],[75.371,12.439],[75.366,12.412],[75.371,12.409],[75.372,12.4],[75.38,12.392],[75.387,12.392],[75.395,12.388],[75.398,12.382],[75.413,12.38],[75.422,12.373],[75.42,12.357],[75.411,12.346],[75.415,12.34],[75.416,12.33],[75.424,12.314],[75.431,12.308],[75.415,12.288],[75.426,12.287],[75.433,12.293],[75.451,12.293],[75.465,12.289],[75.475,12.296],[75.485,12.29],[75.494,12.273],[75.505,12.271],[75.511,12.26],[75.512,12.253],[75.52,12.246],[75.521,12.235],[75.528,12.231],[75.527,12.225],[75.54,12.216],[75.532,12.201],[75.541,12.201],[75.559,12.176],[75.57,12.172],[75.577,12.157],[75.583,12.158],[75.591,12.151],[75.606,12.155],[75.611,12.152],[75.621,12.155],[75.631,12.148],[75.636,12.148],[75.643,12.138],[75.644,12.124],[75.648,12.121],[75.649,12.109],[75.667,12.097],[75.677,12.097],[75.687,12.11],[75.703,12.108],[75.702,12.093],[75.713,12.091],[75.717,12.086],[75.715,12.071],[75.728,12.073],[75.736,12.079],[75.75,12.084],[75.768,12.086],[75.773,12.084],[75.786,12.085],[75.803,12.08],[75.798,12.063],[75.798,12.052],[75.801,12.037],[75.811,12.029],[75.815,12.021],[75.823,12.013],[75.826,11.992],[75.83,11.984],[75.837,11.981],[75.847,11.982],[75.859,11.959],[75.867,11.957],[75.88,11.949],[75.887,11.951],[75.897,11.945],[75.913,11.946],[75.931,11.939],[75.941,11.941],[75.956,11.942],[75.976,11.934],[75.99,11.935],[76.003,11.931],[76.008,11.939],[76.022,11.944],[76.034,11.94],[76.045,11.951],[76.052,11.952],[76.07,11.967],[76.08,11.969],[76.09,11.967],[76.112,11.979],[76.113,11.931],[76.113,11.895],[76.112,11.888],[76.115,11.867],[76.113,11.859],[76.12,11.85],[76.131,11.853],[76.146,11.867],[76.157,11.871],[76.165,11.868],[76.173,11.871],[76.19,11.871],[76.202,11.862],[76.207,11.862],[76.21,11.845],[76.213,11.842],[76.21,11.828],[76.217,11.821],[76.219,11.814],[76.227,11.806],[76.238,11.804],[76.249,11.804],[76.258,11.809],[76.28,11.812],[76.288,11.795],[76.302,11.786],[76.308,11.785],[76.311,11.768],[76.319,11.751],[76.329,11.748],[76.34,11.739],[76.352,11.738],[76.362,11.748],[76.377,11.745],[76.393,11.755],[76.398,11.751],[76.411,11.758],[76.413,11.74],[76.422,11.738],[76.427,11.726],[76.425,11.721],[76.408,11.715],[76.412,11.695],[76.408,11.69],[76.417,11.672],[76.425,11.672],[76.431,11.666],[76.443,11.664],[76.457,11.665],[76.464,11.67],[76.475,11.682],[76.49,11.692],[76.505,11.699],[76.512,11.705],[76.539,11.69],[76.551,11.672],[76.549,11.665],[76.555,11.652],[76.553,11.649],[76.561,11.633],[76.56,11.625],[76.57,11.618],[76.583,11.614],[76.59,11.618],[76.598,11.611],[76.611,11.611],[76.614,11.608],[76.629,11.614],[76.65,11.614],[76.671,11.616],[76.685,11.614],[76.703,11.616],[76.722,11.615],[76.748,11.614],[76.757,11.619],[76.775,11.612],[76.791,11.613],[76.796,11.609],[76.809,11.608],[76.818,11.605],[76.823,11.608],[76.84,11.597],[76.848,11.596],[76.856,11.599],[76.858,11.614],[76.851,11.616],[76.845,11.632],[76.835,11.64],[76.834,11.649],[76.842,11.662],[76.85,11.687],[76.862,11.704],[76.863,11.711],[76.874,11.724],[76.888,11.734],[76.888,11.742],[76.896,11.758],[76.897,11.777],[76.909,11.795],[76.922,11.792],[76.932,11.793],[76.944,11.788],[76.956,11.791],[76.961,11.782],[76.97,11.777],[76.976,11.79],[76.983,11.801],[76.983,11.812],[76.993,11.809],[77.013,11.815],[77.03,11.805],[77.039,11.794],[77.035,11.783],[77.029,11.775],[77.035,11.77],[77.04,11.781],[77.05,11.79],[77.063,11.791],[77.069,11.784],[77.056,11.77],[77.071,11.751],[77.083,11.74],[77.081,11.737],[77.105,11.733],[77.115,11.722],[77.118,11.722],[77.112,11.743],[77.113,11.766],[77.111,11.774],[77.138,11.773],[77.147,11.782],[77.182,11.786],[77.189,11.793],[77.217,11.795],[77.239,11.795],[77.25,11.804],[77.25,11.813],[77.288,11.801],[77.294,11.809],[77.313,11.794],[77.327,11.776],[77.335,11.771],[77.36,11.78],[77.365,11.791],[77.369,11.787],[77.388,11.789],[77.395,11.786],[77.414,11.775],[77.422,11.772],[77.428,11.767],[77.434,11.778],[77.442,11.784],[77.45,11.796],[77.452,11.813],[77.458,11.83],[77.466,11.846],[77.462,11.853],[77.465,11.875],[77.46,11.882],[77.464,11.896],[77.47,11.9],[77.474,11.895],[77.486,11.889],[77.483,11.9],[77.491,11.909],[77.493,11.941],[77.504,11.941],[77.518,11.938],[77.528,11.934],[77.538,11.932],[77.542,11.938],[77.561,11.942],[77.575,11.937],[77.586,11.937],[77.594,11.94],[77.604,11.938],[77.624,11.947],[77.629,11.946],[77.646,11.95],[77.669,11.949],[77.674,11.954],[77.674,11.963],[77.678,11.974],[77.696,12.016],[77.708,12.035],[77.714,12.041],[77.727,12.061],[77.741,12.069],[77.756,12.08],[77.768,12.107],[77.777,12.114],[77.776,12.119],[77.757,12.131],[77.747,12.143],[77.747,12.155],[77.735,12.17],[77.731,12.18],[77.722,12.183],[77.711,12.182],[77.697,12.186],[77.67,12.195],[77.655,12.199],[77.64,12.196],[77.63,12.202],[77.621,12.2],[77.613,12.206],[77.607,12.206],[77.599,12.2],[77.583,12.198],[77.575,12.201],[77.563,12.197],[77.548,12.204],[77.535,12.198],[77.53,12.199],[77.519,12.195],[77.493,12.197],[77.486,12.204],[77.475,12.206],[77.472,12.21],[77.483,12.23],[77.478,12.24],[77.471,12.244],[77.473,12.256],[77.478,12.259],[77.479,12.271],[77.488,12.281],[77.501,12.282],[77.508,12.276],[77.527,12.279],[77.533,12.291],[77.551,12.291],[77.558,12.306],[77.566,12.306],[77.575,12.325],[77.579,12.336],[77.592,12.34],[77.599,12.351],[77.601,12.359],[77.613,12.361],[77.62,12.383],[77.623,12.412],[77.63,12.418],[77.626,12.431],[77.629,12.445],[77.627,12.459],[77.632,12.472],[77.635,12.487],[77.626,12.496],[77.616,12.483],[77.607,12.475],[77.596,12.475],[77.584,12.479],[77.592,12.485],[77.602,12.497],[77.615,12.504],[77.611,12.514],[77.594,12.516],[77.587,12.515],[77.588,12.527],[77.585,12.537],[77.586,12.546],[77.58,12.552],[77.579,12.573],[77.591,12.592],[77.591,12.615],[77.596,12.622],[77.606,12.628],[77.596,12.65],[77.599,12.667],[77.624,12.674],[77.638,12.676],[77.66,12.684],[77.676,12.68],[77.679,12.66],[77.69,12.659],[77.704,12.661],[77.711,12.667],[77.712,12.683],[77.723,12.68],[77.724,12.672],[77.74,12.674],[77.741,12.686],[77.735,12.692],[77.74,12.7],[77.761,12.697],[77.765,12.701],[77.766,12.714],[77.774,12.724],[77.762,12.727],[77.763,12.737],[77.768,12.74],[77.784,12.741],[77.792,12.747],[77.794,12.758],[77.779,12.768],[77.791,12.783],[77.799,12.796],[77.807,12.794],[77.802,12.817],[77.808,12.823],[77.81,12.832],[77.796,12.835],[77.792,12.842],[77.799,12.852],[77.808,12.848],[77.816,12.856],[77.823,12.856],[77.832,12.862],[77.836,12.87],[77.857,12.87],[77.876,12.867],[77.89,12.87],[77.895,12.879],[77.908,12.879],[77.909,12.885],[77.922,12.885],[77.929,12.891],[77.936,12.887],[77.935,12.881],[77.939,12.873],[77.937,12.867],[77.923,12.856],[77.924,12.851],[77.917,12.838],[77.921,12.828],[77.927,12.83],[77.934,12.823],[77.941,12.823],[77.946,12.84],[77.941,12.845],[77.94,12.853],[77.944,12.858],[77.953,12.857],[77.953,12.85],[77.965,12.848],[77.964,12.833],[77.98,12.835],[77.979,12.827],[77.99,12.822],[77.989,12.808],[78.007,12.809],[78.015,12.814],[78.004,12.823],[78.011,12.831],[78.018,12.831],[78.019,12.844],[78.024,12.842],[78.031,12.853],[78.05,12.849],[78.059,12.851],[78.06,12.844],[78.077,12.84],[78.074,12.831],[78.086,12.832],[78.09,12.817],[78.109,12.805],[78.12,12.802],[78.126,12.792],[78.134,12.782],[78.145,12.781],[78.168,12.77],[78.177,12.776],[78.184,12.776],[78.203,12.771],[78.213,12.765],[78.224,12.766],[78.231,12.761],[78.239,12.768],[78.246,12.788],[78.247,12.802],[78.251,12.812],[78.252,12.829],[78.252,12.861],[78.266,12.862],[78.272,12.867],[78.282,12.859],[78.312,12.859],[78.316,12.868],[78.314,12.877],[78.331,12.876],[78.338,12.886],[78.322,12.886],[78.329,12.902],[78.34,12.903],[78.347,12.914],[78.35,12.936],[78.36,12.937],[78.378,12.914],[78.389,12.907],[78.397,12.909],[78.399,12.917],[78.409,12.909],[78.412,12.903],[78.429,12.902],[78.434,12.905],[78.439,12.914],[78.446,12.912],[78.444,12.903],[78.449,12.898],[78.447,12.892],[78.456,12.888],[78.464,12.878],[78.468,12.879],[78.468,12.901],[78.448,12.918],[78.438,12.929],[78.428,12.932],[78.423,12.923],[78.418,12.923],[78.412,12.944],[78.42,12.948],[78.421,12.955],[78.429,12.958],[78.436,12.964],[78.433,12.97],[78.435,12.981],[78.453,12.977],[78.467,12.975],[78.469,12.983],[78.475,12.991],[78.464,13.005],[78.465,13.02],[78.461,13.026],[78.462,13.043],[78.474,13.044],[78.478,13.055],[78.487,13.052],[78.498,13.061],[78.514,13.062],[78.516,13.068],[78.509,13.079],[78.51,13.093],[78.52,13.096],[78.533,13.11],[78.519,13.12],[78.517,13.13],[78.526,13.134],[78.531,13.141],[78.543,13.141],[78.548,13.149],[78.541,13.154],[78.55,13.164],[78.568,13.162],[78.577,13.172],[78.576,13.187],[78.566,13.192],[78.556,13.189],[78.55,13.19],[78.55,13.2],[78.561,13.199],[78.568,13.202],[78.571,13.212],[78.579,13.218],[78.566,13.221],[78.57,13.248],[78.58,13.255],[78.585,13.262],[78.587,13.281],[78.579,13.28],[78.578,13.295],[78.565,13.307],[78.565,13.296],[78.559,13.286],[78.554,13.283],[78.539,13.288],[78.536,13.272],[78.527,13.268],[78.52,13.277],[78.52,13.283],[78.514,13.291],[78.505,13.291],[78.497,13.299],[78.479,13.301],[78.484,13.314],[78.483,13.321],[78.477,13.323],[78.467,13.315],[78.458,13.314],[78.444,13.308],[78.44,13.322],[78.44,13.328],[78.428,13.331],[78.422,13.328],[78.419,13.321],[78.401,13.316],[78.399,13.321],[78.387,13.332],[78.377,13.332],[78.383,13.344],[78.393,13.334],[78.407,13.338],[78.408,13.346],[78.393,13.351],[78.395,13.354],[78.378,13.363],[78.365,13.362],[78.369,13.373],[78.379,13.384],[78.382,13.397],[78.381,13.419],[78.377,13.424],[78.376,13.444],[78.373,13.452],[78.375,13.462],[78.371,13.47],[78.379,13.482],[78.378,13.503],[78.374,13.509],[78.383,13.516],[78.382,13.525],[78.394,13.541],[78.394,13.552],[78.407,13.577],[78.402,13.579],[78.402,13.587],[78.385,13.592],[78.351,13.587],[78.347,13.591],[78.326,13.595],[78.315,13.591],[78.269,13.588],[78.259,13.585],[78.25,13.591],[78.244,13.598],[78.234,13.598],[78.23,13.587],[78.216,13.591],[78.213,13.581],[78.203,13.569],[78.193,13.565],[78.19,13.575],[78.19,13.59],[78.199,13.599],[78.204,13.608],[78.204,13.628],[78.175,13.631],[78.167,13.637],[78.169,13.654],[78.155,13.658],[78.145,13.657],[78.134,13.66],[78.126,13.656],[78.114,13.657],[78.102,13.651],[78.099,13.643],[78.087,13.643],[78.09,13.659],[78.078,13.668],[78.077,13.673],[78.066,13.676],[78.074,13.688],[78.074,13.698],[78.086,13.692],[78.098,13.691],[78.113,13.693],[78.115,13.703],[78.121,13.716],[78.112,13.725],[78.106,13.735],[78.092,13.742],[78.1,13.758],[78.114,13.763],[78.126,13.788],[78.123,13.799],[78.115,13.808],[78.115,13.812],[78.125,13.832],[78.124,13.845],[78.117,13.852],[78.115,13.863],[78.099,13.862],[78.094,13.865],[78.083,13.863],[78.079,13.881],[78.064,13.887],[78.062,13.891],[78.049,13.896],[78.051,13.881],[78.046,13.862],[78.041,13.86],[78.032,13.864],[78.017,13.866],[78.012,13.872],[78,13.873],[77.992,13.869],[77.987,13.854],[77.978,13.838],[77.976,13.83],[77.956,13.831],[77.953,13.857],[77.949,13.871],[77.949,13.886],[77.952,13.89],[77.984,13.898],[77.983,13.923],[77.98,13.927],[77.988,13.956],[77.967,13.96],[77.962,13.951],[77.96,13.941],[77.946,13.935],[77.936,13.917],[77.927,13.905],[77.918,13.907],[77.905,13.916],[77.9,13.917],[77.896,13.926],[77.899,13.931],[77.896,13.941],[77.869,13.936],[77.855,13.938],[77.838,13.936],[77.827,13.945],[77.814,13.931],[77.813,13.915],[77.819,13.9],[77.831,13.897],[77.836,13.881],[77.827,13.874],[77.837,13.87],[77.817,13.86],[77.809,13.851],[77.792,13.849],[77.782,13.844],[77.784,13.834],[77.789,13.831],[77.789,13.823],[77.782,13.819],[77.764,13.817],[77.748,13.81],[77.741,13.812],[77.732,13.808],[77.729,13.802],[77.719,13.8],[77.722,13.794],[77.719,13.784],[77.722,13.769],[77.72,13.756],[77.715,13.744],[77.708,13.741],[77.703,13.77],[77.695,13.771],[77.675,13.761],[77.681,13.779],[77.68,13.787],[77.67,13.784],[77.651,13.784],[77.647,13.779],[77.621,13.768],[77.618,13.762],[77.619,13.755],[77.63,13.754],[77.642,13.747],[77.642,13.742],[77.624,13.735],[77.614,13.752],[77.596,13.748],[77.587,13.734],[77.572,13.738],[77.565,13.726],[77.559,13.723],[77.553,13.738],[77.549,13.741],[77.548,13.752],[77.541,13.756],[77.525,13.753],[77.522,13.745],[77.537,13.731],[77.534,13.705],[77.528,13.693],[77.512,13.697],[77.514,13.713],[77.485,13.715],[77.488,13.7],[77.492,13.69],[77.488,13.687],[77.474,13.686],[77.455,13.682],[77.45,13.711],[77.465,13.711],[77.463,13.723],[77.465,13.737],[77.471,13.758],[77.465,13.759],[77.464,13.768],[77.456,13.789],[77.461,13.803],[77.456,13.808],[77.445,13.811],[77.441,13.807],[77.437,13.797],[77.423,13.799],[77.429,13.807],[77.417,13.811],[77.428,13.833],[77.427,13.841],[77.416,13.84],[77.397,13.841],[77.389,13.839],[77.379,13.841],[77.381,13.847],[77.375,13.852],[77.362,13.854],[77.337,13.833],[77.325,13.833],[77.322,13.847],[77.321,13.856],[77.316,13.863],[77.304,13.862],[77.295,13.857],[77.29,13.848],[77.28,13.851],[77.257,13.847],[77.259,13.863],[77.248,13.869],[77.245,13.883],[77.248,13.888],[77.248,13.901],[77.231,13.903],[77.23,13.892],[77.225,13.883],[77.22,13.868],[77.215,13.868],[77.217,13.884],[77.21,13.88],[77.2,13.863],[77.181,13.87],[77.185,13.876],[77.186,13.895],[77.191,13.912],[77.185,13.925],[77.17,13.921],[77.162,13.907],[77.162,13.899],[77.169,13.89],[77.171,13.871],[77.169,13.865],[77.148,13.869],[77.136,13.857],[77.128,13.856],[77.132,13.846],[77.156,13.844],[77.154,13.834],[77.165,13.833],[77.168,13.821],[77.163,13.817],[77.163,13.798],[77.168,13.791],[77.179,13.782],[77.173,13.762],[77.151,13.766],[77.141,13.765],[77.137,13.758],[77.121,13.762],[77.106,13.768],[77.09,13.767],[77.085,13.762],[77.084,13.749],[77.086,13.742],[77.065,13.744],[77.057,13.753],[77.058,13.76],[77.051,13.765],[77.043,13.778],[77.024,13.779],[77.024,13.768],[77.017,13.756],[77.019,13.749],[77.016,13.738],[76.997,13.748],[76.998,13.755],[76.995,13.76],[76.993,13.771],[76.985,13.791],[76.992,13.804],[76.99,13.813],[76.976,13.817],[76.978,13.827],[76.99,13.838],[76.992,13.849],[77.007,13.852],[77.014,13.86],[77.013,13.872],[77.018,13.873],[77.016,13.884],[77.023,13.896],[77.023,13.903],[77.047,13.907],[77.044,13.915],[77.042,13.933],[77.037,13.937],[77.024,13.94],[77.014,13.955],[76.994,13.963],[77,13.989],[76.991,13.994],[76.983,14.001],[76.965,14.012],[76.95,14.015],[76.944,14.023],[76.944,14.029],[76.935,14.033],[76.932,14.054],[76.952,14.054],[76.959,14.057],[76.972,14.058],[76.976,14.065],[76.973,14.084],[76.959,14.092],[76.948,14.092],[76.953,14.099],[76.944,14.121],[76.925,14.137],[76.918,14.129],[76.905,14.134],[76.89,14.136],[76.895,14.168],[76.907,14.168],[76.92,14.164],[76.922,14.169],[76.942,14.173],[76.945,14.187],[76.943,14.196],[76.948,14.198],[76.961,14.182],[76.968,14.183],[76.981,14.179],[76.999,14.181],[77.005,14.184],[77.026,14.175],[77.02,14.157],[77.02,14.131],[77.024,14.113],[77.015,14.1],[77.03,14.088],[77.026,14.066],[77.032,14.057],[77.042,14.057],[77.069,14.052],[77.076,14.053],[77.075,14.044],[77.095,14.042],[77.102,14.045],[77.127,14.047],[77.132,14.044],[77.136,14.023],[77.142,14.013],[77.141,14.004],[77.151,14.001],[77.173,14.001],[77.171,14.012],[77.188,14.012],[77.205,14.008],[77.22,14.014],[77.245,14.012],[77.248,14.017],[77.256,14.022],[77.261,14.029],[77.27,14.034],[77.277,14.035],[77.279,14.026],[77.275,14.011],[77.282,14.013],[77.298,14.022],[77.307,14.032],[77.322,14.03],[77.328,14.015],[77.337,14.005],[77.336,13.998],[77.361,13.991],[77.352,13.969],[77.349,13.958],[77.368,13.95],[77.355,13.931],[77.348,13.916],[77.353,13.914],[77.354,13.904],[77.37,13.903],[77.387,13.906],[77.398,13.906],[77.4,13.897],[77.405,13.889],[77.411,13.896],[77.421,13.899],[77.435,13.915],[77.435,13.92],[77.416,13.924],[77.412,13.946],[77.431,13.945],[77.438,13.956],[77.435,13.965],[77.438,13.976],[77.428,13.979],[77.426,13.986],[77.41,13.984],[77.396,13.984],[77.382,13.976],[77.38,13.99],[77.386,14.001],[77.39,14.017],[77.385,14.016],[77.332,14.031],[77.335,14.043],[77.341,14.06],[77.36,14.062],[77.364,14.073],[77.374,14.077],[77.378,14.084],[77.381,14.098],[77.388,14.099],[77.398,14.11],[77.401,14.12],[77.391,14.127],[77.362,14.115],[77.347,14.104],[77.351,14.12],[77.357,14.13],[77.379,14.136],[77.385,14.153],[77.395,14.161],[77.394,14.174],[77.409,14.174],[77.416,14.176],[77.43,14.171],[77.446,14.172],[77.457,14.17],[77.467,14.172],[77.468,14.165],[77.481,14.165],[77.504,14.157],[77.517,14.186],[77.505,14.194],[77.501,14.205],[77.503,14.211],[77.494,14.224],[77.497,14.237],[77.504,14.264],[77.498,14.279],[77.487,14.282],[77.479,14.292],[77.466,14.283],[77.456,14.28],[77.448,14.283],[77.445,14.295],[77.446,14.318],[77.432,14.313],[77.428,14.324],[77.412,14.337],[77.394,14.337],[77.379,14.323],[77.377,14.308],[77.382,14.299],[77.389,14.27],[77.399,14.266],[77.405,14.267],[77.41,14.251],[77.41,14.232],[77.418,14.226],[77.418,14.209],[77.393,14.199],[77.387,14.2],[77.383,14.208],[77.384,14.221],[77.378,14.228],[77.359,14.234],[77.363,14.252],[77.362,14.27],[77.364,14.276],[77.339,14.277],[77.33,14.28],[77.314,14.281],[77.305,14.283],[77.289,14.281],[77.283,14.286],[77.288,14.299],[77.289,14.327],[77.287,14.34],[77.277,14.338],[77.269,14.332],[77.258,14.33],[77.254,14.322],[77.246,14.317],[77.234,14.318],[77.229,14.321],[77.213,14.319],[77.197,14.321],[77.184,14.333],[77.169,14.335],[77.167,14.342],[77.154,14.339],[77.139,14.34],[77.136,14.323],[77.13,14.305],[77.116,14.292],[77.116,14.274],[77.111,14.269],[77.118,14.245],[77.116,14.238],[77.115,14.223],[77.101,14.217],[77.081,14.214],[77.076,14.223],[77.062,14.229],[77.06,14.236],[77.052,14.246],[77.036,14.247],[77.03,14.242],[77.02,14.241],[77.006,14.236],[76.998,14.241],[76.992,14.242],[76.986,14.247],[76.97,14.243],[76.959,14.245],[76.952,14.242],[76.94,14.245],[76.934,14.262],[76.925,14.274],[76.928,14.279],[76.937,14.28],[76.947,14.286],[76.957,14.294],[76.946,14.313],[76.927,14.315],[76.908,14.323],[76.903,14.323],[76.892,14.341],[76.885,14.348],[76.885,14.396],[76.899,14.398],[76.905,14.404],[76.916,14.421],[76.937,14.406],[76.943,14.4],[76.948,14.413],[76.946,14.426],[76.946,14.453],[76.96,14.451],[76.968,14.462],[76.975,14.478],[76.975,14.485],[76.95,14.487],[76.941,14.489],[76.921,14.491],[76.901,14.489],[76.889,14.483],[76.884,14.477],[76.868,14.474],[76.861,14.496],[76.856,14.51],[76.835,14.522],[76.833,14.529],[76.822,14.527],[76.805,14.537],[76.798,14.549],[76.791,14.554],[76.78,14.593],[76.765,14.602],[76.767,14.618],[76.773,14.639],[76.775,14.676],[76.776,14.683],[76.786,14.696],[76.787,14.708],[76.803,14.742],[76.794,14.751],[76.79,14.76],[76.789,14.772],[76.783,14.786],[76.803,14.786],[76.818,14.788],[76.819,14.793],[76.837,14.791],[76.837,14.811],[76.851,14.809],[76.855,14.818],[76.846,14.822],[76.843,14.838],[76.854,14.843],[76.855,14.856],[76.852,14.887],[76.846,14.887],[76.847,14.896],[76.864,14.896],[76.87,14.938],[76.866,14.958],[76.867,14.97],[76.842,14.966],[76.829,14.956],[76.818,14.969],[76.796,14.969],[76.778,14.975],[76.767,14.975],[76.761,14.99],[76.772,14.991],[76.779,15.005],[76.788,15.009],[76.79,15.021],[76.786,15.028],[76.786,15.037],[76.78,15.043],[76.774,15.059],[76.775,15.072],[76.782,15.077],[76.786,15.088],[76.792,15.088],[76.802,15.095],[76.812,15.086],[76.824,15.08],[76.836,15.079],[76.846,15.071],[76.861,15.062],[76.869,15.053],[76.878,15.035],[76.877,15.03],[76.894,15.037],[76.907,15.033],[76.918,15.036],[76.922,15.031],[76.933,15.03],[76.95,15.03],[76.966,15.018],[76.985,15.015],[76.986,15.027],[77.004,15.034],[77.036,15.031],[77.05,15.033],[77.051,15.025],[77.044,15.01],[77.069,15.005],[77.082,15.006],[77.085,15.031],[77.091,15.029],[77.094,15.036],[77.113,15.034],[77.115,15.046],[77.121,15.054],[77.128,15.072],[77.13,15.101],[77.142,15.105],[77.15,15.112],[77.156,15.123],[77.157,15.14],[77.138,15.143],[77.135,15.148],[77.141,15.159],[77.163,15.157],[77.165,15.168],[77.169,15.171],[77.166,15.188],[77.159,15.201],[77.155,15.215],[77.144,15.224],[77.125,15.227],[77.126,15.24],[77.136,15.241],[77.144,15.257],[77.168,15.259],[77.167,15.269],[77.159,15.268],[77.152,15.275],[77.152,15.292],[77.133,15.293],[77.118,15.295],[77.119,15.313],[77.117,15.326],[77.113,15.334],[77.101,15.334],[77.074,15.326],[77.064,15.328],[77.066,15.341],[77.059,15.349],[77.045,15.356],[77.041,15.371],[77.047,15.383],[77.047,15.39],[77.031,15.401],[77.029,15.408],[77.035,15.423],[77.032,15.436],[77.011,15.449],[76.997,15.478],[76.977,15.49],[76.974,15.5],[76.975,15.511],[76.991,15.506],[77.011,15.504],[77.029,15.5],[77.031,15.506],[77.031,15.544],[77.026,15.578],[77.028,15.59],[77.033,15.604],[77.033,15.621],[77.03,15.635],[77.072,15.647],[77.083,15.659],[77.103,15.647],[77.108,15.638],[77.121,15.631],[77.129,15.666],[77.113,15.676],[77.109,15.681],[77.079,15.695],[77.083,15.699],[77.087,15.716],[77.079,15.716],[77.08,15.727],[77.049,15.73],[77.046,15.74],[77.048,15.756],[77.054,15.756],[77.061,15.786],[77.066,15.785],[77.068,15.796],[77.064,15.803],[77.066,15.822],[77.063,15.83],[77.036,15.83],[77.025,15.838],[77.035,15.861],[77.057,15.883],[77.063,15.897],[77.07,15.908],[77.085,15.919],[77.103,15.929],[77.137,15.938],[77.143,15.945],[77.159,15.951],[77.176,15.951],[77.185,15.957],[77.206,15.955],[77.217,15.958],[77.236,15.957],[77.249,15.965],[77.26,15.96],[77.283,15.954],[77.301,15.958],[77.313,15.953],[77.326,15.95],[77.349,15.951],[77.367,15.947],[77.38,15.94],[77.398,15.945],[77.416,15.942],[77.427,15.949],[77.435,15.948],[77.466,15.935],[77.476,15.935],[77.499,15.933],[77.513,15.927],[77.517,15.945],[77.52,15.967],[77.516,15.967],[77.51,15.98],[77.514,16.008],[77.504,16.011],[77.504,16.018],[77.494,16.037],[77.503,16.059],[77.507,16.079],[77.494,16.087],[77.501,16.106],[77.509,16.109],[77.499,16.121],[77.49,16.12],[77.492,16.135],[77.491,16.16],[77.486,16.163],[77.492,16.187],[77.499,16.198],[77.5,16.218],[77.503,16.224],[77.515,16.222],[77.514,16.23],[77.492,16.229],[77.493,16.244],[77.49,16.255],[77.501,16.262],[77.505,16.268],[77.505,16.276],[77.522,16.278],[77.538,16.271],[77.541,16.285],[77.545,16.292],[77.569,16.303],[77.582,16.291],[77.598,16.293],[77.592,16.304],[77.596,16.317],[77.588,16.333],[77.595,16.34],[77.594,16.344],[77.573,16.341],[77.554,16.35],[77.546,16.357],[77.54,16.358],[77.531,16.364],[77.523,16.376],[77.514,16.375],[77.495,16.381],[77.49,16.385],[77.47,16.382],[77.439,16.38],[77.432,16.372],[77.423,16.366],[77.411,16.368],[77.401,16.372],[77.379,16.385],[77.356,16.383],[77.35,16.384],[77.337,16.394],[77.317,16.397],[77.304,16.402],[77.298,16.407],[77.288,16.409],[77.276,16.424],[77.269,16.43],[77.262,16.452],[77.244,16.463],[77.236,16.473],[77.24,16.476],[77.264,16.473],[77.294,16.477],[77.3,16.49],[77.299,16.496],[77.321,16.492],[77.33,16.486],[77.355,16.489],[77.369,16.489],[77.37,16.505],[77.381,16.516],[77.391,16.516],[77.404,16.521],[77.417,16.517],[77.419,16.549],[77.404,16.551],[77.398,16.565],[77.404,16.572],[77.415,16.568],[77.424,16.569],[77.431,16.579],[77.44,16.587],[77.461,16.585],[77.465,16.591],[77.462,16.597],[77.468,16.604],[77.468,16.61],[77.458,16.611],[77.454,16.616],[77.455,16.622],[77.464,16.629],[77.475,16.652],[77.462,16.654],[77.457,16.647],[77.444,16.639],[77.428,16.656],[77.419,16.658],[77.419,16.669],[77.435,16.671],[77.443,16.67],[77.448,16.679],[77.464,16.676],[77.47,16.688],[77.469,16.702],[77.474,16.717],[77.461,16.719],[77.457,16.716],[77.447,16.721],[77.439,16.712],[77.433,16.717],[77.427,16.729],[77.433,16.737],[77.443,16.763],[77.438,16.774],[77.441,16.786],[77.461,16.781],[77.475,16.781],[77.477,16.788],[77.474,16.802],[77.466,16.806],[77.463,16.822],[77.458,16.828],[77.464,16.851],[77.46,16.875],[77.46,16.885],[77.456,16.9],[77.458,16.91],[77.454,16.914],[77.469,16.919],[77.469,16.928],[77.464,16.93],[77.468,16.942],[77.465,16.944],[77.466,16.959],[77.472,16.957],[77.481,16.97],[77.483,16.986],[77.479,16.995],[77.487,17.003],[77.502,17.009],[77.501,17.019],[77.495,17.027],[77.497,17.043],[77.488,17.048],[77.489,17.052],[77.483,17.06],[77.479,17.073],[77.482,17.076],[77.466,17.087],[77.463,17.094],[77.465,17.108],[77.446,17.118],[77.436,17.115],[77.407,17.125],[77.404,17.133],[77.385,17.14],[77.378,17.14],[77.378,17.153],[77.367,17.154],[77.362,17.164],[77.372,17.182],[77.37,17.187],[77.376,17.197],[77.395,17.196],[77.396,17.207],[77.402,17.214],[77.39,17.215],[77.38,17.223],[77.405,17.237],[77.42,17.238],[77.423,17.251],[77.426,17.256],[77.435,17.26],[77.445,17.271],[77.451,17.271],[77.458,17.281],[77.454,17.288],[77.438,17.292],[77.441,17.301],[77.448,17.308],[77.452,17.318],[77.452,17.327],[77.456,17.331],[77.457,17.344],[77.452,17.353],[77.454,17.374],[77.476,17.368],[77.476,17.361],[77.484,17.355],[77.488,17.359],[77.503,17.357],[77.525,17.365],[77.532,17.375],[77.526,17.382],[77.525,17.389],[77.537,17.403],[77.53,17.408],[77.514,17.414],[77.513,17.431],[77.537,17.444],[77.553,17.437],[77.562,17.438],[77.575,17.431],[77.576,17.456],[77.584,17.455],[77.604,17.444],[77.614,17.446],[77.615,17.472],[77.638,17.474],[77.645,17.478],[77.65,17.499],[77.653,17.494],[77.652,17.483],[77.671,17.478],[77.689,17.475],[77.688,17.489],[77.692,17.502],[77.689,17.511],[77.683,17.508],[77.669,17.512],[77.662,17.523],[77.645,17.522],[77.637,17.526],[77.628,17.524],[77.612,17.535],[77.596,17.537],[77.597,17.554],[77.594,17.565],[77.582,17.56],[77.551,17.552],[77.545,17.564],[77.537,17.575],[77.528,17.575],[77.517,17.559],[77.515,17.552],[77.507,17.542],[77.5,17.547],[77.494,17.568],[77.478,17.567],[77.462,17.581],[77.444,17.584],[77.451,17.623],[77.456,17.634],[77.448,17.651],[77.449,17.659],[77.455,17.675],[77.452,17.695],[77.465,17.702],[77.493,17.709],[77.497,17.716],[77.509,17.716],[77.522,17.726],[77.547,17.728],[77.549,17.736],[77.556,17.737],[77.564,17.748],[77.569,17.749],[77.566,17.767],[77.56,17.763],[77.548,17.767],[77.546,17.772],[77.526,17.782],[77.512,17.782],[77.509,17.788],[77.515,17.804],[77.529,17.817],[77.528,17.826],[77.532,17.829],[77.547,17.828],[77.549,17.819],[77.554,17.82],[77.561,17.839],[77.567,17.845],[77.57,17.868],[77.583,17.877],[77.595,17.872],[77.596,17.881],[77.586,17.894],[77.586,17.909],[77.6,17.904],[77.605,17.908],[77.619,17.904],[77.622,17.932],[77.619,17.939],[77.623,17.946],[77.633,17.947],[77.637,17.953],[77.65,17.95],[77.65,17.96],[77.656,17.97],[77.648,17.98],[77.652,17.995],[77.648,17.999],[77.64,17.997],[77.628,17.997],[77.62,18.006],[77.607,18.01],[77.608,18.016],[77.602,18.02],[77.593,18.012],[77.587,18.014],[77.583,18.028],[77.561,18.036],[77.554,18.036],[77.552,18.051],[77.548,18.056],[77.548,18.065],[77.557,18.064],[77.56,18.072],[77.569,18.078],[77.576,18.078],[77.597,18.087],[77.602,18.106],[77.599,18.122],[77.595,18.131],[77.597,18.156],[77.584,18.159],[77.575,18.177],[77.571,18.192],[77.564,18.195],[77.566,18.204],[77.575,18.202],[77.585,18.22],[77.581,18.232],[77.573,18.239],[77.579,18.256],[77.585,18.262],[77.595,18.265],[77.605,18.281],[77.582,18.285],[77.57,18.293],[77.561,18.285],[77.551,18.292]]]},"properties":{"ST_NM":"Karnataka","id":"karnataka"}},{"type":"Feature","geometry":{"type":"Polygon","coordinates":[[[94.675,25.446],[94.657,25.449],[94.647,25.456],[94.637,25.456],[94.616,25.462],[94.61,25.47],[94.592,25.484],[94.586,25.485],[94.578,25.495],[94.568,25.501],[94.554,25.503],[94.557,25.52],[94.554,25.529],[94.562,25.533],[94.558,25.541],[94.567,25.548],[94.556,25.556],[94.564,25.561],[94.558,25.567],[94.561,25.573],[94.557,25.582],[94.56,25.598],[94.571,25.607],[94.577,25.616],[94.575,25.623],[94.588,25.633],[94.59,25.64],[94.573,25.638],[94.573,25.648],[94.583,25.658],[94.58,25.669],[94.588,25.675],[94.584,25.685],[94.572,25.692],[94.561,25.683],[94.564,25.675],[94.552,25.666],[94.549,25.656],[94.539,25.65],[94.535,25.642],[94.521,25.634],[94.514,25.626],[94.507,25.624],[94.506,25.614],[94.488,25.612],[94.479,25.615],[94.468,25.614],[94.459,25.604],[94.438,25.592],[94.425,25.587],[94.421,25.576],[94.422,25.553],[94.418,25.538],[94.381,25.531],[94.374,25.522],[94.355,25.512],[94.349,25.512],[94.319,25.503],[94.302,25.505],[94.286,25.506],[94.267,25.498],[94.255,25.501],[94.25,25.494],[94.24,25.496],[94.222,25.491],[94.208,25.496],[94.209,25.504],[94.195,25.521],[94.187,25.524],[94.186,25.532],[94.191,25.54],[94.192,25.549],[94.177,25.547],[94.163,25.542],[94.156,25.551],[94.15,25.543],[94.144,25.523],[94.137,25.518],[94.123,25.523],[94.11,25.523],[94.093,25.53],[94.092,25.544],[94.085,25.554],[94.076,25.558],[94.066,25.553],[94.06,25.564],[94.048,25.576],[94.037,25.574],[94.035,25.58],[94.022,25.59],[94.01,25.592],[94.002,25.585],[94.01,25.572],[94.005,25.565],[93.994,25.569],[93.983,25.568],[93.97,25.556],[93.955,25.55],[93.945,25.557],[93.93,25.56],[93.918,25.559],[93.908,25.565],[93.903,25.562],[93.888,25.565],[93.871,25.555],[93.86,25.553],[93.841,25.556],[93.834,25.561],[93.828,25.553],[93.822,25.554],[93.816,25.542],[93.786,25.537],[93.78,25.534],[93.767,25.534],[93.759,25.512],[93.758,25.505],[93.762,25.495],[93.767,25.494],[93.78,25.501],[93.79,25.501],[93.801,25.496],[93.81,25.484],[93.805,25.463],[93.794,25.455],[93.782,25.44],[93.783,25.433],[93.773,25.425],[93.765,25.415],[93.742,25.404],[93.735,25.394],[93.736,25.386],[93.731,25.38],[93.716,25.372],[93.71,25.358],[93.687,25.357],[93.687,25.346],[93.683,25.341],[93.681,25.329],[93.673,25.328],[93.667,25.322],[93.667,25.309],[93.658,25.304],[93.661,25.299],[93.652,25.284],[93.645,25.276],[93.646,25.267],[93.637,25.264],[93.628,25.242],[93.623,25.236],[93.615,25.218],[93.608,25.211],[93.611,25.204],[93.605,25.199],[93.593,25.203],[93.59,25.213],[93.584,25.222],[93.569,25.226],[93.564,25.239],[93.556,25.246],[93.547,25.248],[93.535,25.244],[93.517,25.247],[93.512,25.243],[93.501,25.244],[93.501,25.256],[93.506,25.269],[93.493,25.274],[93.48,25.27],[93.471,25.274],[93.47,25.283],[93.474,25.294],[93.472,25.304],[93.467,25.311],[93.467,25.312],[93.464,25.314],[93.454,25.321],[93.453,25.322],[93.454,25.325],[93.453,25.322],[93.455,25.32],[93.458,25.318],[93.467,25.312],[93.467,25.311],[93.469,25.306],[93.47,25.305],[93.453,25.292],[93.448,25.292],[93.421,25.278],[93.415,25.264],[93.402,25.261],[93.394,25.255],[93.386,25.243],[93.381,25.222],[93.376,25.22],[93.366,25.206],[93.366,25.199],[93.354,25.187],[93.348,25.175],[93.344,25.159],[93.347,25.138],[93.342,25.128],[93.345,25.123],[93.337,25.112],[93.332,25.094],[93.322,25.091],[93.315,25.085],[93.303,25.064],[93.305,25.058],[93.299,25.049],[93.294,25.051],[93.283,25.045],[93.274,25.051],[93.266,25.044],[93.247,25.018],[93.242,25.004],[93.247,24.997],[93.259,25.002],[93.25,24.98],[93.252,24.974],[93.262,24.969],[93.261,24.959],[93.25,24.955],[93.251,24.94],[93.245,24.941],[93.239,24.924],[93.245,24.926],[93.249,24.916],[93.238,24.899],[93.232,24.899],[93.227,24.893],[93.228,24.885],[93.222,24.878],[93.222,24.87],[93.214,24.865],[93.21,24.856],[93.195,24.844],[93.196,24.83],[93.19,24.819],[93.197,24.813],[93.191,24.804],[93.171,24.802],[93.162,24.797],[93.154,24.789],[93.151,24.795],[93.141,24.801],[93.134,24.81],[93.119,24.808],[93.115,24.814],[93.109,24.811],[93.111,24.8],[93.105,24.792],[93.105,24.781],[93.1,24.774],[93.104,24.767],[93.098,24.754],[93.107,24.741],[93.091,24.725],[93.09,24.715],[93.079,24.705],[93.09,24.689],[93.092,24.677],[93.103,24.68],[93.104,24.674],[93.096,24.664],[93.094,24.652],[93.083,24.649],[93.087,24.638],[93.087,24.63],[93.076,24.626],[93.084,24.613],[93.075,24.607],[93.071,24.6],[93.081,24.59],[93.089,24.592],[93.104,24.585],[93.092,24.581],[93.089,24.573],[93.082,24.571],[93.076,24.575],[93.062,24.576],[93.058,24.573],[93.071,24.56],[93.065,24.547],[93.056,24.553],[93.049,24.542],[93.047,24.528],[93.049,24.518],[93.037,24.51],[93.041,24.503],[93.033,24.494],[93.04,24.486],[93.046,24.476],[93.046,24.465],[93.036,24.458],[93.036,24.442],[93.033,24.427],[93.043,24.42],[93.042,24.413],[93.025,24.407],[93.009,24.412],[93.01,24.406],[93.025,24.393],[93.018,24.383],[93.021,24.374],[93.017,24.362],[93.018,24.35],[93.03,24.344],[93.04,24.343],[93.034,24.321],[93.021,24.299],[93.008,24.287],[93.008,24.275],[93.012,24.271],[93.004,24.258],[93.009,24.244],[93.02,24.232],[93.016,24.225],[93.022,24.218],[93.015,24.201],[93,24.198],[92.999,24.194],[93.007,24.183],[93.003,24.173],[93.006,24.162],[92.988,24.148],[92.991,24.137],[92.982,24.125],[92.975,24.125],[92.971,24.118],[92.973,24.112],[92.991,24.116],[93.01,24.106],[93.012,24.102],[93.027,24.101],[93.037,24.093],[93.052,24.089],[93.061,24.092],[93.07,24.099],[93.078,24.102],[93.088,24.082],[93.097,24.073],[93.097,24.049],[93.099,24.043],[93.114,24.056],[93.124,24.061],[93.132,24.071],[93.133,24.078],[93.14,24.085],[93.148,24.085],[93.161,24.073],[93.166,24.074],[93.163,24.056],[93.169,24.051],[93.188,24.054],[93.212,24.049],[93.22,24.06],[93.222,24.07],[93.22,24.083],[93.238,24.083],[93.25,24.08],[93.261,24.07],[93.26,24.056],[93.251,24.033],[93.257,24.025],[93.269,24.032],[93.274,24.039],[93.286,24.047],[93.303,24.053],[93.318,24.053],[93.326,24.049],[93.336,24.058],[93.337,24.067],[93.328,24.081],[93.334,24.09],[93.343,24.092],[93.343,24.097],[93.349,24.103],[93.358,24.092],[93.373,24.091],[93.39,24.083],[93.398,24.085],[93.409,24.075],[93.417,24.072],[93.426,24.052],[93.429,24.033],[93.439,24.016],[93.45,24.015],[93.454,24.011],[93.453,24],[93.463,23.994],[93.462,23.976],[93.471,23.965],[93.48,23.959],[93.495,23.954],[93.5,23.945],[93.515,23.943],[93.525,23.956],[93.53,23.955],[93.54,23.961],[93.551,23.96],[93.56,23.982],[93.567,23.979],[93.571,23.971],[93.585,23.96],[93.592,23.961],[93.599,23.973],[93.607,23.972],[93.609,23.984],[93.614,23.992],[93.612,23.998],[93.617,24.007],[93.624,24.011],[93.654,24.009],[93.666,24.002],[93.676,24.006],[93.69,24.009],[93.722,23.998],[93.744,24],[93.751,24.005],[93.758,24.003],[93.762,23.991],[93.771,23.976],[93.773,23.967],[93.78,23.964],[93.798,23.947],[93.8,23.933],[93.805,23.928],[93.82,23.924],[93.833,23.927],[93.84,23.932],[93.859,23.932],[93.872,23.941],[93.883,23.942],[93.895,23.952],[93.902,23.95],[93.919,23.951],[93.944,23.946],[93.954,23.933],[93.962,23.928],[93.976,23.925],[93.98,23.929],[93.989,23.929],[93.996,23.922],[94.019,23.926],[94.025,23.916],[94.038,23.913],[94.041,23.901],[94.049,23.892],[94.059,23.887],[94.065,23.89],[94.074,23.883],[94.096,23.889],[94.103,23.872],[94.112,23.864],[94.112,23.85],[94.116,23.839],[94.127,23.833],[94.144,23.836],[94.145,23.85],[94.157,23.848],[94.168,23.902],[94.17,23.928],[94.176,23.926],[94.186,23.93],[94.191,23.939],[94.187,23.946],[94.188,23.96],[94.204,23.987],[94.214,24.001],[94.237,24.035],[94.228,24.056],[94.239,24.053],[94.255,24.082],[94.252,24.126],[94.26,24.165],[94.276,24.173],[94.292,24.233],[94.307,24.241],[94.309,24.25],[94.322,24.277],[94.322,24.329],[94.35,24.335],[94.378,24.38],[94.361,24.395],[94.395,24.409],[94.408,24.44],[94.397,24.455],[94.4,24.462],[94.398,24.482],[94.426,24.482],[94.454,24.565],[94.479,24.579],[94.497,24.59],[94.515,24.611],[94.526,24.626],[94.535,24.643],[94.545,24.669],[94.547,24.687],[94.541,24.701],[94.545,24.71],[94.557,24.712],[94.565,24.705],[94.571,24.706],[94.568,24.716],[94.572,24.724],[94.58,24.724],[94.579,24.709],[94.585,24.705],[94.605,24.716],[94.607,24.727],[94.619,24.748],[94.628,24.756],[94.628,24.762],[94.622,24.773],[94.618,24.786],[94.63,24.805],[94.629,24.818],[94.632,24.824],[94.632,24.839],[94.65,24.855],[94.658,24.872],[94.673,24.875],[94.687,24.893],[94.695,24.917],[94.701,24.922],[94.702,24.93],[94.711,24.929],[94.714,24.936],[94.707,24.943],[94.706,24.951],[94.697,24.959],[94.697,24.968],[94.703,24.982],[94.707,24.987],[94.724,24.999],[94.727,25.009],[94.739,25.024],[94.745,25.047],[94.744,25.062],[94.738,25.066],[94.745,25.08],[94.74,25.092],[94.741,25.104],[94.736,25.11],[94.741,25.127],[94.735,25.134],[94.715,25.138],[94.702,25.146],[94.697,25.155],[94.688,25.156],[94.677,25.154],[94.664,25.163],[94.65,25.167],[94.641,25.166],[94.62,25.187],[94.611,25.182],[94.593,25.192],[94.589,25.203],[94.576,25.214],[94.58,25.217],[94.585,25.229],[94.586,25.248],[94.589,25.257],[94.585,25.265],[94.594,25.286],[94.606,25.307],[94.607,25.316],[94.619,25.33],[94.624,25.344],[94.635,25.358],[94.632,25.388],[94.635,25.395],[94.649,25.406],[94.66,25.405],[94.673,25.424],[94.671,25.443],[94.675,25.446]]]},"properties":{"ST_NM":"Manipur","id":"manipur"}},{"type":"Feature","geometry":{"type":"Polygon","coordinates":[[[92.425,25.03],[92.432,25.035],[92.438,25.035],[92.438,25.044],[92.46,25.037],[92.464,25.043],[92.457,25.054],[92.463,25.058],[92.469,25.066],[92.475,25.082],[92.479,25.086],[92.477,25.101],[92.481,25.109],[92.497,25.11],[92.506,25.105],[92.518,25.106],[92.539,25.101],[92.523,25.126],[92.525,25.135],[92.549,25.131],[92.568,25.128],[92.578,25.131],[92.588,25.129],[92.595,25.122],[92.605,25.124],[92.616,25.116],[92.622,25.116],[92.629,25.126],[92.628,25.137],[92.637,25.147],[92.653,25.153],[92.658,25.159],[92.658,25.172],[92.677,25.183],[92.694,25.179],[92.701,25.187],[92.716,25.196],[92.737,25.201],[92.743,25.207],[92.755,25.202],[92.768,25.204],[92.775,25.2],[92.786,25.209],[92.795,25.21],[92.803,25.216],[92.801,25.22],[92.789,25.225],[92.782,25.23],[92.772,25.23],[92.77,25.237],[92.762,25.247],[92.766,25.252],[92.775,25.252],[92.778,25.258],[92.768,25.267],[92.779,25.273],[92.788,25.274],[92.792,25.284],[92.788,25.289],[92.781,25.308],[92.787,25.314],[92.782,25.333],[92.769,25.338],[92.762,25.333],[92.749,25.345],[92.746,25.358],[92.734,25.368],[92.731,25.38],[92.721,25.378],[92.717,25.373],[92.71,25.385],[92.7,25.385],[92.688,25.402],[92.678,25.407],[92.674,25.414],[92.667,25.415],[92.662,25.406],[92.653,25.417],[92.652,25.429],[92.618,25.423],[92.609,25.414],[92.604,25.421],[92.607,25.427],[92.603,25.435],[92.605,25.448],[92.598,25.45],[92.6,25.465],[92.59,25.47],[92.585,25.466],[92.579,25.471],[92.566,25.463],[92.564,25.474],[92.574,25.491],[92.609,25.512],[92.618,25.515],[92.632,25.528],[92.643,25.535],[92.643,25.549],[92.647,25.558],[92.657,25.561],[92.659,25.578],[92.653,25.591],[92.642,25.589],[92.635,25.583],[92.63,25.572],[92.623,25.566],[92.602,25.562],[92.6,25.555],[92.585,25.551],[92.582,25.558],[92.572,25.557],[92.557,25.571],[92.559,25.58],[92.555,25.586],[92.556,25.61],[92.553,25.615],[92.539,25.612],[92.534,25.615],[92.506,25.616],[92.497,25.624],[92.47,25.675],[92.463,25.681],[92.45,25.685],[92.44,25.692],[92.438,25.706],[92.448,25.709],[92.444,25.72],[92.433,25.727],[92.43,25.732],[92.412,25.73],[92.415,25.741],[92.404,25.744],[92.398,25.741],[92.373,25.75],[92.364,25.737],[92.355,25.74],[92.344,25.729],[92.333,25.724],[92.318,25.722],[92.312,25.728],[92.293,25.717],[92.282,25.717],[92.264,25.709],[92.255,25.713],[92.239,25.711],[92.225,25.716],[92.216,25.704],[92.196,25.686],[92.188,25.685],[92.164,25.667],[92.156,25.672],[92.16,25.684],[92.156,25.69],[92.155,25.706],[92.148,25.71],[92.144,25.718],[92.148,25.726],[92.154,25.725],[92.162,25.737],[92.163,25.744],[92.155,25.751],[92.148,25.773],[92.146,25.783],[92.15,25.794],[92.149,25.806],[92.151,25.816],[92.16,25.82],[92.161,25.83],[92.171,25.841],[92.177,25.852],[92.177,25.873],[92.187,25.877],[92.199,25.889],[92.214,25.895],[92.22,25.9],[92.223,25.911],[92.217,25.912],[92.201,25.908],[92.186,25.917],[92.175,25.907],[92.157,25.915],[92.16,25.925],[92.16,25.935],[92.152,25.944],[92.164,25.959],[92.164,25.97],[92.175,25.974],[92.18,25.984],[92.188,25.985],[92.196,25.991],[92.204,26.001],[92.228,26.009],[92.244,26.018],[92.253,26.029],[92.263,26.033],[92.27,26.048],[92.258,26.064],[92.237,26.063],[92.209,26.07],[92.179,26.069],[92.169,26.078],[92.153,26.067],[92.143,26.056],[92.134,26.053],[92.132,26.044],[92.121,26.044],[92.108,26.051],[92.092,26.048],[92.064,26.034],[92.048,26.033],[92.034,26.039],[92.018,26.039],[92.004,26.036],[91.989,26.038],[91.983,26.026],[91.934,26.01],[91.928,26.003],[91.92,25.998],[91.91,26.013],[91.915,26.021],[91.902,26.022],[91.889,26.028],[91.883,26.026],[91.874,26.037],[91.87,26.053],[91.873,26.068],[91.876,26.076],[91.879,26.098],[91.868,26.1],[91.85,26.109],[91.841,26.111],[91.831,26.119],[91.821,26.118],[91.806,26.099],[91.8,26.1],[91.791,26.085],[91.786,26.084],[91.778,26.09],[91.763,26.075],[91.751,26.066],[91.733,26.061],[91.735,26.052],[91.725,26.046],[91.723,26.036],[91.725,26.018],[91.721,26.012],[91.721,25.988],[91.72,25.954],[91.713,25.946],[91.702,25.939],[91.689,25.924],[91.679,25.916],[91.671,25.904],[91.665,25.907],[91.651,25.907],[91.641,25.917],[91.621,25.932],[91.609,25.937],[91.611,25.945],[91.629,25.947],[91.636,25.962],[91.641,25.964],[91.628,25.976],[91.626,25.989],[91.628,26.001],[91.635,26.013],[91.63,26.023],[91.62,26.026],[91.6,26.022],[91.58,26.033],[91.571,26.026],[91.572,26.016],[91.564,26.008],[91.557,25.992],[91.551,25.984],[91.551,25.977],[91.538,25.972],[91.535,25.962],[91.522,25.96],[91.518,25.953],[91.52,25.94],[91.514,25.933],[91.503,25.927],[91.501,25.919],[91.506,25.914],[91.518,25.92],[91.52,25.917],[91.508,25.909],[91.499,25.896],[91.484,25.893],[91.478,25.888],[91.475,25.87],[91.492,25.866],[91.511,25.865],[91.521,25.875],[91.521,25.884],[91.525,25.891],[91.533,25.888],[91.531,25.875],[91.522,25.873],[91.514,25.864],[91.483,25.864],[91.478,25.857],[91.469,25.859],[91.449,25.845],[91.445,25.84],[91.437,25.843],[91.423,25.854],[91.402,25.851],[91.381,25.846],[91.373,25.847],[91.365,25.84],[91.336,25.841],[91.334,25.833],[91.322,25.822],[91.302,25.787],[91.29,25.772],[91.289,25.766],[91.274,25.751],[91.264,25.746],[91.245,25.733],[91.222,25.723],[91.21,25.726],[91.189,25.751],[91.189,25.764],[91.185,25.772],[91.178,25.777],[91.182,25.784],[91.184,25.799],[91.19,25.812],[91.186,25.818],[91.195,25.828],[91.203,25.844],[91.189,25.852],[91.18,25.844],[91.16,25.85],[91.147,25.851],[91.136,25.843],[91.129,25.843],[91.12,25.833],[91.083,25.83],[91.067,25.826],[91.062,25.821],[91.049,25.829],[91.059,25.837],[91.073,25.84],[91.07,25.848],[91.047,25.849],[91.039,25.837],[91.032,25.835],[91.022,25.824],[91.006,25.82],[91.002,25.825],[91.015,25.848],[91.014,25.857],[91.028,25.869],[91.03,25.886],[91.025,25.889],[91.011,25.884],[90.997,25.888],[90.976,25.89],[90.966,25.889],[90.969,25.904],[90.967,25.914],[90.959,25.931],[90.94,25.947],[90.934,25.94],[90.916,25.944],[90.916,25.931],[90.912,25.92],[90.905,25.929],[90.894,25.931],[90.885,25.95],[90.872,25.948],[90.875,25.943],[90.848,25.944],[90.836,25.944],[90.826,25.949],[90.809,25.948],[90.796,25.941],[90.784,25.925],[90.781,25.911],[90.778,25.909],[90.764,25.908],[90.755,25.92],[90.748,25.919],[90.746,25.929],[90.74,25.939],[90.748,25.95],[90.743,25.958],[90.724,25.947],[90.714,25.952],[90.688,25.949],[90.673,25.935],[90.639,25.923],[90.628,25.918],[90.626,25.91],[90.631,25.906],[90.625,25.898],[90.614,25.899],[90.607,25.915],[90.612,25.926],[90.623,25.935],[90.624,25.939],[90.605,25.947],[90.6,25.955],[90.585,25.957],[90.58,25.951],[90.577,25.937],[90.549,25.921],[90.549,25.916],[90.526,25.905],[90.515,25.896],[90.508,25.902],[90.518,25.916],[90.521,25.926],[90.534,25.939],[90.535,25.95],[90.52,25.971],[90.51,25.981],[90.497,25.997],[90.476,26.01],[90.43,25.989],[90.417,25.992],[90.405,26.009],[90.4,26.013],[90.372,26.011],[90.35,26.004],[90.34,25.988],[90.331,25.988],[90.327,25.974],[90.284,25.963],[90.247,25.957],[90.211,25.953],[90.21,25.96],[90.203,25.961],[90.193,25.956],[90.187,25.947],[90.181,25.949],[90.177,25.959],[90.166,25.956],[90.157,25.958],[90.152,25.967],[90.138,25.957],[90.132,25.959],[90.122,25.955],[90.117,25.957],[90.108,25.95],[90.105,25.942],[90.098,25.938],[90.094,25.929],[90.085,25.925],[90.086,25.92],[90.067,25.913],[90.055,25.905],[90.056,25.901],[90.042,25.895],[90.024,25.896],[90.006,25.879],[90.024,25.867],[90.022,25.86],[90.016,25.851],[90.007,25.845],[90.004,25.839],[89.993,25.835],[89.981,25.836],[89.978,25.828],[89.965,25.826],[89.962,25.82],[89.951,25.821],[89.948,25.815],[89.956,25.811],[89.958,25.802],[89.954,25.788],[89.959,25.782],[89.955,25.768],[89.941,25.756],[89.935,25.753],[89.937,25.745],[89.923,25.739],[89.9,25.747],[89.895,25.745],[89.896,25.732],[89.905,25.722],[89.913,25.709],[89.919,25.705],[89.924,25.695],[89.936,25.69],[89.944,25.679],[89.947,25.662],[89.953,25.654],[89.979,25.639],[89.983,25.628],[89.997,25.623],[90.004,25.627],[90.01,25.616],[90.02,25.608],[90.003,25.587],[89.996,25.586],[89.989,25.591],[89.978,25.587],[89.973,25.574],[89.96,25.575],[89.946,25.57],[89.937,25.565],[89.912,25.563],[89.905,25.56],[89.885,25.555],[89.878,25.55],[89.876,25.537],[89.868,25.53],[89.869,25.522],[89.878,25.52],[89.884,25.514],[89.885,25.508],[89.874,25.507],[89.877,25.496],[89.871,25.476],[89.854,25.467],[89.842,25.45],[89.834,25.435],[89.829,25.421],[89.826,25.404],[89.816,25.389],[89.814,25.37],[89.82,25.348],[89.827,25.334],[89.835,25.326],[89.84,25.319],[89.835,25.296],[89.869,25.287],[89.875,25.287],[89.891,25.295],[89.9,25.305],[89.908,25.308],[89.929,25.3],[89.972,25.301],[89.976,25.298],[89.981,25.285],[90.01,25.272],[90.032,25.264],[90.06,25.256],[90.072,25.244],[90.082,25.239],[90.094,25.238],[90.101,25.235],[90.112,25.224],[90.124,25.223],[90.139,25.225],[90.16,25.224],[90.188,25.216],[90.214,25.203],[90.234,25.204],[90.26,25.195],[90.275,25.198],[90.291,25.189],[90.305,25.187],[90.332,25.192],[90.352,25.174],[90.377,25.162],[90.409,25.156],[90.425,25.148],[90.445,25.144],[90.453,25.151],[90.467,25.153],[90.51,25.168],[90.547,25.171],[90.558,25.171],[90.597,25.174],[90.62,25.173],[90.636,25.173],[90.637,25.178],[90.65,25.182],[90.655,25.193],[90.665,25.185],[90.668,25.172],[90.68,25.17],[90.689,25.161],[90.701,25.16],[90.721,25.165],[90.732,25.155],[90.74,25.157],[90.741,25.165],[90.76,25.165],[90.767,25.17],[90.775,25.182],[90.79,25.182],[90.809,25.167],[90.82,25.164],[90.855,25.16],[90.869,25.16],[90.887,25.166],[90.909,25.162],[90.945,25.169],[90.966,25.171],[91.009,25.181],[91.036,25.189],[91.064,25.192],[91.082,25.202],[91.094,25.2],[91.107,25.196],[91.135,25.193],[91.159,25.197],[91.181,25.196],[91.193,25.2],[91.213,25.2],[91.23,25.197],[91.252,25.198],[91.265,25.207],[91.274,25.205],[91.291,25.194],[91.291,25.187],[91.307,25.184],[91.321,25.185],[91.328,25.177],[91.345,25.172],[91.356,25.177],[91.368,25.173],[91.376,25.167],[91.388,25.17],[91.404,25.166],[91.414,25.172],[91.419,25.17],[91.432,25.156],[91.446,25.15],[91.463,25.151],[91.467,25.149],[91.471,25.136],[91.493,25.135],[91.5,25.137],[91.508,25.145],[91.528,25.145],[91.554,25.151],[91.561,25.158],[91.574,25.163],[91.58,25.17],[91.603,25.174],[91.601,25.16],[91.605,25.143],[91.619,25.147],[91.624,25.144],[91.628,25.131],[91.642,25.124],[91.651,25.131],[91.661,25.129],[91.672,25.137],[91.689,25.138],[91.711,25.158],[91.744,25.149],[91.748,25.154],[91.744,25.167],[91.747,25.172],[91.766,25.167],[91.806,25.169],[91.822,25.174],[91.83,25.174],[91.841,25.179],[91.852,25.176],[91.872,25.175],[91.892,25.18],[91.913,25.183],[91.947,25.183],[91.959,25.181],[91.975,25.173],[91.983,25.172],[91.991,25.181],[92.002,25.188],[92.011,25.189],[92.026,25.184],[92.035,25.185],[92.047,25.182],[92.062,25.188],[92.075,25.186],[92.094,25.177],[92.122,25.166],[92.135,25.157],[92.135,25.143],[92.15,25.138],[92.176,25.123],[92.19,25.122],[92.184,25.133],[92.192,25.135],[92.2,25.125],[92.219,25.122],[92.209,25.112],[92.229,25.097],[92.274,25.081],[92.297,25.072],[92.308,25.072],[92.324,25.081],[92.333,25.083],[92.341,25.078],[92.344,25.067],[92.342,25.056],[92.349,25.048],[92.365,25.05],[92.37,25.045],[92.384,25.044],[92.402,25.034],[92.415,25.034],[92.425,25.03]]]},"properties":{"ST_NM":"Meghalaya","id":"meghalaya"}},{"type":"Feature","geometry":{"type":"Polygon","coordinates":[[[93.009,24.412],[92.999,24.401],[92.976,24.408],[92.966,24.397],[92.957,24.392],[92.953,24.402],[92.939,24.401],[92.934,24.392],[92.927,24.396],[92.922,24.403],[92.907,24.411],[92.906,24.402],[92.899,24.391],[92.893,24.393],[92.883,24.402],[92.873,24.395],[92.862,24.399],[92.846,24.386],[92.845,24.38],[92.826,24.376],[92.823,24.386],[92.83,24.4],[92.82,24.404],[92.802,24.421],[92.801,24.43],[92.797,24.433],[92.772,24.501],[92.764,24.521],[92.752,24.506],[92.74,24.469],[92.726,24.439],[92.723,24.428],[92.711,24.407],[92.713,24.403],[92.706,24.391],[92.707,24.387],[92.691,24.363],[92.69,24.354],[92.661,24.348],[92.652,24.336],[92.649,24.329],[92.639,24.329],[92.635,24.333],[92.623,24.332],[92.624,24.322],[92.619,24.314],[92.616,24.289],[92.62,24.288],[92.612,24.254],[92.606,24.249],[92.589,24.249],[92.573,24.252],[92.563,24.252],[92.551,24.247],[92.547,24.237],[92.548,24.223],[92.541,24.211],[92.531,24.185],[92.534,24.181],[92.524,24.172],[92.516,24.178],[92.503,24.167],[92.501,24.16],[92.483,24.163],[92.481,24.15],[92.472,24.14],[92.465,24.136],[92.457,24.144],[92.448,24.146],[92.443,24.155],[92.437,24.153],[92.434,24.174],[92.436,24.179],[92.429,24.187],[92.419,24.193],[92.421,24.201],[92.418,24.212],[92.422,24.255],[92.295,24.253],[92.292,24.25],[92.297,24.232],[92.304,24.224],[92.309,24.222],[92.321,24.203],[92.32,24.197],[92.327,24.181],[92.324,24.168],[92.329,24.165],[92.332,24.152],[92.325,24.14],[92.326,24.133],[92.323,24.104],[92.324,24.086],[92.321,24.073],[92.316,24.067],[92.318,24.056],[92.312,24.051],[92.316,24.045],[92.312,24.039],[92.319,24.026],[92.317,24.017],[92.319,24.008],[92.326,23.998],[92.32,23.979],[92.308,23.968],[92.308,23.954],[92.311,23.935],[92.316,23.928],[92.319,23.916],[92.325,23.914],[92.324,23.905],[92.317,23.898],[92.317,23.89],[92.313,23.884],[92.311,23.871],[92.316,23.865],[92.309,23.857],[92.299,23.86],[92.29,23.868],[92.285,23.867],[92.279,23.856],[92.269,23.847],[92.269,23.842],[92.282,23.818],[92.281,23.814],[92.266,23.816],[92.257,23.813],[92.258,23.803],[92.265,23.772],[92.267,23.752],[92.265,23.725],[92.269,23.721],[92.28,23.718],[92.279,23.711],[92.288,23.702],[92.292,23.682],[92.285,23.67],[92.284,23.663],[92.274,23.648],[92.28,23.639],[92.277,23.632],[92.289,23.629],[92.296,23.622],[92.288,23.618],[92.287,23.596],[92.299,23.593],[92.308,23.577],[92.307,23.563],[92.312,23.56],[92.306,23.536],[92.314,23.533],[92.317,23.525],[92.313,23.521],[92.317,23.512],[92.322,23.49],[92.323,23.474],[92.318,23.47],[92.332,23.464],[92.327,23.449],[92.333,23.435],[92.347,23.433],[92.348,23.413],[92.357,23.411],[92.352,23.404],[92.353,23.393],[92.356,23.385],[92.356,23.371],[92.378,23.363],[92.379,23.351],[92.375,23.346],[92.371,23.332],[92.364,23.324],[92.367,23.318],[92.384,23.308],[92.381,23.286],[92.388,23.281],[92.394,23.266],[92.389,23.26],[92.397,23.257],[92.395,23.249],[92.4,23.236],[92.347,23.237],[92.354,23.224],[92.355,23.197],[92.353,23.186],[92.357,23.172],[92.364,23.158],[92.36,23.153],[92.357,23.134],[92.367,23.125],[92.358,23.107],[92.361,23.099],[92.369,23.097],[92.371,23.089],[92.386,23.078],[92.383,23.073],[92.392,23.057],[92.38,23.016],[92.383,23.011],[92.38,22.975],[92.374,22.971],[92.375,22.96],[92.378,22.954],[92.372,22.937],[92.382,22.929],[92.392,22.931],[92.408,22.918],[92.419,22.912],[92.426,22.897],[92.436,22.886],[92.446,22.897],[92.45,22.893],[92.448,22.876],[92.463,22.855],[92.454,22.843],[92.461,22.83],[92.455,22.825],[92.459,22.815],[92.467,22.808],[92.47,22.799],[92.469,22.782],[92.475,22.773],[92.473,22.766],[92.478,22.751],[92.482,22.747],[92.494,22.746],[92.507,22.738],[92.518,22.717],[92.514,22.709],[92.52,22.687],[92.526,22.673],[92.524,22.658],[92.525,22.641],[92.532,22.633],[92.527,22.622],[92.531,22.612],[92.53,22.604],[92.537,22.594],[92.538,22.577],[92.522,22.56],[92.531,22.552],[92.531,22.547],[92.537,22.542],[92.542,22.525],[92.547,22.515],[92.548,22.507],[92.544,22.49],[92.548,22.475],[92.547,22.462],[92.551,22.454],[92.55,22.444],[92.554,22.437],[92.556,22.423],[92.553,22.411],[92.56,22.401],[92.558,22.391],[92.562,22.372],[92.566,22.371],[92.572,22.359],[92.572,22.343],[92.575,22.341],[92.577,22.325],[92.581,22.319],[92.579,22.31],[92.584,22.299],[92.581,22.269],[92.586,22.263],[92.591,22.249],[92.592,22.241],[92.588,22.225],[92.588,22.215],[92.592,22.212],[92.597,22.19],[92.596,22.175],[92.603,22.172],[92.609,22.165],[92.608,22.154],[92.61,22.135],[92.605,22.124],[92.596,22.124],[92.589,22.132],[92.593,22.139],[92.578,22.144],[92.575,22.138],[92.564,22.134],[92.562,22.128],[92.575,22.115],[92.576,22.106],[92.581,22.099],[92.585,22.082],[92.589,22.081],[92.59,22.07],[92.6,22.052],[92.593,22.041],[92.594,22.032],[92.599,22.028],[92.597,22.012],[92.599,22.006],[92.61,21.998],[92.611,21.984],[92.604,21.982],[92.607,21.975],[92.623,21.982],[92.635,21.984],[92.642,21.993],[92.643,22.002],[92.651,22.01],[92.653,22.017],[92.667,22.013],[92.67,22.01],[92.68,22.012],[92.685,22.042],[92.682,22.074],[92.682,22.104],[92.687,22.104],[92.689,22.072],[92.692,22.076],[92.691,22.105],[92.693,22.121],[92.692,22.134],[92.697,22.143],[92.695,22.154],[92.713,22.147],[92.725,22.148],[92.735,22.134],[92.763,22.119],[92.774,22.107],[92.788,22.105],[92.801,22.095],[92.81,22.096],[92.818,22.085],[92.818,22.075],[92.83,22.074],[92.838,22.07],[92.841,22.059],[92.857,22.067],[92.863,22.062],[92.865,22.052],[92.863,22.033],[92.864,22.024],[92.876,22.021],[92.878,22.015],[92.891,22.011],[92.903,21.941],[92.912,21.952],[92.912,21.962],[92.915,21.98],[92.923,21.994],[92.929,21.996],[92.935,22.006],[92.929,22.011],[92.93,22.017],[92.939,22.014],[92.942,22.02],[92.952,22.03],[92.956,22.03],[92.964,22.017],[92.964,22.011],[92.978,21.998],[92.981,21.981],[92.996,21.98],[93.003,21.983],[93.004,21.995],[93.002,22.007],[93.004,22.017],[92.994,22.031],[92.994,22.042],[92.998,22.055],[93.001,22.058],[93.004,22.076],[93.012,22.088],[93.005,22.105],[93.049,22.1],[93.056,22.1],[93.059,22.107],[93.057,22.122],[93.037,22.144],[93.048,22.164],[93.049,22.174],[93.04,22.187],[93.042,22.199],[93.047,22.203],[93.057,22.202],[93.063,22.208],[93.088,22.197],[93.102,22.199],[93.111,22.204],[93.114,22.191],[93.128,22.173],[93.151,22.176],[93.156,22.181],[93.161,22.197],[93.153,22.209],[93.152,22.217],[93.143,22.238],[93.142,22.246],[93.164,22.25],[93.168,22.246],[93.181,22.249],[93.199,22.256],[93.202,22.266],[93.198,22.27],[93.193,22.297],[93.196,22.303],[93.191,22.309],[93.196,22.315],[93.189,22.322],[93.196,22.327],[93.193,22.335],[93.186,22.339],[93.188,22.365],[93.183,22.374],[93.186,22.381],[93.182,22.395],[93.187,22.404],[93.182,22.419],[93.185,22.428],[93.178,22.433],[93.178,22.438],[93.168,22.443],[93.163,22.451],[93.152,22.454],[93.14,22.454],[93.131,22.468],[93.134,22.482],[93.135,22.493],[93.126,22.501],[93.124,22.509],[93.128,22.524],[93.109,22.525],[93.112,22.533],[93.109,22.547],[93.115,22.563],[93.122,22.566],[93.129,22.578],[93.138,22.583],[93.14,22.593],[93.134,22.614],[93.127,22.618],[93.122,22.626],[93.109,22.635],[93.109,22.657],[93.101,22.661],[93.096,22.672],[93.094,22.681],[93.102,22.681],[93.097,22.699],[93.091,22.704],[93.092,22.713],[93.098,22.719],[93.099,22.729],[93.106,22.743],[93.107,22.754],[93.1,22.764],[93.102,22.768],[93.095,22.786],[93.098,22.791],[93.094,22.806],[93.11,22.818],[93.111,22.827],[93.118,22.843],[93.116,22.846],[93.118,22.865],[93.124,22.868],[93.126,22.877],[93.134,22.892],[93.129,22.902],[93.136,22.913],[93.142,22.914],[93.15,22.908],[93.164,22.91],[93.163,22.916],[93.155,22.918],[93.145,22.934],[93.146,22.942],[93.138,22.951],[93.141,22.958],[93.135,22.971],[93.143,22.973],[93.139,22.982],[93.141,22.989],[93.127,22.996],[93.123,23.008],[93.125,23.025],[93.128,23.032],[93.127,23.044],[93.139,23.054],[93.152,23.053],[93.153,23.044],[93.163,23.048],[93.169,23.047],[93.183,23.06],[93.189,23.052],[93.195,23.055],[93.21,23.047],[93.211,23.04],[93.217,23.033],[93.215,23.028],[93.23,23.019],[93.229,23.012],[93.241,23.007],[93.262,23.009],[93.271,23.011],[93.276,23.004],[93.283,23.009],[93.294,23.007],[93.298,23.014],[93.313,23.027],[93.32,23.029],[93.327,23.039],[93.328,23.048],[93.34,23.068],[93.345,23.071],[93.343,23.086],[93.353,23.097],[93.356,23.107],[93.366,23.122],[93.376,23.132],[93.384,23.133],[93.387,23.144],[93.37,23.142],[93.368,23.146],[93.372,23.16],[93.374,23.177],[93.38,23.187],[93.377,23.19],[93.38,23.2],[93.375,23.205],[93.377,23.212],[93.385,23.219],[93.38,23.228],[93.381,23.232],[93.375,23.244],[93.368,23.269],[93.367,23.281],[93.369,23.289],[93.368,23.301],[93.363,23.313],[93.371,23.314],[93.367,23.322],[93.373,23.329],[93.362,23.337],[93.355,23.352],[93.389,23.364],[93.386,23.374],[93.394,23.377],[93.402,23.39],[93.394,23.398],[93.391,23.408],[93.388,23.449],[93.396,23.454],[93.394,23.464],[93.399,23.472],[93.393,23.478],[93.394,23.499],[93.398,23.51],[93.409,23.517],[93.409,23.523],[93.418,23.539],[93.41,23.563],[93.422,23.572],[93.422,23.583],[93.428,23.588],[93.426,23.599],[93.42,23.612],[93.42,23.622],[93.423,23.633],[93.416,23.641],[93.422,23.66],[93.436,23.678],[93.436,23.687],[93.429,23.687],[93.419,23.702],[93.41,23.704],[93.406,23.712],[93.409,23.717],[93.411,23.729],[93.406,23.733],[93.404,23.745],[93.395,23.749],[93.392,23.757],[93.396,23.769],[93.394,23.774],[93.398,23.793],[93.403,23.798],[93.402,23.812],[93.389,23.825],[93.389,23.841],[93.385,23.848],[93.389,23.866],[93.385,23.872],[93.389,23.889],[93.393,23.921],[93.392,23.927],[93.384,23.932],[93.37,23.931],[93.354,23.947],[93.351,23.961],[93.341,23.969],[93.333,23.979],[93.337,23.989],[93.332,24.001],[93.333,24.015],[93.339,24.021],[93.331,24.03],[93.335,24.035],[93.326,24.049],[93.318,24.053],[93.303,24.053],[93.286,24.047],[93.274,24.039],[93.269,24.032],[93.257,24.025],[93.251,24.033],[93.26,24.056],[93.261,24.07],[93.25,24.08],[93.238,24.083],[93.22,24.083],[93.222,24.07],[93.22,24.06],[93.212,24.049],[93.188,24.054],[93.169,24.051],[93.163,24.056],[93.166,24.074],[93.161,24.073],[93.148,24.085],[93.14,24.085],[93.133,24.078],[93.132,24.071],[93.124,24.061],[93.114,24.056],[93.099,24.043],[93.097,24.049],[93.097,24.073],[93.088,24.082],[93.078,24.102],[93.07,24.099],[93.061,24.092],[93.052,24.089],[93.037,24.093],[93.027,24.101],[93.012,24.102],[93.01,24.106],[92.991,24.116],[92.973,24.112],[92.971,24.118],[92.975,24.125],[92.982,24.125],[92.991,24.137],[92.988,24.148],[93.006,24.162],[93.003,24.173],[93.007,24.183],[92.999,24.194],[93,24.198],[93.015,24.201],[93.022,24.218],[93.016,24.225],[93.02,24.232],[93.009,24.244],[93.004,24.258],[93.012,24.271],[93.008,24.275],[93.008,24.287],[93.021,24.299],[93.034,24.321],[93.04,24.343],[93.03,24.344],[93.018,24.35],[93.017,24.362],[93.021,24.374],[93.018,24.383],[93.025,24.393],[93.01,24.406],[93.009,24.412]]]},"properties":{"ST_NM":"Mizoram","id":"mizoram"}},{"type":"Feature","geometry":{"type":"Polygon","coordinates":[[[95.195,27.031],[95.192,27.034],[95.15,26.999],[95.139,26.995],[95.108,26.977],[95.104,26.964],[95.081,26.95],[95.071,26.949],[95.05,26.939],[95.035,26.936],[95.017,26.921],[95,26.92],[94.991,26.921],[94.99,26.914],[94.982,26.913],[94.976,26.921],[94.968,26.923],[94.961,26.937],[94.955,26.94],[94.94,26.934],[94.931,26.933],[94.924,26.947],[94.914,26.937],[94.902,26.935],[94.891,26.93],[94.873,26.918],[94.866,26.909],[94.858,26.889],[94.844,26.869],[94.835,26.867],[94.834,26.86],[94.818,26.848],[94.819,26.838],[94.813,26.834],[94.814,26.82],[94.804,26.814],[94.804,26.803],[94.8,26.8],[94.768,26.787],[94.767,26.778],[94.76,26.776],[94.758,26.766],[94.752,26.766],[94.748,26.773],[94.74,26.771],[94.736,26.764],[94.707,26.746],[94.694,26.733],[94.653,26.719],[94.642,26.721],[94.625,26.716],[94.62,26.724],[94.597,26.735],[94.59,26.697],[94.578,26.701],[94.566,26.69],[94.562,26.695],[94.562,26.705],[94.539,26.706],[94.535,26.702],[94.52,26.698],[94.517,26.682],[94.506,26.679],[94.493,26.666],[94.481,26.667],[94.46,26.661],[94.454,26.651],[94.459,26.645],[94.462,26.632],[94.45,26.636],[94.439,26.624],[94.426,26.617],[94.404,26.612],[94.402,26.594],[94.412,26.583],[94.411,26.573],[94.406,26.568],[94.407,26.56],[94.403,26.545],[94.39,26.527],[94.376,26.521],[94.374,26.507],[94.364,26.504],[94.355,26.503],[94.349,26.496],[94.349,26.489],[94.334,26.479],[94.325,26.482],[94.321,26.476],[94.315,26.458],[94.293,26.471],[94.288,26.495],[94.283,26.505],[94.286,26.518],[94.282,26.525],[94.281,26.549],[94.284,26.561],[94.271,26.549],[94.256,26.541],[94.253,26.533],[94.237,26.506],[94.221,26.498],[94.207,26.486],[94.203,26.469],[94.194,26.461],[94.185,26.459],[94.174,26.432],[94.176,26.425],[94.172,26.416],[94.177,26.382],[94.172,26.373],[94.171,26.363],[94.16,26.354],[94.162,26.347],[94.173,26.351],[94.178,26.346],[94.172,26.338],[94.141,26.331],[94.12,26.329],[94.112,26.318],[94.105,26.32],[94.1,26.314],[94.098,26.302],[94.084,26.289],[94.075,26.284],[94.072,26.276],[94.075,26.264],[94.069,26.258],[94.057,26.256],[94.047,26.249],[94.042,26.235],[94.036,26.226],[94.032,26.198],[94.022,26.194],[94.015,26.184],[94.008,26.183],[94.001,26.172],[94.004,26.16],[93.994,26.148],[94.004,26.143],[93.998,26.131],[93.989,26.133],[93.993,26.118],[93.987,26.114],[93.997,26.107],[93.989,26.097],[93.989,26.088],[93.982,26.082],[93.986,26.072],[93.985,26.065],[93.971,26.047],[93.97,26.04],[93.962,26.037],[93.963,26.026],[93.959,26.012],[93.953,26.003],[93.959,25.994],[93.954,25.969],[93.969,25.957],[93.97,25.937],[93.978,25.928],[93.979,25.917],[93.971,25.913],[93.967,25.906],[93.952,25.899],[93.938,25.896],[93.934,25.885],[93.916,25.884],[93.907,25.873],[93.902,25.871],[93.896,25.858],[93.889,25.858],[93.886,25.848],[93.876,25.843],[93.87,25.849],[93.852,25.858],[93.845,25.858],[93.825,25.844],[93.821,25.839],[93.816,25.823],[93.795,25.809],[93.79,25.811],[93.785,25.829],[93.78,25.836],[93.781,25.845],[93.778,25.849],[93.784,25.859],[93.787,25.878],[93.784,25.885],[93.793,25.896],[93.796,25.903],[93.792,25.916],[93.791,25.926],[93.786,25.942],[93.787,25.947],[93.77,25.96],[93.767,25.951],[93.758,25.952],[93.758,25.945],[93.745,25.94],[93.735,25.924],[93.715,25.919],[93.708,25.919],[93.701,25.911],[93.694,25.912],[93.681,25.904],[93.702,25.852],[93.701,25.843],[93.691,25.844],[93.68,25.838],[93.678,25.828],[93.66,25.822],[93.639,25.816],[93.633,25.804],[93.626,25.797],[93.627,25.791],[93.618,25.777],[93.604,25.774],[93.601,25.765],[93.584,25.764],[93.579,25.756],[93.572,25.754],[93.562,25.738],[93.555,25.734],[93.542,25.731],[93.543,25.715],[93.548,25.712],[93.536,25.702],[93.531,25.693],[93.52,25.692],[93.518,25.682],[93.506,25.664],[93.496,25.655],[93.489,25.655],[93.481,25.645],[93.464,25.645],[93.46,25.632],[93.449,25.636],[93.437,25.635],[93.431,25.63],[93.425,25.63],[93.422,25.62],[93.414,25.619],[93.401,25.611],[93.403,25.602],[93.38,25.584],[93.379,25.577],[93.369,25.571],[93.364,25.561],[93.342,25.56],[93.327,25.545],[93.335,25.536],[93.353,25.528],[93.358,25.513],[93.369,25.498],[93.374,25.498],[93.384,25.489],[93.389,25.474],[93.384,25.47],[93.401,25.456],[93.402,25.451],[93.415,25.445],[93.426,25.448],[93.436,25.448],[93.443,25.441],[93.455,25.434],[93.461,25.422],[93.459,25.408],[93.462,25.398],[93.473,25.386],[93.472,25.374],[93.464,25.36],[93.459,25.361],[93.451,25.354],[93.448,25.34],[93.456,25.335],[93.454,25.325],[93.453,25.322],[93.454,25.321],[93.464,25.314],[93.467,25.312],[93.467,25.311],[93.472,25.304],[93.474,25.294],[93.47,25.283],[93.471,25.274],[93.48,25.27],[93.493,25.274],[93.506,25.269],[93.501,25.256],[93.501,25.244],[93.512,25.243],[93.517,25.247],[93.535,25.244],[93.547,25.248],[93.556,25.246],[93.564,25.239],[93.569,25.226],[93.584,25.222],[93.59,25.213],[93.593,25.203],[93.605,25.199],[93.611,25.204],[93.608,25.211],[93.615,25.218],[93.623,25.236],[93.628,25.242],[93.637,25.264],[93.646,25.267],[93.645,25.276],[93.652,25.284],[93.661,25.299],[93.658,25.304],[93.667,25.309],[93.667,25.322],[93.673,25.328],[93.681,25.329],[93.683,25.341],[93.687,25.346],[93.687,25.357],[93.71,25.358],[93.716,25.372],[93.731,25.38],[93.736,25.386],[93.735,25.394],[93.742,25.404],[93.765,25.415],[93.773,25.425],[93.783,25.433],[93.782,25.44],[93.794,25.455],[93.805,25.463],[93.81,25.484],[93.801,25.496],[93.79,25.501],[93.78,25.501],[93.767,25.494],[93.762,25.495],[93.758,25.505],[93.759,25.512],[93.767,25.534],[93.78,25.534],[93.786,25.537],[93.816,25.542],[93.822,25.554],[93.828,25.553],[93.834,25.561],[93.841,25.556],[93.86,25.553],[93.871,25.555],[93.888,25.565],[93.903,25.562],[93.908,25.565],[93.918,25.559],[93.93,25.56],[93.945,25.557],[93.955,25.55],[93.97,25.556],[93.983,25.568],[93.994,25.569],[94.005,25.565],[94.01,25.572],[94.002,25.585],[94.01,25.592],[94.022,25.59],[94.035,25.58],[94.037,25.574],[94.048,25.576],[94.06,25.564],[94.066,25.553],[94.076,25.558],[94.085,25.554],[94.092,25.544],[94.093,25.53],[94.11,25.523],[94.123,25.523],[94.137,25.518],[94.144,25.523],[94.15,25.543],[94.156,25.551],[94.163,25.542],[94.177,25.547],[94.192,25.549],[94.191,25.54],[94.186,25.532],[94.187,25.524],[94.195,25.521],[94.209,25.504],[94.208,25.496],[94.222,25.491],[94.24,25.496],[94.25,25.494],[94.255,25.501],[94.267,25.498],[94.286,25.506],[94.302,25.505],[94.319,25.503],[94.349,25.512],[94.355,25.512],[94.374,25.522],[94.381,25.531],[94.418,25.538],[94.422,25.553],[94.421,25.576],[94.425,25.587],[94.438,25.592],[94.459,25.604],[94.468,25.614],[94.479,25.615],[94.488,25.612],[94.506,25.614],[94.507,25.624],[94.514,25.626],[94.521,25.634],[94.535,25.642],[94.539,25.65],[94.549,25.656],[94.552,25.666],[94.564,25.675],[94.561,25.683],[94.572,25.692],[94.584,25.685],[94.588,25.675],[94.58,25.669],[94.583,25.658],[94.573,25.648],[94.573,25.638],[94.59,25.64],[94.588,25.633],[94.575,25.623],[94.577,25.616],[94.571,25.607],[94.56,25.598],[94.557,25.582],[94.561,25.573],[94.558,25.567],[94.564,25.561],[94.556,25.556],[94.567,25.548],[94.558,25.541],[94.562,25.533],[94.554,25.529],[94.557,25.52],[94.554,25.503],[94.568,25.501],[94.578,25.495],[94.586,25.485],[94.592,25.484],[94.61,25.47],[94.616,25.462],[94.637,25.456],[94.647,25.456],[94.657,25.449],[94.675,25.446],[94.681,25.455],[94.683,25.466],[94.692,25.465],[94.711,25.471],[94.717,25.471],[94.727,25.476],[94.744,25.481],[94.753,25.494],[94.761,25.483],[94.784,25.481],[94.789,25.49],[94.806,25.492],[94.812,25.512],[94.825,25.524],[94.823,25.534],[94.83,25.544],[94.847,25.562],[94.854,25.564],[94.885,25.564],[94.897,25.566],[94.897,25.571],[94.881,25.585],[94.882,25.59],[94.893,25.598],[94.897,25.597],[94.915,25.607],[94.916,25.621],[94.922,25.635],[94.925,25.65],[94.932,25.656],[94.936,25.668],[94.947,25.673],[94.96,25.684],[94.97,25.688],[94.973,25.694],[94.989,25.707],[94.992,25.719],[95.004,25.729],[95.012,25.732],[95.023,25.731],[95.028,25.738],[95.041,25.742],[95.049,25.76],[95.044,25.774],[95.05,25.793],[95.047,25.802],[95.033,25.814],[95.033,25.823],[95.029,25.84],[95.023,25.844],[95.018,25.86],[95.009,25.867],[95.01,25.875],[95.019,25.881],[95.013,25.898],[95.03,25.918],[95.032,25.926],[95.044,25.927],[95.048,25.935],[95.064,25.943],[95.073,25.942],[95.083,25.95],[95.096,25.956],[95.101,25.966],[95.114,25.976],[95.116,25.983],[95.126,25.986],[95.141,26.009],[95.153,26.022],[95.159,26.025],[95.163,26.047],[95.177,26.064],[95.186,26.073],[95.176,26.084],[95.165,26.093],[95.147,26.088],[95.142,26.095],[95.13,26.095],[95.118,26.101],[95.116,26.113],[95.126,26.128],[95.119,26.141],[95.117,26.163],[95.127,26.178],[95.122,26.186],[95.132,26.201],[95.142,26.212],[95.133,26.215],[95.119,26.226],[95.114,26.233],[95.125,26.247],[95.12,26.261],[95.121,26.271],[95.125,26.277],[95.124,26.285],[95.128,26.293],[95.128,26.302],[95.122,26.306],[95.126,26.323],[95.123,26.331],[95.128,26.337],[95.121,26.35],[95.122,26.357],[95.129,26.366],[95.132,26.378],[95.129,26.385],[95.12,26.387],[95.096,26.401],[95.104,26.421],[95.095,26.434],[95.084,26.445],[95.072,26.446],[95.065,26.442],[95.062,26.45],[95.072,26.464],[95.073,26.473],[95.086,26.488],[95.095,26.492],[95.1,26.506],[95.114,26.518],[95.116,26.524],[95.113,26.536],[95.107,26.541],[95.123,26.552],[95.126,26.558],[95.139,26.556],[95.141,26.567],[95.148,26.579],[95.154,26.583],[95.147,26.593],[95.149,26.616],[95.163,26.622],[95.167,26.635],[95.18,26.642],[95.193,26.641],[95.208,26.648],[95.22,26.661],[95.234,26.682],[95.23,26.694],[95.233,26.706],[95.226,26.71],[95.227,26.716],[95.21,26.731],[95.219,26.746],[95.216,26.756],[95.231,26.765],[95.228,26.775],[95.235,26.777],[95.238,26.786],[95.229,26.785],[95.215,26.79],[95.212,26.798],[95.205,26.805],[95.197,26.823],[95.198,26.839],[95.204,26.844],[95.187,26.848],[95.182,26.861],[95.186,26.866],[95.2,26.871],[95.215,26.884],[95.221,26.881],[95.23,26.884],[95.229,26.896],[95.232,26.903],[95.229,26.908],[95.232,26.92],[95.226,26.926],[95.212,26.93],[95.207,26.942],[95.209,26.949],[95.202,26.958],[95.211,26.966],[95.203,26.971],[95.201,26.977],[95.191,26.985],[95.197,27.002],[95.195,27.031]]]},"properties":{"ST_NM":"Nagaland","id":"nagaland"}},{"type":"Feature","geometry":{"type":"Polygon","coordinates":[[[76.777,30.904],[76.771,30.907],[76.766,30.921],[76.759,30.926],[76.749,30.928],[76.74,30.936],[76.736,30.946],[76.722,30.961],[76.717,30.96],[76.708,30.97],[76.698,30.971],[76.684,30.968],[76.673,30.969],[76.666,30.981],[76.659,30.981],[76.652,30.988],[76.638,30.99],[76.634,30.996],[76.625,30.999],[76.628,31.025],[76.617,31.031],[76.611,31.046],[76.623,31.055],[76.618,31.07],[76.627,31.093],[76.636,31.101],[76.639,31.108],[76.636,31.116],[76.617,31.116],[76.613,31.122],[76.602,31.124],[76.602,31.129],[76.611,31.141],[76.612,31.148],[76.602,31.153],[76.607,31.178],[76.615,31.19],[76.625,31.198],[76.645,31.209],[76.636,31.218],[76.639,31.223],[76.628,31.227],[76.614,31.218],[76.593,31.212],[76.589,31.223],[76.595,31.227],[76.598,31.24],[76.611,31.244],[76.612,31.25],[76.596,31.261],[76.588,31.274],[76.579,31.271],[76.565,31.262],[76.561,31.254],[76.549,31.253],[76.544,31.259],[76.55,31.27],[76.551,31.279],[76.543,31.282],[76.538,31.271],[76.539,31.261],[76.531,31.256],[76.523,31.26],[76.53,31.271],[76.521,31.28],[76.506,31.268],[76.499,31.27],[76.486,31.304],[76.48,31.308],[76.463,31.293],[76.459,31.285],[76.44,31.279],[76.441,31.288],[76.459,31.295],[76.463,31.303],[76.455,31.312],[76.432,31.327],[76.419,31.349],[76.408,31.366],[76.404,31.378],[76.393,31.39],[76.403,31.397],[76.397,31.407],[76.388,31.409],[76.39,31.417],[76.379,31.428],[76.373,31.424],[76.372,31.408],[76.353,31.399],[76.331,31.401],[76.33,31.379],[76.342,31.378],[76.341,31.364],[76.346,31.354],[76.347,31.343],[76.338,31.34],[76.331,31.347],[76.308,31.343],[76.314,31.329],[76.323,31.322],[76.311,31.32],[76.299,31.311],[76.275,31.301],[76.267,31.311],[76.25,31.308],[76.241,31.309],[76.214,31.299],[76.191,31.3],[76.181,31.311],[76.181,31.334],[76.179,31.341],[76.159,31.344],[76.149,31.353],[76.147,31.365],[76.148,31.381],[76.163,31.391],[76.17,31.399],[76.169,31.41],[76.16,31.415],[76.163,31.421],[76.153,31.434],[76.147,31.434],[76.135,31.451],[76.135,31.461],[76.128,31.474],[76.117,31.483],[76.121,31.489],[76.119,31.499],[76.113,31.5],[76.101,31.523],[76.098,31.536],[76.088,31.548],[76.08,31.554],[76.072,31.57],[76.059,31.581],[76.055,31.606],[76.046,31.604],[76.041,31.61],[76.028,31.62],[76.018,31.632],[76.021,31.639],[76.018,31.65],[76.009,31.653],[76.006,31.662],[76.005,31.675],[76,31.688],[75.995,31.694],[75.983,31.719],[75.971,31.757],[75.96,31.781],[75.953,31.788],[75.937,31.814],[75.947,31.813],[75.969,31.824],[75.979,31.813],[75.986,31.82],[75.979,31.823],[75.966,31.838],[75.961,31.855],[75.937,31.898],[75.912,31.94],[75.911,31.949],[75.892,31.962],[75.874,31.97],[75.857,31.974],[75.851,31.982],[75.824,31.983],[75.811,31.988],[75.78,32.005],[75.765,32.019],[75.751,32.038],[75.742,32.039],[75.724,32.033],[75.711,32.041],[75.703,32.055],[75.691,32.061],[75.677,32.064],[75.675,32.07],[75.654,32.078],[75.647,32.073],[75.637,32.071],[75.632,32.074],[75.62,32.073],[75.602,32.066],[75.596,32.069],[75.594,32.079],[75.601,32.093],[75.611,32.093],[75.62,32.098],[75.627,32.106],[75.629,32.121],[75.644,32.127],[75.661,32.137],[75.673,32.159],[75.666,32.164],[75.667,32.178],[75.659,32.177],[75.663,32.192],[75.652,32.197],[75.638,32.188],[75.625,32.19],[75.627,32.207],[75.626,32.216],[75.639,32.221],[75.636,32.232],[75.626,32.232],[75.618,32.237],[75.643,32.252],[75.657,32.251],[75.684,32.262],[75.704,32.268],[75.713,32.273],[75.745,32.277],[75.773,32.29],[75.783,32.31],[75.802,32.328],[75.815,32.33],[75.808,32.342],[75.811,32.349],[75.827,32.351],[75.832,32.355],[75.845,32.357],[75.847,32.372],[75.857,32.385],[75.874,32.396],[75.887,32.396],[75.894,32.393],[75.916,32.397],[75.922,32.392],[75.932,32.399],[75.919,32.412],[75.921,32.429],[75.906,32.439],[75.901,32.453],[75.89,32.458],[75.879,32.47],[75.858,32.484],[75.847,32.497],[75.845,32.507],[75.834,32.512],[75.834,32.506],[75.832,32.503],[75.827,32.505],[75.826,32.5],[75.823,32.495],[75.814,32.489],[75.802,32.486],[75.778,32.466],[75.76,32.461],[75.755,32.456],[75.73,32.453],[75.727,32.446],[75.743,32.433],[75.737,32.43],[75.724,32.41],[75.711,32.411],[75.701,32.4],[75.687,32.391],[75.674,32.394],[75.648,32.387],[75.636,32.381],[75.604,32.377],[75.597,32.378],[75.56,32.357],[75.539,32.336],[75.537,32.326],[75.542,32.322],[75.542,32.306],[75.533,32.278],[75.521,32.277],[75.509,32.284],[75.503,32.292],[75.512,32.308],[75.482,32.32],[75.486,32.324],[75.48,32.334],[75.472,32.334],[75.466,32.33],[75.466,32.327],[75.448,32.326],[75.441,32.318],[75.44,32.318],[75.435,32.318],[75.432,32.317],[75.419,32.32],[75.411,32.329],[75.395,32.328],[75.376,32.335],[75.363,32.333],[75.356,32.337],[75.349,32.345],[75.341,32.346],[75.333,32.328],[75.337,32.323],[75.334,32.312],[75.321,32.297],[75.345,32.292],[75.35,32.289],[75.344,32.279],[75.372,32.28],[75.381,32.269],[75.374,32.266],[75.37,32.258],[75.37,32.242],[75.374,32.241],[75.372,32.225],[75.366,32.22],[75.342,32.217],[75.331,32.22],[75.32,32.204],[75.31,32.196],[75.318,32.188],[75.314,32.172],[75.307,32.169],[75.299,32.154],[75.285,32.152],[75.277,32.137],[75.283,32.132],[75.277,32.116],[75.263,32.112],[75.266,32.107],[75.261,32.102],[75.245,32.1],[75.24,32.091],[75.229,32.093],[75.235,32.104],[75.22,32.108],[75.216,32.121],[75.203,32.119],[75.205,32.109],[75.204,32.097],[75.198,32.099],[75.196,32.084],[75.179,32.076],[75.174,32.068],[75.166,32.072],[75.158,32.082],[75.142,32.08],[75.123,32.082],[75.102,32.059],[75.096,32.068],[75.084,32.06],[75.075,32.059],[75.069,32.064],[75.059,32.053],[75.052,32.051],[75.041,32.043],[75.032,32.051],[75.019,32.047],[75.012,32.036],[75.001,32.041],[74.985,32.042],[74.974,32.053],[74.945,32.064],[74.927,32.066],[74.919,32.062],[74.913,32.054],[74.905,32.05],[74.89,32.055],[74.875,32.051],[74.872,32.042],[74.876,32.034],[74.859,32.022],[74.848,32.02],[74.853,32.013],[74.847,32.008],[74.839,32.008],[74.829,31.998],[74.831,31.981],[74.819,31.959],[74.806,31.963],[74.802,31.958],[74.782,31.956],[74.768,31.948],[74.755,31.956],[74.756,31.944],[74.743,31.94],[74.734,31.945],[74.722,31.943],[74.714,31.932],[74.719,31.924],[74.708,31.923],[74.696,31.927],[74.677,31.926],[74.658,31.91],[74.658,31.902],[74.651,31.902],[74.637,31.884],[74.63,31.882],[74.616,31.889],[74.608,31.89],[74.61,31.878],[74.607,31.869],[74.596,31.866],[74.591,31.849],[74.583,31.852],[74.571,31.837],[74.571,31.819],[74.565,31.808],[74.558,31.805],[74.567,31.796],[74.556,31.791],[74.551,31.779],[74.562,31.763],[74.559,31.758],[74.547,31.752],[74.532,31.748],[74.514,31.74],[74.505,31.74],[74.503,31.728],[74.494,31.726],[74.487,31.715],[74.499,31.709],[74.503,31.703],[74.502,31.695],[74.524,31.687],[74.535,31.678],[74.53,31.669],[74.54,31.66],[74.537,31.653],[74.548,31.643],[74.547,31.632],[74.555,31.608],[74.575,31.604],[74.581,31.594],[74.582,31.587],[74.592,31.574],[74.61,31.569],[74.607,31.564],[74.616,31.557],[74.613,31.543],[74.613,31.527],[74.604,31.524],[74.596,31.526],[74.584,31.521],[74.581,31.507],[74.587,31.504],[74.584,31.497],[74.594,31.496],[74.595,31.502],[74.61,31.5],[74.614,31.489],[74.62,31.485],[74.632,31.487],[74.629,31.476],[74.639,31.473],[74.648,31.466],[74.653,31.455],[74.64,31.448],[74.639,31.441],[74.654,31.428],[74.643,31.416],[74.634,31.419],[74.631,31.426],[74.622,31.43],[74.619,31.42],[74.609,31.424],[74.596,31.416],[74.594,31.407],[74.587,31.398],[74.583,31.379],[74.552,31.364],[74.551,31.353],[74.543,31.335],[74.534,31.325],[74.538,31.321],[74.534,31.305],[74.541,31.306],[74.531,31.284],[74.521,31.269],[74.533,31.25],[74.528,31.24],[74.519,31.233],[74.517,31.227],[74.525,31.22],[74.526,31.212],[74.521,31.203],[74.519,31.184],[74.512,31.182],[74.51,31.173],[74.513,31.164],[74.511,31.158],[74.515,31.152],[74.51,31.132],[74.525,31.129],[74.539,31.123],[74.548,31.122],[74.551,31.087],[74.571,31.081],[74.574,31.086],[74.601,31.088],[74.611,31.099],[74.61,31.112],[74.597,31.126],[74.601,31.132],[74.631,31.133],[74.632,31.122],[74.64,31.12],[74.647,31.127],[74.659,31.134],[74.666,31.124],[74.673,31.124],[74.689,31.128],[74.69,31.118],[74.698,31.112],[74.698,31.104],[74.702,31.092],[74.691,31.081],[74.696,31.074],[74.671,31.054],[74.658,31.05],[74.646,31.05],[74.62,31.044],[74.613,31.045],[74.597,31.038],[74.59,31.05],[74.574,31.057],[74.561,31.049],[74.559,31.039],[74.548,31.032],[74.54,31.009],[74.546,30.992],[74.516,30.979],[74.509,30.967],[74.498,30.964],[74.492,30.974],[74.48,30.974],[74.457,30.964],[74.464,30.958],[74.442,30.952],[74.439,30.942],[74.429,30.942],[74.418,30.938],[74.414,30.93],[74.424,30.93],[74.423,30.908],[74.397,30.909],[74.383,30.895],[74.366,30.893],[74.367,30.886],[74.361,30.874],[74.382,30.86],[74.37,30.857],[74.363,30.847],[74.355,30.848],[74.348,30.855],[74.325,30.85],[74.32,30.827],[74.309,30.818],[74.299,30.805],[74.297,30.797],[74.303,30.782],[74.297,30.777],[74.274,30.774],[74.267,30.777],[74.261,30.77],[74.274,30.753],[74.274,30.744],[74.286,30.736],[74.281,30.731],[74.275,30.737],[74.265,30.725],[74.26,30.723],[74.249,30.726],[74.245,30.723],[74.233,30.725],[74.227,30.719],[74.219,30.693],[74.212,30.688],[74.205,30.676],[74.193,30.665],[74.182,30.661],[74.169,30.649],[74.163,30.648],[74.149,30.632],[74.138,30.627],[74.129,30.632],[74.127,30.624],[74.121,30.622],[74.118,30.608],[74.105,30.619],[74.101,30.603],[74.095,30.601],[74.102,30.579],[74.073,30.555],[74.08,30.548],[74.091,30.549],[74.072,30.523],[74.057,30.519],[74.052,30.528],[74.05,30.537],[74.039,30.543],[74.038,30.532],[74.024,30.526],[74.012,30.534],[74.011,30.521],[74.02,30.514],[73.993,30.514],[73.982,30.504],[73.976,30.494],[73.964,30.485],[73.97,30.478],[73.964,30.456],[73.954,30.458],[73.946,30.468],[73.948,30.484],[73.935,30.49],[73.928,30.466],[73.938,30.452],[73.937,30.436],[73.95,30.437],[73.96,30.441],[73.968,30.44],[73.965,30.425],[73.946,30.414],[73.936,30.401],[73.923,30.398],[73.916,30.385],[73.904,30.375],[73.885,30.367],[73.88,30.36],[73.903,30.349],[73.915,30.335],[73.932,30.319],[73.937,30.306],[73.956,30.276],[73.962,30.263],[73.967,30.235],[73.973,30.198],[73.974,30.189],[73.972,30.175],[73.968,30.168],[73.968,30.144],[73.971,30.125],[73.968,30.119],[73.952,30.104],[73.949,30.096],[73.93,30.069],[73.904,30.05],[73.894,30.022],[73.886,30.012],[73.886,29.997],[73.895,29.983],[73.896,29.974],[73.964,29.971],[74.102,29.967],[74.142,29.965],[74.249,29.958],[74.384,29.95],[74.527,29.943],[74.532,29.949],[74.542,29.94],[74.564,29.928],[74.582,29.924],[74.597,29.912],[74.629,29.905],[74.647,29.904],[74.649,29.921],[74.658,29.932],[74.686,29.949],[74.694,29.967],[74.702,29.972],[74.731,29.961],[74.74,29.968],[74.753,29.968],[74.763,29.973],[74.779,29.972],[74.806,29.992],[74.816,29.992],[74.824,29.986],[74.825,29.975],[74.838,29.971],[74.845,29.964],[74.856,29.956],[74.864,29.96],[74.876,29.958],[74.888,29.967],[74.903,29.952],[74.897,29.939],[74.905,29.94],[74.919,29.947],[74.923,29.952],[74.936,29.929],[74.936,29.927],[74.952,29.903],[74.979,29.894],[74.977,29.888],[74.99,29.868],[74.998,29.866],[75.006,29.869],[75.022,29.866],[75.033,29.88],[75.048,29.885],[75.056,29.878],[75.07,29.877],[75.074,29.882],[75.075,29.896],[75.089,29.917],[75.11,29.902],[75.11,29.893],[75.115,29.879],[75.107,29.868],[75.093,29.858],[75.091,29.853],[75.103,29.842],[75.111,29.842],[75.119,29.831],[75.105,29.824],[75.1,29.819],[75.101,29.807],[75.119,29.803],[75.127,29.807],[75.137,29.806],[75.14,29.786],[75.151,29.776],[75.165,29.782],[75.167,29.788],[75.159,29.801],[75.164,29.824],[75.176,29.828],[75.191,29.841],[75.21,29.833],[75.214,29.824],[75.21,29.817],[75.209,29.793],[75.216,29.788],[75.226,29.789],[75.224,29.781],[75.236,29.76],[75.242,29.755],[75.238,29.74],[75.226,29.729],[75.216,29.738],[75.208,29.738],[75.201,29.726],[75.197,29.716],[75.198,29.703],[75.207,29.702],[75.207,29.688],[75.199,29.68],[75.188,29.681],[75.168,29.667],[75.175,29.656],[75.188,29.652],[75.183,29.638],[75.182,29.629],[75.198,29.619],[75.207,29.622],[75.219,29.616],[75.222,29.61],[75.235,29.602],[75.222,29.58],[75.23,29.577],[75.234,29.57],[75.242,29.546],[75.258,29.549],[75.271,29.549],[75.28,29.554],[75.281,29.561],[75.296,29.559],[75.309,29.561],[75.31,29.576],[75.314,29.589],[75.305,29.596],[75.303,29.603],[75.29,29.607],[75.295,29.616],[75.296,29.625],[75.306,29.625],[75.317,29.631],[75.323,29.642],[75.322,29.652],[75.332,29.663],[75.333,29.673],[75.341,29.675],[75.349,29.667],[75.358,29.661],[75.36,29.668],[75.354,29.675],[75.346,29.696],[75.359,29.7],[75.359,29.706],[75.371,29.704],[75.376,29.714],[75.384,29.712],[75.393,29.721],[75.388,29.728],[75.395,29.733],[75.396,29.739],[75.405,29.739],[75.405,29.758],[75.414,29.77],[75.428,29.771],[75.438,29.78],[75.448,29.784],[75.454,29.782],[75.458,29.795],[75.453,29.802],[75.462,29.808],[75.48,29.793],[75.486,29.792],[75.499,29.783],[75.503,29.778],[75.519,29.776],[75.527,29.762],[75.533,29.771],[75.561,29.771],[75.57,29.757],[75.572,29.743],[75.58,29.739],[75.59,29.748],[75.601,29.75],[75.617,29.744],[75.63,29.75],[75.634,29.755],[75.635,29.772],[75.661,29.777],[75.678,29.776],[75.683,29.766],[75.692,29.755],[75.703,29.752],[75.709,29.755],[75.705,29.764],[75.712,29.774],[75.71,29.781],[75.716,29.79],[75.714,29.802],[75.721,29.813],[75.738,29.814],[75.747,29.807],[75.758,29.806],[75.763,29.811],[75.779,29.822],[75.789,29.811],[75.806,29.805],[75.816,29.804],[75.835,29.814],[75.837,29.794],[75.844,29.79],[75.851,29.773],[75.867,29.767],[75.87,29.749],[75.884,29.75],[75.886,29.745],[75.899,29.746],[75.906,29.754],[75.915,29.747],[75.922,29.738],[75.939,29.731],[75.951,29.732],[75.984,29.727],[75.994,29.739],[76.017,29.743],[76.031,29.748],[76.043,29.743],[76.067,29.774],[76.077,29.775],[76.085,29.785],[76.085,29.801],[76.09,29.801],[76.098,29.811],[76.105,29.812],[76.12,29.8],[76.129,29.797],[76.148,29.82],[76.172,29.818],[76.185,29.823],[76.196,29.842],[76.213,29.842],[76.232,29.854],[76.244,29.852],[76.244,29.869],[76.247,29.874],[76.23,29.885],[76.219,29.884],[76.193,29.886],[76.186,29.892],[76.189,29.909],[76.188,29.917],[76.182,29.923],[76.172,29.926],[76.178,29.933],[76.178,29.942],[76.191,29.955],[76.195,29.966],[76.205,29.974],[76.211,29.988],[76.207,29.994],[76.21,30.005],[76.225,30.008],[76.231,30.016],[76.214,30.023],[76.214,30.032],[76.223,30.037],[76.222,30.048],[76.228,30.053],[76.226,30.059],[76.236,30.068],[76.249,30.085],[76.249,30.092],[76.241,30.102],[76.229,30.107],[76.22,30.116],[76.216,30.124],[76.223,30.127],[76.207,30.145],[76.21,30.155],[76.227,30.145],[76.243,30.132],[76.256,30.126],[76.254,30.122],[76.268,30.114],[76.275,30.115],[76.285,30.106],[76.297,30.114],[76.309,30.108],[76.319,30.097],[76.334,30.1],[76.34,30.099],[76.354,30.117],[76.352,30.122],[76.342,30.126],[76.333,30.138],[76.35,30.147],[76.359,30.14],[76.363,30.124],[76.368,30.118],[76.389,30.113],[76.399,30.116],[76.391,30.135],[76.401,30.139],[76.409,30.147],[76.395,30.158],[76.387,30.171],[76.396,30.18],[76.403,30.182],[76.406,30.19],[76.422,30.192],[76.434,30.183],[76.435,30.176],[76.441,30.166],[76.436,30.156],[76.428,30.151],[76.438,30.142],[76.441,30.131],[76.451,30.132],[76.46,30.129],[76.456,30.115],[76.463,30.101],[76.491,30.095],[76.503,30.095],[76.513,30.086],[76.516,30.073],[76.532,30.078],[76.535,30.075],[76.547,30.076],[76.558,30.085],[76.561,30.093],[76.575,30.102],[76.558,30.11],[76.549,30.112],[76.553,30.122],[76.566,30.114],[76.577,30.11],[76.599,30.113],[76.621,30.137],[76.64,30.15],[76.633,30.167],[76.622,30.168],[76.6,30.184],[76.603,30.193],[76.617,30.201],[76.636,30.197],[76.645,30.189],[76.629,30.179],[76.636,30.169],[76.652,30.177],[76.656,30.185],[76.65,30.191],[76.653,30.201],[76.639,30.206],[76.621,30.205],[76.615,30.211],[76.625,30.219],[76.624,30.228],[76.604,30.238],[76.603,30.252],[76.591,30.253],[76.585,30.245],[76.566,30.232],[76.558,30.25],[76.557,30.262],[76.572,30.265],[76.584,30.27],[76.593,30.262],[76.601,30.27],[76.609,30.268],[76.614,30.272],[76.623,30.265],[76.639,30.284],[76.65,30.291],[76.67,30.312],[76.677,30.308],[76.686,30.315],[76.681,30.318],[76.688,30.327],[76.695,30.322],[76.7,30.328],[76.711,30.326],[76.716,30.336],[76.722,30.333],[76.733,30.348],[76.738,30.346],[76.748,30.353],[76.746,30.367],[76.738,30.37],[76.725,30.362],[76.724,30.372],[76.713,30.388],[76.715,30.403],[76.728,30.4],[76.74,30.411],[76.735,30.419],[76.741,30.426],[76.749,30.429],[76.761,30.428],[76.769,30.431],[76.776,30.441],[76.788,30.434],[76.777,30.425],[76.79,30.415],[76.795,30.419],[76.804,30.413],[76.811,30.416],[76.823,30.412],[76.839,30.426],[76.836,30.43],[76.847,30.438],[76.851,30.435],[76.856,30.418],[76.874,30.41],[76.883,30.409],[76.882,30.401],[76.886,30.394],[76.898,30.382],[76.891,30.372],[76.898,30.359],[76.916,30.365],[76.921,30.375],[76.933,30.382],[76.939,30.395],[76.931,30.401],[76.911,30.4],[76.918,30.406],[76.911,30.419],[76.915,30.425],[76.899,30.426],[76.886,30.43],[76.891,30.441],[76.896,30.44],[76.903,30.454],[76.912,30.466],[76.907,30.474],[76.897,30.481],[76.899,30.489],[76.911,30.494],[76.92,30.49],[76.931,30.501],[76.929,30.508],[76.932,30.522],[76.916,30.526],[76.913,30.534],[76.896,30.538],[76.905,30.543],[76.916,30.554],[76.915,30.562],[76.909,30.565],[76.918,30.576],[76.92,30.593],[76.927,30.604],[76.926,30.61],[76.912,30.613],[76.91,30.626],[76.903,30.624],[76.896,30.629],[76.896,30.636],[76.881,30.645],[76.871,30.642],[76.874,30.674],[76.868,30.674],[76.862,30.664],[76.847,30.657],[76.846,30.669],[76.833,30.663],[76.829,30.681],[76.809,30.667],[76.797,30.668],[76.79,30.676],[76.777,30.67],[76.764,30.686],[76.752,30.685],[76.747,30.696],[76.739,30.693],[76.739,30.706],[76.73,30.707],[76.73,30.724],[76.721,30.73],[76.713,30.741],[76.705,30.743],[76.708,30.75],[76.706,30.757],[76.712,30.762],[76.729,30.765],[76.744,30.77],[76.744,30.776],[76.761,30.791],[76.771,30.795],[76.783,30.789],[76.787,30.78],[76.783,30.771],[76.791,30.769],[76.811,30.78],[76.818,30.778],[76.818,30.771],[76.805,30.765],[76.815,30.753],[76.82,30.761],[76.826,30.764],[76.838,30.755],[76.842,30.775],[76.854,30.787],[76.857,30.795],[76.845,30.807],[76.849,30.814],[76.847,30.834],[76.826,30.841],[76.814,30.843],[76.815,30.852],[76.801,30.866],[76.79,30.87],[76.784,30.878],[76.777,30.897],[76.777,30.904]]]},"properties":{"ST_NM":"Punjab","id":"punjab"}},{"type":"Feature","geometry":{"type":"Polygon","coordinates":[[[74.527,29.943],[74.384,29.95],[74.249,29.958],[74.142,29.965],[74.102,29.967],[73.964,29.971],[73.896,29.974],[73.895,29.983],[73.886,29.997],[73.886,30.012],[73.894,30.022],[73.904,30.05],[73.93,30.069],[73.949,30.096],[73.952,30.104],[73.968,30.119],[73.971,30.125],[73.968,30.144],[73.968,30.168],[73.972,30.175],[73.974,30.189],[73.973,30.198],[73.908,30.149],[73.83,30.094],[73.821,30.086],[73.806,30.068],[73.749,30.055],[73.597,30.019],[73.544,30],[73.397,29.946],[73.394,29.938],[73.358,29.815],[73.336,29.742],[73.317,29.682],[73.282,29.572],[73.242,29.504],[73.239,29.498],[73.184,29.404],[73.095,29.252],[73.085,29.236],[73.031,29.18],[73.004,29.153],[72.979,29.099],[72.945,29.028],[72.808,28.976],[72.804,28.975],[72.732,28.948],[72.627,28.892],[72.479,28.812],[72.404,28.783],[72.354,28.733],[72.333,28.708],[72.299,28.67],[72.289,28.638],[72.28,28.607],[72.234,28.479],[72.206,28.394],[72.196,28.382],[72.152,28.335],[72.132,28.313],[72.096,28.287],[72.016,28.228],[71.996,28.208],[71.928,28.122],[71.92,28.079],[71.898,27.962],[71.875,27.955],[71.824,27.936],[71.734,27.903],[71.666,27.878],[71.538,27.876],[71.481,27.873],[71.447,27.874],[71.383,27.872],[71.292,27.853],[71.22,27.838],[71.205,27.835],[71.164,27.819],[71.15,27.814],[71.129,27.804],[71.09,27.787],[71.062,27.774],[71.019,27.758],[70.982,27.742],[70.963,27.729],[70.951,27.729],[70.906,27.71],[70.872,27.706],[70.759,27.721],[70.75,27.734],[70.739,27.742],[70.732,27.76],[70.698,27.811],[70.684,27.828],[70.678,27.872],[70.679,27.884],[70.677,27.922],[70.633,27.961],[70.598,27.993],[70.589,28.01],[70.554,28.026],[70.521,28.032],[70.505,28.037],[70.489,28.035],[70.439,28.02],[70.372,28.012],[70.311,27.95],[70.296,27.936],[70.226,27.901],[70.206,27.879],[70.197,27.867],[70.155,27.829],[70.145,27.82],[70.132,27.806],[70.123,27.788],[70.113,27.76],[70.096,27.72],[70.068,27.655],[70.026,27.563],[70,27.547],[69.966,27.524],[69.934,27.498],[69.908,27.459],[69.891,27.433],[69.876,27.415],[69.863,27.402],[69.85,27.393],[69.814,27.365],[69.783,27.343],[69.76,27.321],[69.714,27.293],[69.702,27.284],[69.645,27.225],[69.628,27.211],[69.6,27.194],[69.587,27.184],[69.513,27.01],[69.514,27.002],[69.511,26.98],[69.497,26.867],[69.489,26.832],[69.484,26.805],[69.486,26.798],[69.51,26.744],[69.575,26.716],[69.72,26.655],[69.728,26.65],[69.761,26.624],[69.792,26.598],[69.824,26.589],[69.886,26.579],[69.934,26.582],[70.012,26.593],[70.056,26.601],[70.117,26.587],[70.138,26.572],[70.155,26.564],[70.174,26.551],[70.178,26.522],[70.179,26.506],[70.183,26.494],[70.184,26.48],[70.18,26.455],[70.177,26.424],[70.185,26.374],[70.179,26.343],[70.163,26.295],[70.175,26.252],[70.168,26.218],[70.141,26.156],[70.083,26.083],[70.097,25.951],[70.1,25.938],[70.174,25.828],[70.197,25.816],[70.222,25.793],[70.251,25.756],[70.263,25.72],[70.268,25.714],[70.29,25.705],[70.358,25.68],[70.387,25.674],[70.448,25.682],[70.501,25.685],[70.53,25.684],[70.552,25.692],[70.594,25.711],[70.609,25.715],[70.647,25.713],[70.66,25.702],[70.674,25.676],[70.673,25.645],[70.67,25.633],[70.671,25.611],[70.669,25.593],[70.667,25.531],[70.678,25.526],[70.673,25.475],[70.672,25.42],[70.665,25.397],[70.698,25.365],[70.737,25.333],[70.751,25.278],[70.819,25.214],[70.842,25.191],[70.888,25.148],[70.891,25.134],[70.902,25.073],[70.908,25.044],[70.92,24.996],[70.937,24.939],[70.944,24.926],[70.955,24.913],[70.992,24.864],[71.007,24.839],[71.018,24.819],[71.026,24.809],[71.034,24.788],[71.065,24.718],[71.112,24.676],[71.171,24.656],[71.2,24.646],[71.288,24.616],[71.299,24.624],[71.314,24.648],[71.348,24.661],[71.359,24.631],[71.378,24.626],[71.384,24.634],[71.394,24.633],[71.398,24.641],[71.423,24.648],[71.427,24.656],[71.45,24.669],[71.462,24.666],[71.478,24.68],[71.513,24.679],[71.529,24.685],[71.542,24.676],[71.561,24.679],[71.573,24.684],[71.578,24.682],[71.585,24.67],[71.59,24.667],[71.608,24.677],[71.612,24.673],[71.624,24.67],[71.63,24.66],[71.639,24.659],[71.644,24.644],[71.655,24.639],[71.662,24.644],[71.678,24.646],[71.691,24.654],[71.697,24.654],[71.708,24.662],[71.731,24.66],[71.736,24.66],[71.762,24.669],[71.772,24.675],[71.792,24.677],[71.802,24.672],[71.81,24.656],[71.803,24.631],[71.816,24.62],[71.832,24.623],[71.839,24.621],[71.852,24.609],[71.856,24.623],[71.865,24.631],[71.857,24.654],[71.858,24.666],[71.872,24.682],[71.885,24.677],[71.888,24.672],[71.908,24.677],[71.92,24.671],[71.92,24.664],[71.912,24.658],[71.915,24.649],[71.926,24.636],[71.939,24.636],[71.94,24.636],[71.955,24.645],[71.964,24.645],[71.978,24.657],[71.988,24.657],[71.983,24.672],[71.984,24.686],[71.994,24.695],[72.001,24.688],[72.012,24.69],[72.043,24.704],[72.049,24.71],[72.058,24.712],[72.085,24.707],[72.088,24.7],[72.093,24.682],[72.086,24.679],[72.09,24.659],[72.098,24.656],[72.109,24.647],[72.125,24.638],[72.128,24.642],[72.15,24.644],[72.161,24.635],[72.165,24.621],[72.187,24.619],[72.217,24.627],[72.227,24.639],[72.234,24.64],[72.249,24.627],[72.255,24.625],[72.263,24.631],[72.283,24.626],[72.289,24.619],[72.296,24.625],[72.305,24.617],[72.315,24.62],[72.32,24.618],[72.335,24.633],[72.348,24.627],[72.343,24.621],[72.344,24.609],[72.339,24.6],[72.331,24.599],[72.318,24.594],[72.308,24.596],[72.303,24.606],[72.295,24.609],[72.29,24.604],[72.276,24.607],[72.264,24.604],[72.255,24.593],[72.246,24.586],[72.253,24.575],[72.269,24.561],[72.275,24.565],[72.286,24.565],[72.29,24.55],[72.296,24.547],[72.302,24.55],[72.324,24.551],[72.331,24.569],[72.341,24.563],[72.354,24.564],[72.358,24.551],[72.368,24.548],[72.368,24.538],[72.377,24.525],[72.38,24.513],[72.392,24.511],[72.413,24.517],[72.442,24.515],[72.444,24.508],[72.43,24.48],[72.434,24.46],[72.451,24.442],[72.453,24.433],[72.458,24.425],[72.457,24.415],[72.475,24.414],[72.5,24.417],[72.493,24.459],[72.504,24.458],[72.505,24.471],[72.515,24.486],[72.52,24.5],[72.534,24.504],[72.537,24.52],[72.547,24.511],[72.576,24.479],[72.614,24.472],[72.656,24.462],[72.681,24.465],[72.688,24.458],[72.687,24.452],[72.68,24.443],[72.689,24.412],[72.7,24.396],[72.72,24.375],[72.724,24.368],[72.733,24.364],[72.771,24.368],[72.804,24.363],[72.815,24.37],[72.837,24.369],[72.85,24.372],[72.87,24.366],[72.891,24.357],[72.911,24.337],[72.919,24.344],[72.938,24.348],[72.954,24.356],[72.978,24.373],[72.974,24.383],[72.949,24.398],[72.962,24.406],[72.971,24.417],[72.973,24.426],[72.981,24.437],[72.974,24.44],[72.975,24.449],[72.969,24.453],[72.986,24.469],[72.987,24.473],[73,24.483],[73.007,24.475],[73.001,24.469],[73.019,24.465],[73.043,24.469],[73.048,24.475],[73.067,24.484],[73.071,24.492],[73.086,24.498],[73.096,24.49],[73.091,24.475],[73.102,24.471],[73.103,24.456],[73.098,24.448],[73.103,24.433],[73.101,24.427],[73.087,24.412],[73.077,24.397],[73.087,24.387],[73.103,24.387],[73.112,24.373],[73.124,24.368],[73.133,24.367],[73.152,24.354],[73.171,24.356],[73.187,24.371],[73.196,24.376],[73.206,24.375],[73.219,24.364],[73.206,24.351],[73.199,24.332],[73.19,24.333],[73.182,24.343],[73.175,24.33],[73.174,24.308],[73.167,24.299],[73.141,24.311],[73.135,24.308],[73.131,24.289],[73.125,24.273],[73.108,24.264],[73.104,24.255],[73.094,24.247],[73.093,24.238],[73.097,24.231],[73.092,24.223],[73.078,24.219],[73.079,24.205],[73.067,24.195],[73.077,24.179],[73.099,24.159],[73.104,24.15],[73.129,24.123],[73.137,24.123],[73.157,24.109],[73.156,24.104],[73.165,24.096],[73.167,24.095],[73.183,24.09],[73.197,24.086],[73.214,24.078],[73.205,24.061],[73.201,24.05],[73.193,24.041],[73.209,24.034],[73.21,24.029],[73.23,24.022],[73.23,24.016],[73.237,24.012],[73.239,24.004],[73.249,24.003],[73.261,24.018],[73.27,24.021],[73.282,24.019],[73.289,24.027],[73.29,24.034],[73.3,24.047],[73.307,24.046],[73.316,24.053],[73.316,24.058],[73.323,24.07],[73.325,24.077],[73.322,24.089],[73.327,24.11],[73.339,24.099],[73.349,24.107],[73.362,24.105],[73.361,24.082],[73.386,24.065],[73.405,24.041],[73.401,24.031],[73.407,24.017],[73.408,24.008],[73.403,23.991],[73.415,23.986],[73.416,23.97],[73.413,23.946],[73.421,23.931],[73.42,23.925],[73.409,23.921],[73.407,23.916],[73.395,23.919],[73.387,23.916],[73.379,23.905],[73.378,23.896],[73.371,23.891],[73.369,23.88],[73.361,23.873],[73.354,23.852],[73.368,23.839],[73.368,23.814],[73.357,23.794],[73.356,23.785],[73.372,23.77],[73.383,23.769],[73.386,23.777],[73.394,23.783],[73.411,23.78],[73.419,23.775],[73.416,23.77],[73.432,23.756],[73.445,23.755],[73.45,23.733],[73.456,23.734],[73.461,23.727],[73.472,23.719],[73.474,23.705],[73.491,23.707],[73.507,23.703],[73.508,23.695],[73.504,23.657],[73.497,23.649],[73.506,23.647],[73.506,23.639],[73.494,23.632],[73.503,23.625],[73.506,23.619],[73.523,23.607],[73.533,23.62],[73.546,23.626],[73.569,23.653],[73.59,23.654],[73.615,23.652],[73.642,23.627],[73.656,23.621],[73.645,23.604],[73.644,23.588],[73.648,23.574],[73.637,23.566],[73.633,23.555],[73.635,23.538],[73.633,23.529],[73.65,23.519],[73.656,23.507],[73.65,23.496],[73.641,23.496],[73.64,23.483],[73.633,23.469],[73.634,23.461],[73.627,23.45],[73.636,23.449],[73.646,23.441],[73.653,23.442],[73.662,23.449],[73.674,23.454],[73.681,23.453],[73.691,23.458],[73.704,23.451],[73.705,23.438],[73.713,23.414],[73.721,23.41],[73.729,23.423],[73.749,23.44],[73.756,23.45],[73.767,23.453],[73.772,23.439],[73.779,23.431],[73.796,23.432],[73.802,23.437],[73.819,23.438],[73.828,23.447],[73.833,23.436],[73.83,23.426],[73.839,23.419],[73.846,23.407],[73.858,23.396],[73.867,23.378],[73.874,23.375],[73.874,23.364],[73.888,23.356],[73.893,23.348],[73.89,23.336],[73.919,23.335],[73.934,23.339],[73.939,23.344],[73.937,23.357],[73.938,23.368],[73.962,23.381],[73.967,23.375],[73.974,23.373],[73.984,23.353],[73.982,23.338],[73.988,23.336],[74.004,23.336],[74.029,23.332],[74.025,23.321],[74.034,23.305],[74.045,23.306],[74.038,23.295],[74.048,23.293],[74.072,23.299],[74.083,23.296],[74.092,23.298],[74.107,23.294],[74.114,23.284],[74.116,23.274],[74.139,23.266],[74.136,23.245],[74.139,23.241],[74.137,23.229],[74.141,23.223],[74.135,23.216],[74.136,23.211],[74.126,23.204],[74.123,23.185],[74.128,23.176],[74.147,23.173],[74.151,23.168],[74.155,23.156],[74.173,23.156],[74.181,23.152],[74.185,23.157],[74.183,23.168],[74.189,23.178],[74.196,23.18],[74.203,23.19],[74.212,23.19],[74.218,23.184],[74.235,23.18],[74.247,23.184],[74.253,23.172],[74.269,23.164],[74.274,23.158],[74.277,23.141],[74.284,23.126],[74.293,23.118],[74.285,23.102],[74.283,23.095],[74.289,23.088],[74.3,23.086],[74.318,23.073],[74.324,23.061],[74.329,23.061],[74.342,23.068],[74.356,23.08],[74.356,23.089],[74.385,23.111],[74.405,23.112],[74.423,23.104],[74.432,23.105],[74.441,23.095],[74.464,23.082],[74.489,23.087],[74.506,23.085],[74.513,23.096],[74.524,23.096],[74.539,23.103],[74.546,23.114],[74.543,23.131],[74.564,23.132],[74.577,23.134],[74.585,23.14],[74.597,23.138],[74.618,23.15],[74.625,23.162],[74.632,23.164],[74.649,23.175],[74.664,23.195],[74.671,23.2],[74.682,23.194],[74.699,23.192],[74.708,23.194],[74.715,23.191],[74.725,23.201],[74.744,23.211],[74.74,23.218],[74.726,23.215],[74.716,23.219],[74.702,23.214],[74.692,23.219],[74.698,23.226],[74.715,23.237],[74.713,23.25],[74.698,23.258],[74.701,23.265],[74.686,23.267],[74.678,23.272],[74.667,23.269],[74.649,23.256],[74.639,23.255],[74.627,23.259],[74.625,23.27],[74.62,23.277],[74.607,23.283],[74.599,23.277],[74.585,23.279],[74.569,23.295],[74.557,23.278],[74.544,23.28],[74.539,23.3],[74.534,23.301],[74.528,23.311],[74.53,23.32],[74.523,23.321],[74.517,23.316],[74.514,23.328],[74.535,23.331],[74.54,23.338],[74.538,23.346],[74.542,23.365],[74.555,23.361],[74.558,23.368],[74.569,23.376],[74.566,23.386],[74.573,23.396],[74.57,23.414],[74.575,23.423],[74.582,23.422],[74.587,23.427],[74.594,23.424],[74.599,23.429],[74.6,23.438],[74.607,23.446],[74.616,23.46],[74.639,23.464],[74.652,23.462],[74.66,23.468],[74.667,23.478],[74.677,23.483],[74.687,23.495],[74.7,23.504],[74.719,23.503],[74.725,23.495],[74.732,23.5],[74.736,23.511],[74.733,23.52],[74.762,23.522],[74.767,23.535],[74.773,23.544],[74.794,23.551],[74.803,23.532],[74.811,23.541],[74.822,23.541],[74.829,23.551],[74.84,23.55],[74.851,23.559],[74.857,23.574],[74.873,23.577],[74.87,23.592],[74.88,23.595],[74.882,23.606],[74.894,23.609],[74.902,23.618],[74.904,23.625],[74.915,23.618],[74.924,23.62],[74.927,23.625],[74.937,23.629],[74.936,23.64],[74.929,23.641],[74.924,23.651],[74.922,23.666],[74.904,23.675],[74.909,23.688],[74.922,23.695],[74.918,23.707],[74.92,23.715],[74.927,23.72],[74.932,23.734],[74.93,23.75],[74.94,23.765],[74.932,23.784],[74.924,23.797],[74.904,23.794],[74.908,23.822],[74.911,23.826],[74.909,23.836],[74.914,23.841],[74.906,23.848],[74.903,23.861],[74.902,23.873],[74.908,23.881],[74.91,23.905],[74.919,23.916],[74.92,23.925],[74.916,23.93],[74.927,23.938],[74.929,23.954],[74.933,23.959],[74.948,23.963],[74.956,23.969],[74.962,23.977],[74.963,23.998],[74.965,24.007],[74.982,24.026],[74.978,24.037],[74.973,24.04],[74.962,24.039],[74.96,24.046],[74.948,24.049],[74.939,24.054],[74.94,24.07],[74.921,24.077],[74.918,24.098],[74.915,24.102],[74.903,24.109],[74.908,24.121],[74.901,24.126],[74.902,24.139],[74.895,24.153],[74.895,24.159],[74.88,24.173],[74.882,24.18],[74.891,24.188],[74.899,24.19],[74.907,24.201],[74.91,24.21],[74.898,24.214],[74.897,24.227],[74.888,24.229],[74.868,24.243],[74.85,24.236],[74.824,24.24],[74.811,24.244],[74.794,24.243],[74.778,24.239],[74.761,24.241],[74.754,24.245],[74.747,24.253],[74.749,24.259],[74.759,24.266],[74.782,24.29],[74.78,24.306],[74.784,24.314],[74.779,24.324],[74.781,24.338],[74.791,24.346],[74.798,24.357],[74.808,24.377],[74.809,24.382],[74.821,24.379],[74.825,24.4],[74.841,24.409],[74.85,24.422],[74.855,24.424],[74.855,24.44],[74.851,24.446],[74.842,24.441],[74.834,24.443],[74.83,24.435],[74.814,24.437],[74.821,24.457],[74.815,24.469],[74.806,24.467],[74.787,24.472],[74.778,24.461],[74.765,24.467],[74.744,24.469],[74.744,24.474],[74.732,24.481],[74.727,24.489],[74.709,24.486],[74.712,24.5],[74.718,24.508],[74.732,24.514],[74.745,24.513],[74.744,24.532],[74.756,24.535],[74.752,24.548],[74.754,24.554],[74.744,24.572],[74.758,24.577],[74.778,24.581],[74.787,24.586],[74.783,24.605],[74.78,24.615],[74.79,24.62],[74.791,24.631],[74.803,24.634],[74.806,24.648],[74.814,24.652],[74.814,24.666],[74.798,24.664],[74.784,24.657],[74.775,24.659],[74.774,24.666],[74.778,24.682],[74.784,24.692],[74.783,24.713],[74.78,24.73],[74.804,24.735],[74.799,24.77],[74.8,24.779],[74.809,24.781],[74.818,24.745],[74.827,24.73],[74.836,24.706],[74.86,24.678],[74.873,24.656],[74.874,24.649],[74.884,24.642],[74.89,24.634],[74.894,24.644],[74.902,24.639],[74.929,24.636],[74.943,24.64],[74.953,24.652],[74.964,24.671],[74.96,24.679],[74.973,24.68],[74.999,24.684],[75,24.692],[74.993,24.693],[74.993,24.71],[74.992,24.732],[75.015,24.732],[75.015,24.74],[75.007,24.772],[75.002,24.774],[74.982,24.764],[74.972,24.763],[74.955,24.773],[74.949,24.772],[74.937,24.778],[74.931,24.779],[74.923,24.771],[74.911,24.77],[74.907,24.782],[74.895,24.783],[74.88,24.79],[74.88,24.797],[74.861,24.799],[74.861,24.779],[74.849,24.776],[74.84,24.789],[74.838,24.797],[74.861,24.805],[74.859,24.838],[74.851,24.849],[74.845,24.867],[74.841,24.885],[74.831,24.886],[74.826,24.899],[74.825,24.923],[74.827,24.934],[74.834,24.944],[74.834,24.96],[74.843,24.969],[74.852,24.967],[74.86,24.962],[74.87,24.925],[74.88,24.93],[74.881,24.937],[74.888,24.937],[74.892,24.93],[74.903,24.93],[74.908,24.918],[74.913,24.916],[74.911,24.894],[74.924,24.878],[74.932,24.881],[74.945,24.879],[74.953,24.881],[74.948,24.865],[74.959,24.858],[74.968,24.856],[74.982,24.858],[74.985,24.853],[75.009,24.856],[75.022,24.848],[75.033,24.845],[75.048,24.85],[75.077,24.881],[75.088,24.879],[75.087,24.871],[75.098,24.872],[75.119,24.882],[75.113,24.901],[75.116,24.906],[75.118,24.926],[75.114,24.936],[75.115,24.943],[75.114,24.967],[75.127,24.967],[75.138,24.98],[75.142,24.99],[75.152,24.989],[75.159,25.002],[75.167,25.003],[75.161,25.018],[75.152,25.021],[75.153,25.032],[75.158,25.039],[75.165,25.04],[75.17,25.049],[75.193,25.033],[75.205,25.039],[75.215,25.035],[75.23,25.037],[75.25,25.036],[75.254,25.04],[75.268,25.043],[75.277,25.038],[75.292,25.039],[75.3,25.042],[75.325,25.04],[75.334,25.041],[75.35,25.034],[75.351,25.019],[75.338,25.019],[75.318,25.008],[75.311,24.992],[75.313,24.98],[75.318,24.975],[75.327,24.971],[75.33,24.961],[75.337,24.955],[75.335,24.944],[75.329,24.934],[75.325,24.918],[75.321,24.914],[75.32,24.902],[75.315,24.896],[75.309,24.917],[75.302,24.921],[75.305,24.928],[75.29,24.938],[75.282,24.953],[75.285,24.966],[75.261,24.963],[75.258,24.953],[75.267,24.949],[75.273,24.936],[75.279,24.935],[75.277,24.925],[75.286,24.924],[75.294,24.907],[75.284,24.908],[75.277,24.899],[75.273,24.904],[75.264,24.895],[75.263,24.875],[75.274,24.875],[75.28,24.869],[75.29,24.866],[75.295,24.858],[75.308,24.856],[75.318,24.86],[75.327,24.875],[75.338,24.873],[75.351,24.874],[75.374,24.868],[75.397,24.879],[75.407,24.885],[75.419,24.886],[75.426,24.884],[75.425,24.868],[75.419,24.861],[75.42,24.856],[75.398,24.842],[75.38,24.838],[75.345,24.821],[75.335,24.822],[75.326,24.818],[75.316,24.803],[75.306,24.801],[75.298,24.807],[75.296,24.82],[75.29,24.834],[75.273,24.843],[75.241,24.846],[75.238,24.842],[75.225,24.844],[75.225,24.834],[75.232,24.831],[75.246,24.831],[75.254,24.824],[75.25,24.81],[75.244,24.805],[75.234,24.803],[75.22,24.804],[75.211,24.798],[75.205,24.786],[75.208,24.782],[75.202,24.771],[75.193,24.774],[75.19,24.754],[75.184,24.748],[75.188,24.744],[75.198,24.743],[75.209,24.718],[75.22,24.703],[75.225,24.715],[75.228,24.718],[75.242,24.713],[75.267,24.715],[75.285,24.709],[75.325,24.703],[75.349,24.701],[75.371,24.692],[75.392,24.691],[75.429,24.683],[75.455,24.681],[75.481,24.685],[75.492,24.688],[75.506,24.699],[75.534,24.712],[75.55,24.703],[75.564,24.708],[75.576,24.708],[75.583,24.713],[75.588,24.707],[75.601,24.696],[75.609,24.682],[75.627,24.682],[75.646,24.685],[75.658,24.693],[75.683,24.724],[75.715,24.741],[75.74,24.755],[75.757,24.762],[75.771,24.758],[75.785,24.762],[75.803,24.756],[75.838,24.725],[75.837,24.708],[75.834,24.688],[75.825,24.668],[75.839,24.669],[75.848,24.663],[75.848,24.649],[75.841,24.638],[75.847,24.631],[75.842,24.624],[75.828,24.62],[75.825,24.613],[75.838,24.598],[75.842,24.607],[75.849,24.611],[75.863,24.61],[75.872,24.606],[75.872,24.59],[75.879,24.583],[75.907,24.576],[75.915,24.569],[75.912,24.561],[75.906,24.563],[75.904,24.546],[75.916,24.543],[75.923,24.534],[75.921,24.521],[75.912,24.514],[75.902,24.518],[75.891,24.519],[75.888,24.507],[75.903,24.504],[75.904,24.497],[75.912,24.491],[75.905,24.473],[75.909,24.455],[75.903,24.454],[75.9,24.442],[75.89,24.439],[75.877,24.43],[75.875,24.426],[75.851,24.417],[75.839,24.414],[75.826,24.423],[75.825,24.427],[75.81,24.434],[75.814,24.451],[75.814,24.461],[75.802,24.469],[75.789,24.472],[75.786,24.467],[75.785,24.456],[75.769,24.437],[75.762,24.431],[75.752,24.428],[75.756,24.421],[75.755,24.408],[75.75,24.401],[75.728,24.396],[75.73,24.378],[75.74,24.377],[75.738,24.354],[75.742,24.35],[75.743,24.34],[75.738,24.335],[75.749,24.327],[75.761,24.315],[75.766,24.298],[75.772,24.297],[75.802,24.302],[75.811,24.296],[75.813,24.285],[75.812,24.273],[75.814,24.267],[75.812,24.258],[75.818,24.239],[75.83,24.233],[75.81,24.226],[75.807,24.217],[75.796,24.215],[75.792,24.21],[75.778,24.21],[75.772,24.2],[75.771,24.189],[75.774,24.181],[75.764,24.174],[75.759,24.156],[75.752,24.148],[75.761,24.132],[75.764,24.121],[75.781,24.117],[75.783,24.109],[75.789,24.105],[75.788,24.099],[75.793,24.092],[75.806,24.1],[75.817,24.085],[75.835,24.092],[75.835,24.07],[75.837,24.057],[75.815,24.051],[75.811,24.049],[75.782,24.043],[75.783,24.022],[75.775,24.015],[75.773,24.008],[75.763,24.01],[75.769,23.998],[75.765,23.993],[75.755,23.991],[75.742,23.993],[75.741,23.977],[75.731,23.977],[75.729,23.97],[75.718,23.967],[75.702,23.967],[75.696,23.987],[75.687,23.989],[75.688,24.005],[75.678,24.007],[75.671,24.018],[75.655,24.007],[75.632,23.996],[75.595,23.994],[75.585,23.991],[75.579,23.998],[75.573,23.998],[75.568,24.006],[75.549,24.007],[75.538,24.01],[75.521,24.025],[75.504,24.005],[75.493,23.998],[75.483,23.987],[75.475,23.983],[75.469,23.974],[75.466,23.948],[75.46,23.932],[75.459,23.921],[75.465,23.912],[75.479,23.911],[75.493,23.906],[75.502,23.896],[75.504,23.89],[75.521,23.885],[75.532,23.876],[75.543,23.872],[75.553,23.862],[75.566,23.853],[75.566,23.845],[75.579,23.839],[75.577,23.83],[75.562,23.833],[75.559,23.819],[75.566,23.81],[75.581,23.812],[75.589,23.81],[75.584,23.795],[75.599,23.798],[75.607,23.797],[75.621,23.801],[75.627,23.795],[75.653,23.797],[75.66,23.784],[75.675,23.782],[75.679,23.767],[75.687,23.755],[75.693,23.776],[75.702,23.786],[75.69,23.813],[75.721,23.813],[75.724,23.824],[75.722,23.836],[75.731,23.853],[75.737,23.856],[75.71,23.863],[75.709,23.869],[75.702,23.873],[75.706,23.899],[75.714,23.894],[75.721,23.897],[75.727,23.894],[75.735,23.899],[75.74,23.889],[75.753,23.887],[75.765,23.875],[75.762,23.866],[75.766,23.851],[75.774,23.848],[75.783,23.849],[75.792,23.859],[75.794,23.867],[75.804,23.866],[75.819,23.868],[75.821,23.874],[75.833,23.88],[75.84,23.875],[75.845,23.884],[75.853,23.888],[75.871,23.89],[75.877,23.88],[75.888,23.879],[75.895,23.889],[75.902,23.889],[75.928,23.899],[75.938,23.897],[75.944,23.907],[75.956,23.921],[75.969,23.925],[75.987,23.94],[75.984,23.95],[75.987,23.96],[75.985,23.974],[75.967,23.992],[75.967,23.999],[75.962,24.015],[75.963,24.019],[75.978,24.026],[75.999,24.021],[76.011,24.026],[76.021,24.035],[76.023,24.049],[76.031,24.052],[76.037,24.063],[76.043,24.066],[76.056,24.066],[76.067,24.07],[76.076,24.071],[76.101,24.087],[76.107,24.084],[76.122,24.085],[76.127,24.088],[76.12,24.108],[76.131,24.115],[76.127,24.132],[76.122,24.138],[76.124,24.159],[76.114,24.163],[76.118,24.195],[76.132,24.209],[76.138,24.218],[76.146,24.224],[76.148,24.235],[76.143,24.253],[76.139,24.256],[76.141,24.267],[76.137,24.271],[76.142,24.282],[76.149,24.285],[76.159,24.283],[76.168,24.296],[76.164,24.306],[76.172,24.306],[76.186,24.329],[76.197,24.309],[76.204,24.304],[76.204,24.298],[76.199,24.291],[76.195,24.273],[76.202,24.27],[76.203,24.242],[76.206,24.228],[76.205,24.217],[76.217,24.211],[76.225,24.216],[76.238,24.219],[76.255,24.215],[76.269,24.21],[76.286,24.21],[76.287,24.228],[76.302,24.236],[76.311,24.238],[76.319,24.245],[76.34,24.244],[76.358,24.24],[76.36,24.235],[76.393,24.217],[76.402,24.215],[76.41,24.201],[76.415,24.2],[76.416,24.22],[76.43,24.221],[76.451,24.209],[76.463,24.224],[76.471,24.226],[76.481,24.208],[76.505,24.203],[76.509,24.194],[76.512,24.169],[76.515,24.163],[76.528,24.157],[76.551,24.163],[76.562,24.173],[76.574,24.175],[76.574,24.187],[76.564,24.191],[76.57,24.209],[76.581,24.211],[76.59,24.217],[76.595,24.228],[76.584,24.243],[76.596,24.244],[76.611,24.238],[76.616,24.258],[76.629,24.26],[76.634,24.258],[76.64,24.268],[76.665,24.262],[76.677,24.27],[76.695,24.284],[76.697,24.26],[76.702,24.241],[76.692,24.234],[76.678,24.204],[76.676,24.191],[76.687,24.186],[76.701,24.168],[76.719,24.159],[76.726,24.161],[76.726,24.168],[76.756,24.169],[76.76,24.16],[76.769,24.16],[76.774,24.15],[76.788,24.132],[76.792,24.122],[76.802,24.117],[76.812,24.123],[76.833,24.122],[76.837,24.127],[76.855,24.136],[76.88,24.135],[76.879,24.13],[76.901,24.127],[76.905,24.145],[76.91,24.153],[76.91,24.166],[76.914,24.169],[76.916,24.188],[76.932,24.183],[76.937,24.185],[76.94,24.194],[76.947,24.198],[76.946,24.206],[76.933,24.207],[76.922,24.212],[76.923,24.225],[76.912,24.238],[76.9,24.24],[76.889,24.245],[76.888,24.252],[76.88,24.256],[76.88,24.261],[76.863,24.273],[76.86,24.296],[76.852,24.313],[76.841,24.323],[76.838,24.334],[76.836,24.359],[76.852,24.371],[76.845,24.376],[76.851,24.383],[76.84,24.413],[76.845,24.415],[76.85,24.423],[76.841,24.441],[76.844,24.45],[76.852,24.451],[76.853,24.467],[76.849,24.472],[76.846,24.486],[76.836,24.488],[76.837,24.493],[76.828,24.504],[76.828,24.513],[76.816,24.526],[76.816,24.534],[76.838,24.546],[76.862,24.548],[76.877,24.539],[76.873,24.528],[76.884,24.522],[76.89,24.525],[76.894,24.538],[76.902,24.546],[76.918,24.543],[76.921,24.528],[76.916,24.504],[76.917,24.483],[76.926,24.474],[76.939,24.472],[76.943,24.465],[76.951,24.466],[76.962,24.462],[76.978,24.461],[76.983,24.473],[76.999,24.473],[77.007,24.476],[77.013,24.492],[77.029,24.496],[77.031,24.503],[77.029,24.517],[77.042,24.525],[77.055,24.526],[77.06,24.546],[77.069,24.557],[77.071,24.572],[77.07,24.584],[77.066,24.592],[77.069,24.606],[77.068,24.626],[77.065,24.644],[77.057,24.654],[77.042,24.684],[77.041,24.7],[77.031,24.712],[77.025,24.714],[77.014,24.712],[76.998,24.718],[76.996,24.732],[76.992,24.735],[76.976,24.735],[76.971,24.739],[76.964,24.757],[76.947,24.759],[76.933,24.745],[76.915,24.738],[76.907,24.732],[76.901,24.734],[76.891,24.747],[76.874,24.744],[76.856,24.742],[76.85,24.747],[76.848,24.766],[76.826,24.792],[76.808,24.803],[76.803,24.809],[76.8,24.825],[76.812,24.827],[76.823,24.835],[76.832,24.838],[76.862,24.838],[76.87,24.84],[76.882,24.837],[76.898,24.839],[76.918,24.847],[76.926,24.847],[76.942,24.859],[76.945,24.866],[76.944,24.873],[76.934,24.874],[76.933,24.881],[76.922,24.88],[76.912,24.888],[76.915,24.899],[76.922,24.907],[76.923,24.914],[76.91,24.921],[76.89,24.919],[76.89,24.934],[76.877,24.942],[76.867,24.958],[76.862,24.961],[76.868,24.979],[76.867,24.99],[76.862,25.003],[76.875,25.008],[76.878,25.026],[76.877,25.041],[76.887,25.044],[76.911,25.043],[76.925,25.047],[76.946,25.047],[76.953,25.052],[76.966,25.052],[76.971,25.062],[76.989,25.072],[77,25.075],[77.011,25.073],[77.029,25.066],[77.043,25.063],[77.064,25.063],[77.071,25.058],[77.082,25.058],[77.096,25.066],[77.123,25.067],[77.135,25.087],[77.142,25.089],[77.167,25.085],[77.171,25.098],[77.169,25.102],[77.175,25.112],[77.185,25.108],[77.199,25.11],[77.204,25.114],[77.217,25.109],[77.241,25.107],[77.259,25.111],[77.27,25.116],[77.273,25.112],[77.289,25.106],[77.298,25.086],[77.31,25.081],[77.339,25.092],[77.341,25.096],[77.358,25.094],[77.376,25.105],[77.376,25.11],[77.395,25.12],[77.391,25.123],[77.396,25.138],[77.395,25.162],[77.4,25.166],[77.4,25.184],[77.409,25.183],[77.427,25.188],[77.418,25.198],[77.414,25.22],[77.412,25.224],[77.4,25.226],[77.382,25.246],[77.37,25.246],[77.369,25.255],[77.363,25.263],[77.355,25.263],[77.355,25.274],[77.362,25.279],[77.374,25.274],[77.377,25.287],[77.381,25.292],[77.381,25.306],[77.378,25.316],[77.367,25.329],[77.353,25.321],[77.35,25.329],[77.362,25.357],[77.36,25.369],[77.351,25.372],[77.35,25.382],[77.358,25.399],[77.365,25.401],[77.371,25.408],[77.362,25.419],[77.349,25.416],[77.331,25.427],[77.32,25.428],[77.312,25.431],[77.294,25.424],[77.279,25.41],[77.276,25.403],[77.266,25.395],[77.251,25.388],[77.245,25.379],[77.234,25.379],[77.228,25.368],[77.23,25.362],[77.228,25.346],[77.226,25.342],[77.234,25.334],[77.226,25.33],[77.207,25.327],[77.209,25.306],[77.185,25.309],[77.18,25.312],[77.164,25.309],[77.154,25.312],[77.144,25.321],[77.135,25.321],[77.125,25.331],[77.108,25.331],[77.084,25.337],[77.075,25.329],[77.07,25.319],[77.057,25.316],[77.046,25.319],[77.04,25.306],[77.031,25.295],[77.025,25.297],[76.998,25.298],[76.98,25.298],[76.974,25.3],[76.96,25.297],[76.958,25.284],[76.942,25.282],[76.93,25.283],[76.927,25.292],[76.929,25.303],[76.909,25.317],[76.902,25.324],[76.881,25.324],[76.857,25.333],[76.839,25.326],[76.82,25.326],[76.8,25.32],[76.79,25.32],[76.78,25.316],[76.741,25.328],[76.729,25.329],[76.717,25.338],[76.711,25.346],[76.701,25.351],[76.689,25.352],[76.683,25.349],[76.673,25.348],[76.667,25.356],[76.649,25.367],[76.649,25.372],[76.636,25.384],[76.629,25.378],[76.618,25.38],[76.611,25.389],[76.598,25.394],[76.599,25.403],[76.588,25.43],[76.583,25.437],[76.568,25.44],[76.555,25.453],[76.558,25.472],[76.555,25.484],[76.54,25.502],[76.537,25.511],[76.528,25.515],[76.516,25.528],[76.52,25.546],[76.516,25.558],[76.507,25.573],[76.506,25.58],[76.514,25.604],[76.511,25.629],[76.499,25.638],[76.498,25.651],[76.503,25.663],[76.503,25.673],[76.482,25.682],[76.476,25.69],[76.472,25.704],[76.475,25.713],[76.491,25.721],[76.501,25.728],[76.521,25.727],[76.523,25.739],[76.517,25.754],[76.518,25.765],[76.516,25.777],[76.521,25.792],[76.531,25.812],[76.537,25.819],[76.555,25.832],[76.578,25.866],[76.591,25.875],[76.615,25.868],[76.624,25.871],[76.632,25.9],[76.643,25.908],[76.671,25.91],[76.687,25.907],[76.706,25.9],[76.715,25.901],[76.731,25.905],[76.751,25.916],[76.757,25.927],[76.748,25.932],[76.751,25.941],[76.768,25.938],[76.779,25.939],[76.791,25.943],[76.805,25.961],[76.808,25.972],[76.802,25.977],[76.805,25.987],[76.813,25.998],[76.826,26.006],[76.834,26.02],[76.84,26.026],[76.857,26.035],[76.867,26.033],[76.878,26.044],[76.886,26.049],[76.89,26.063],[76.898,26.074],[76.902,26.094],[76.916,26.098],[76.948,26.103],[76.954,26.109],[76.978,26.125],[76.999,26.13],[77.002,26.142],[77.008,26.153],[77.019,26.16],[77.032,26.173],[77.056,26.18],[77.082,26.179],[77.1,26.186],[77.112,26.202],[77.116,26.22],[77.135,26.233],[77.143,26.234],[77.155,26.232],[77.17,26.233],[77.178,26.239],[77.193,26.232],[77.204,26.23],[77.216,26.239],[77.23,26.246],[77.252,26.26],[77.271,26.267],[77.278,26.275],[77.298,26.291],[77.317,26.312],[77.317,26.323],[77.321,26.333],[77.331,26.344],[77.334,26.341],[77.343,26.352],[77.356,26.355],[77.367,26.364],[77.377,26.365],[77.39,26.357],[77.398,26.361],[77.418,26.364],[77.444,26.362],[77.449,26.368],[77.446,26.375],[77.435,26.393],[77.439,26.404],[77.464,26.405],[77.488,26.411],[77.501,26.409],[77.524,26.407],[77.538,26.411],[77.548,26.418],[77.555,26.43],[77.562,26.437],[77.57,26.436],[77.589,26.446],[77.606,26.45],[77.615,26.454],[77.625,26.464],[77.627,26.472],[77.636,26.481],[77.66,26.491],[77.676,26.503],[77.685,26.504],[77.689,26.5],[77.713,26.498],[77.723,26.5],[77.73,26.505],[77.735,26.514],[77.739,26.529],[77.747,26.539],[77.758,26.54],[77.768,26.547],[77.783,26.552],[77.813,26.547],[77.826,26.552],[77.833,26.561],[77.836,26.578],[77.828,26.589],[77.827,26.596],[77.836,26.606],[77.855,26.614],[77.89,26.613],[77.897,26.617],[77.899,26.633],[77.898,26.655],[77.915,26.661],[77.954,26.659],[77.972,26.667],[77.985,26.675],[77.998,26.694],[78.018,26.693],[78.032,26.686],[78.051,26.685],[78.06,26.682],[78.074,26.671],[78.09,26.674],[78.095,26.679],[78.096,26.695],[78.093,26.72],[78.101,26.737],[78.117,26.742],[78.124,26.75],[78.117,26.757],[78.105,26.761],[78.101,26.774],[78.106,26.79],[78.116,26.797],[78.135,26.795],[78.155,26.784],[78.184,26.784],[78.187,26.795],[78.179,26.806],[78.169,26.813],[78.169,26.822],[78.176,26.826],[78.201,26.822],[78.223,26.831],[78.221,26.839],[78.213,26.846],[78.203,26.865],[78.196,26.881],[78.203,26.882],[78.209,26.869],[78.227,26.875],[78.233,26.874],[78.237,26.889],[78.244,26.889],[78.259,26.897],[78.265,26.911],[78.272,26.919],[78.257,26.935],[78.248,26.929],[78.239,26.927],[78.237,26.936],[78.221,26.943],[78.218,26.937],[78.211,26.931],[78.2,26.939],[78.192,26.942],[78.184,26.941],[78.169,26.948],[78.158,26.944],[78.144,26.95],[78.133,26.947],[78.125,26.949],[78.112,26.94],[78.122,26.935],[78.122,26.923],[78.105,26.927],[78.102,26.916],[78.106,26.914],[78.112,26.904],[78.095,26.904],[78.096,26.894],[78.072,26.906],[78.057,26.907],[78.049,26.91],[78.052,26.894],[78.05,26.879],[78.031,26.851],[78.026,26.85],[78.021,26.858],[78.032,26.865],[78.035,26.872],[78.025,26.872],[78.027,26.884],[78.022,26.899],[78.01,26.904],[78.002,26.903],[77.993,26.892],[77.987,26.889],[77.976,26.892],[77.968,26.904],[77.958,26.897],[77.948,26.894],[77.943,26.897],[77.941,26.906],[77.927,26.91],[77.916,26.907],[77.915,26.914],[77.906,26.918],[77.909,26.906],[77.904,26.883],[77.894,26.885],[77.885,26.891],[77.878,26.902],[77.868,26.906],[77.858,26.906],[77.85,26.913],[77.836,26.917],[77.832,26.914],[77.824,26.92],[77.815,26.92],[77.81,26.924],[77.798,26.916],[77.791,26.918],[77.787,26.924],[77.775,26.932],[77.761,26.933],[77.753,26.917],[77.746,26.921],[77.732,26.92],[77.718,26.897],[77.723,26.895],[77.728,26.885],[77.723,26.874],[77.706,26.877],[77.701,26.868],[77.694,26.874],[77.687,26.875],[77.676,26.868],[77.675,26.858],[77.667,26.854],[77.63,26.841],[77.62,26.843],[77.618,26.832],[77.608,26.828],[77.608,26.838],[77.601,26.836],[77.592,26.828],[77.578,26.827],[77.574,26.821],[77.556,26.818],[77.542,26.822],[77.526,26.819],[77.517,26.825],[77.517,26.836],[77.521,26.841],[77.508,26.846],[77.501,26.844],[77.499,26.825],[77.501,26.817],[77.487,26.788],[77.489,26.779],[77.503,26.769],[77.497,26.76],[77.486,26.749],[77.478,26.746],[77.455,26.742],[77.456,26.75],[77.469,26.766],[77.467,26.774],[77.454,26.778],[77.442,26.769],[77.431,26.771],[77.437,26.784],[77.428,26.793],[77.421,26.811],[77.408,26.817],[77.398,26.83],[77.405,26.835],[77.422,26.84],[77.431,26.849],[77.427,26.859],[77.437,26.863],[77.462,26.877],[77.46,26.885],[77.468,26.887],[77.49,26.9],[77.5,26.902],[77.523,26.911],[77.553,26.92],[77.583,26.924],[77.592,26.94],[77.602,26.933],[77.624,26.951],[77.651,26.964],[77.661,26.971],[77.671,26.961],[77.677,26.966],[77.676,26.973],[77.699,26.975],[77.722,26.988],[77.729,26.983],[77.745,26.985],[77.753,26.993],[77.75,27.002],[77.762,27.001],[77.757,27.012],[77.759,27.018],[77.75,27.021],[77.748,27.031],[77.738,27.03],[77.733,27.024],[77.729,27.008],[77.73,26.994],[77.711,26.997],[77.705,27.004],[77.705,27.015],[77.69,27.027],[77.693,27.04],[77.68,27.047],[77.673,27.029],[77.666,27.017],[77.642,27.026],[77.634,27.012],[77.623,27.022],[77.602,27.023],[77.597,27.033],[77.579,27.038],[77.563,27.029],[77.568,27.047],[77.573,27.049],[77.577,27.068],[77.567,27.073],[77.55,27.074],[77.545,27.072],[77.542,27.063],[77.524,27.064],[77.519,27.067],[77.526,27.078],[77.523,27.089],[77.505,27.092],[77.52,27.104],[77.538,27.098],[77.55,27.111],[77.562,27.11],[77.581,27.119],[77.598,27.118],[77.604,27.124],[77.603,27.133],[77.598,27.139],[77.614,27.151],[77.61,27.163],[77.622,27.172],[77.644,27.166],[77.649,27.17],[77.658,27.17],[77.675,27.185],[77.681,27.194],[77.666,27.209],[77.65,27.208],[77.645,27.217],[77.653,27.226],[77.653,27.235],[77.643,27.235],[77.646,27.243],[77.627,27.26],[77.621,27.255],[77.613,27.265],[77.622,27.275],[77.615,27.279],[77.617,27.286],[77.603,27.292],[77.608,27.301],[77.623,27.316],[77.623,27.336],[77.616,27.34],[77.613,27.332],[77.591,27.33],[77.584,27.321],[77.578,27.328],[77.548,27.337],[77.546,27.35],[77.533,27.349],[77.516,27.362],[77.516,27.368],[77.507,27.377],[77.485,27.384],[77.473,27.377],[77.47,27.383],[77.44,27.391],[77.438,27.409],[77.421,27.422],[77.427,27.445],[77.439,27.449],[77.434,27.46],[77.422,27.462],[77.419,27.47],[77.402,27.477],[77.399,27.483],[77.401,27.495],[77.399,27.5],[77.383,27.516],[77.374,27.512],[77.368,27.515],[77.356,27.517],[77.34,27.527],[77.34,27.539],[77.349,27.543],[77.338,27.55],[77.336,27.558],[77.338,27.571],[77.344,27.572],[77.351,27.584],[77.358,27.589],[77.344,27.597],[77.335,27.591],[77.317,27.607],[77.333,27.627],[77.346,27.64],[77.353,27.651],[77.345,27.661],[77.346,27.673],[77.341,27.677],[77.341,27.703],[77.33,27.709],[77.322,27.707],[77.304,27.71],[77.303,27.725],[77.319,27.733],[77.319,27.737],[77.308,27.753],[77.312,27.758],[77.308,27.767],[77.312,27.774],[77.309,27.786],[77.301,27.795],[77.286,27.796],[77.284,27.801],[77.269,27.815],[77.264,27.805],[77.252,27.791],[77.243,27.785],[77.238,27.793],[77.227,27.799],[77.213,27.802],[77.213,27.809],[77.202,27.823],[77.191,27.81],[77.199,27.8],[77.183,27.788],[77.177,27.786],[77.169,27.792],[77.179,27.805],[77.185,27.803],[77.19,27.809],[77.18,27.818],[77.168,27.814],[77.158,27.816],[77.157,27.809],[77.162,27.803],[77.161,27.793],[77.156,27.785],[77.135,27.787],[77.122,27.793],[77.108,27.786],[77.081,27.805],[77.075,27.814],[77.064,27.812],[77.045,27.822],[77.032,27.797],[77.027,27.779],[77.036,27.782],[77.057,27.771],[77.06,27.761],[77.075,27.767],[77.08,27.758],[77.078,27.751],[77.086,27.738],[77.06,27.727],[77.049,27.732],[77.045,27.743],[77.02,27.746],[77.012,27.732],[77,27.737],[76.991,27.711],[76.985,27.684],[76.982,27.679],[76.979,27.654],[76.958,27.663],[76.942,27.674],[76.933,27.658],[76.925,27.661],[76.915,27.653],[76.906,27.662],[76.911,27.668],[76.898,27.678],[76.906,27.686],[76.891,27.695],[76.894,27.701],[76.908,27.694],[76.924,27.7],[76.919,27.71],[76.905,27.717],[76.894,27.718],[76.892,27.733],[76.899,27.738],[76.902,27.776],[76.913,27.789],[76.911,27.796],[76.919,27.804],[76.91,27.815],[76.915,27.835],[76.936,27.829],[76.942,27.843],[76.943,27.854],[76.937,27.879],[76.938,27.897],[76.951,27.896],[76.949,27.919],[76.932,27.923],[76.93,27.941],[76.933,27.962],[76.933,27.982],[76.931,27.993],[76.938,28.022],[76.94,28.044],[76.949,28.058],[76.954,28.063],[76.958,28.077],[76.958,28.088],[76.961,28.1],[76.962,28.111],[76.971,28.138],[76.958,28.142],[76.951,28.149],[76.932,28.153],[76.919,28.167],[76.911,28.17],[76.902,28.181],[76.893,28.184],[76.892,28.193],[76.902,28.199],[76.891,28.205],[76.871,28.207],[76.875,28.218],[76.848,28.222],[76.838,28.22],[76.831,28.209],[76.814,28.209],[76.805,28.206],[76.805,28.197],[76.813,28.193],[76.808,28.186],[76.797,28.192],[76.795,28.17],[76.8,28.16],[76.795,28.148],[76.784,28.151],[76.776,28.144],[76.762,28.143],[76.754,28.136],[76.744,28.121],[76.716,28.128],[76.712,28.125],[76.703,28.108],[76.698,28.112],[76.685,28.092],[76.663,28.091],[76.657,28.089],[76.652,28.062],[76.659,28.043],[76.654,28.035],[76.665,28.026],[76.668,28.014],[76.659,28.008],[76.641,28.002],[76.605,28.004],[76.601,28],[76.589,27.998],[76.583,27.992],[76.579,27.979],[76.563,27.978],[76.56,27.966],[76.545,27.964],[76.538,27.968],[76.536,27.98],[76.541,27.985],[76.545,28.011],[76.539,28.024],[76.544,28.034],[76.529,28.04],[76.519,28.032],[76.51,28.03],[76.503,28.031],[76.497,28.043],[76.48,28.041],[76.455,28.042],[76.462,28.059],[76.475,28.057],[76.482,28.053],[76.495,28.053],[76.501,28.06],[76.479,28.078],[76.467,28.079],[76.448,28.089],[76.452,28.091],[76.458,28.106],[76.464,28.109],[76.476,28.108],[76.481,28.1],[76.499,28.1],[76.502,28.119],[76.487,28.12],[76.492,28.13],[76.472,28.135],[76.476,28.149],[76.465,28.152],[76.459,28.148],[76.436,28.149],[76.432,28.141],[76.4,28.145],[76.391,28.135],[76.381,28.133],[76.366,28.137],[76.357,28.144],[76.358,28.161],[76.344,28.17],[76.332,28.17],[76.307,28.179],[76.305,28.176],[76.292,28.179],[76.29,28.17],[76.283,28.164],[76.301,28.16],[76.303,28.155],[76.298,28.149],[76.31,28.146],[76.315,28.15],[76.33,28.143],[76.333,28.134],[76.36,28.125],[76.35,28.114],[76.337,28.103],[76.319,28.108],[76.309,28.108],[76.301,28.098],[76.319,28.089],[76.329,28.087],[76.333,28.077],[76.357,28.067],[76.348,28.042],[76.342,28.031],[76.329,28.019],[76.321,28.016],[76.292,28.026],[76.291,28.035],[76.294,28.049],[76.284,28.051],[76.284,28.057],[76.261,28.068],[76.243,28.064],[76.238,28.05],[76.228,28.048],[76.209,28.052],[76.21,28.056],[76.189,28.056],[76.18,28.054],[76.178,28.046],[76.197,28.03],[76.204,28.038],[76.217,28.035],[76.215,28.027],[76.203,28.028],[76.197,28.015],[76.181,28.021],[76.173,28.017],[76.17,28.007],[76.16,27.998],[76.158,27.987],[76.167,27.983],[76.163,27.973],[76.187,27.965],[76.182,27.962],[76.182,27.952],[76.177,27.93],[76.174,27.93],[76.168,27.911],[76.168,27.903],[76.185,27.899],[76.201,27.893],[76.2,27.878],[76.194,27.877],[76.194,27.86],[76.212,27.846],[76.209,27.84],[76.225,27.833],[76.217,27.817],[76.209,27.816],[76.199,27.821],[76.192,27.809],[76.181,27.798],[76.172,27.8],[76.172,27.805],[76.154,27.82],[76.132,27.824],[76.135,27.839],[76.128,27.844],[76.123,27.851],[76.109,27.853],[76.088,27.861],[76.086,27.845],[76.075,27.844],[76.061,27.848],[76.048,27.835],[76.041,27.841],[76.036,27.837],[76.01,27.842],[76.005,27.834],[75.987,27.842],[75.971,27.852],[75.972,27.861],[75.979,27.865],[75.978,27.874],[75.984,27.883],[75.975,27.894],[75.987,27.904],[75.968,27.914],[75.949,27.915],[75.942,27.913],[75.94,27.923],[75.933,27.929],[75.937,27.938],[75.952,27.948],[75.958,27.938],[75.973,27.933],[75.983,27.951],[75.978,27.954],[75.982,27.965],[75.995,27.975],[75.986,27.979],[75.967,27.982],[75.967,28],[75.987,27.998],[75.994,28.003],[75.995,28.009],[75.971,28.016],[75.977,28.031],[75.994,28.035],[76.016,28.03],[76.019,28.042],[76.017,28.053],[76.025,28.054],[76.041,28.074],[76.037,28.079],[76.023,28.086],[76.016,28.073],[76.01,28.068],[76.007,28.059],[75.999,28.057],[75.993,28.046],[75.975,28.051],[75.982,28.057],[75.989,28.069],[75.983,28.081],[75.972,28.083],[75.965,28.08],[75.951,28.086],[75.939,28.088],[75.946,28.108],[75.962,28.115],[75.967,28.114],[75.977,28.125],[75.999,28.123],[76.004,28.149],[76.007,28.153],[76.017,28.15],[76.026,28.165],[76.032,28.168],[76.041,28.166],[76.062,28.167],[76.07,28.165],[76.065,28.142],[76.076,28.137],[76.084,28.137],[76.095,28.141],[76.095,28.151],[76.076,28.169],[76.074,28.174],[76.074,28.19],[76.072,28.194],[76.051,28.196],[76.056,28.22],[76.04,28.222],[76.028,28.233],[76.018,28.235],[76.013,28.244],[76.016,28.255],[76.026,28.275],[75.999,28.286],[75.986,28.293],[75.978,28.302],[75.978,28.309],[75.972,28.319],[75.958,28.314],[75.954,28.334],[75.933,28.337],[75.93,28.347],[75.93,28.359],[75.917,28.372],[75.909,28.371],[75.9,28.378],[75.893,28.39],[75.887,28.385],[75.845,28.392],[75.84,28.394],[75.833,28.405],[75.822,28.403],[75.819,28.41],[75.81,28.406],[75.8,28.407],[75.795,28.4],[75.785,28.402],[75.777,28.4],[75.77,28.412],[75.77,28.423],[75.789,28.434],[75.792,28.445],[75.788,28.454],[75.767,28.461],[75.736,28.469],[75.734,28.485],[75.726,28.49],[75.701,28.493],[75.69,28.5],[75.684,28.511],[75.671,28.517],[75.67,28.53],[75.664,28.537],[75.654,28.536],[75.634,28.544],[75.626,28.565],[75.623,28.589],[75.624,28.596],[75.619,28.603],[75.59,28.606],[75.587,28.613],[75.561,28.613],[75.561,28.636],[75.555,28.644],[75.55,28.641],[75.541,28.66],[75.544,28.684],[75.539,28.695],[75.538,28.727],[75.53,28.738],[75.53,28.747],[75.516,28.771],[75.508,28.789],[75.509,28.803],[75.519,28.817],[75.52,28.835],[75.508,28.839],[75.505,28.851],[75.497,28.855],[75.499,28.87],[75.497,28.896],[75.488,28.903],[75.473,28.923],[75.477,28.935],[75.499,28.934],[75.506,28.936],[75.51,28.954],[75.521,28.963],[75.527,28.971],[75.527,28.986],[75.521,29.004],[75.505,29.012],[75.488,29.012],[75.475,29.014],[75.458,29.014],[75.446,29.009],[75.443,29.021],[75.45,29.042],[75.444,29.048],[75.442,29.058],[75.432,29.056],[75.411,29.062],[75.391,29.063],[75.394,29.073],[75.392,29.102],[75.397,29.113],[75.406,29.12],[75.402,29.128],[75.383,29.13],[75.375,29.135],[75.381,29.151],[75.382,29.168],[75.407,29.17],[75.409,29.18],[75.414,29.184],[75.412,29.191],[75.411,29.207],[75.405,29.214],[75.397,29.218],[75.412,29.242],[75.411,29.256],[75.403,29.26],[75.389,29.261],[75.379,29.257],[75.362,29.243],[75.361,29.229],[75.356,29.223],[75.343,29.229],[75.33,29.233],[75.339,29.252],[75.34,29.283],[75.335,29.287],[75.323,29.289],[75.319,29.284],[75.307,29.275],[75.298,29.272],[75.288,29.273],[75.286,29.269],[75.285,29.249],[75.256,29.252],[75.245,29.25],[75.242,29.236],[75.238,29.23],[75.218,29.232],[75.21,29.235],[75.201,29.249],[75.196,29.263],[75.188,29.268],[75.169,29.259],[75.174,29.251],[75.157,29.242],[75.138,29.239],[75.124,29.24],[75.12,29.223],[75.105,29.224],[75.075,29.23],[75.074,29.245],[75.071,29.252],[75.061,29.265],[75.06,29.276],[75.05,29.286],[75.036,29.288],[75.017,29.284],[74.999,29.271],[74.983,29.281],[74.962,29.28],[74.956,29.286],[74.948,29.301],[74.961,29.318],[74.954,29.333],[74.94,29.34],[74.938,29.362],[74.918,29.37],[74.9,29.385],[74.878,29.384],[74.873,29.394],[74.851,29.404],[74.845,29.4],[74.82,29.397],[74.792,29.366],[74.782,29.358],[74.762,29.354],[74.74,29.354],[74.719,29.37],[74.708,29.367],[74.689,29.366],[74.68,29.369],[74.658,29.372],[74.652,29.351],[74.654,29.333],[74.634,29.33],[74.604,29.327],[74.6,29.329],[74.602,29.341],[74.607,29.354],[74.603,29.365],[74.585,29.379],[74.578,29.388],[74.574,29.406],[74.566,29.421],[74.549,29.425],[74.537,29.425],[74.535,29.448],[74.538,29.462],[74.543,29.468],[74.575,29.465],[74.585,29.458],[74.596,29.482],[74.595,29.489],[74.601,29.501],[74.622,29.522],[74.623,29.531],[74.615,29.534],[74.602,29.544],[74.595,29.545],[74.576,29.56],[74.578,29.6],[74.582,29.628],[74.589,29.631],[74.591,29.64],[74.585,29.654],[74.593,29.677],[74.601,29.691],[74.6,29.697],[74.61,29.722],[74.608,29.732],[74.61,29.744],[74.616,29.752],[74.603,29.758],[74.601,29.766],[74.587,29.767],[74.581,29.752],[74.562,29.756],[74.546,29.753],[74.535,29.741],[74.52,29.74],[74.477,29.745],[74.474,29.768],[74.474,29.787],[74.479,29.803],[74.484,29.814],[74.508,29.833],[74.539,29.841],[74.546,29.846],[74.558,29.862],[74.561,29.87],[74.551,29.882],[74.544,29.901],[74.522,29.902],[74.51,29.908],[74.515,29.916],[74.519,29.93],[74.527,29.943]]]},"properties":{"ST_NM":"Rajasthan","id":"rajasthan"}},{"type":"Feature","geometry":{"type":"Polygon","coordinates":[[[88.746,27.142],[88.761,27.153],[88.758,27.165],[88.766,27.178],[88.775,27.182],[88.788,27.182],[88.79,27.194],[88.8,27.207],[88.804,27.22],[88.805,27.238],[88.803,27.248],[88.828,27.257],[88.832,27.262],[88.866,27.265],[88.879,27.261],[88.886,27.268],[88.903,27.273],[88.913,27.29],[88.909,27.305],[88.919,27.32],[88.915,27.331],[88.906,27.329],[88.895,27.332],[88.891,27.339],[88.882,27.346],[88.881,27.36],[88.876,27.36],[88.863,27.37],[88.864,27.379],[88.856,27.384],[88.846,27.385],[88.838,27.379],[88.83,27.391],[88.823,27.391],[88.821,27.399],[88.806,27.407],[88.805,27.415],[88.796,27.427],[88.792,27.439],[88.795,27.446],[88.784,27.449],[88.784,27.459],[88.777,27.469],[88.784,27.475],[88.781,27.482],[88.786,27.489],[88.783,27.501],[88.79,27.516],[88.791,27.532],[88.784,27.529],[88.777,27.533],[88.771,27.558],[88.764,27.564],[88.77,27.571],[88.781,27.57],[88.791,27.575],[88.788,27.584],[88.794,27.59],[88.804,27.594],[88.806,27.608],[88.811,27.619],[88.805,27.623],[88.808,27.634],[88.815,27.646],[88.827,27.644],[88.836,27.651],[88.848,27.668],[88.847,27.676],[88.842,27.681],[88.848,27.693],[88.841,27.712],[88.853,27.715],[88.857,27.731],[88.865,27.742],[88.862,27.752],[88.855,27.757],[88.855,27.782],[88.862,27.798],[88.857,27.815],[88.873,27.826],[88.881,27.83],[88.882,27.851],[88.888,27.857],[88.88,27.867],[88.878,27.878],[88.883,27.89],[88.873,27.898],[88.87,27.906],[88.87,27.916],[88.861,27.928],[88.853,27.926],[88.837,27.929],[88.839,27.943],[88.843,27.953],[88.841,27.968],[88.844,27.993],[88.838,28],[88.836,28.015],[88.821,28.021],[88.817,28.021],[88.803,28.032],[88.793,28.049],[88.777,28.054],[88.774,28.062],[88.756,28.076],[88.733,28.074],[88.718,28.075],[88.707,28.078],[88.681,28.077],[88.678,28.072],[88.667,28.076],[88.665,28.087],[88.646,28.099],[88.636,28.118],[88.629,28.124],[88.61,28.129],[88.609,28.123],[88.618,28.118],[88.62,28.098],[88.605,28.098],[88.603,28.089],[88.591,28.089],[88.585,28.084],[88.575,28.085],[88.569,28.09],[88.553,28.081],[88.556,28.075],[88.549,28.048],[88.551,28.038],[88.545,28.034],[88.533,28.033],[88.522,28.036],[88.52,28.044],[88.51,28.041],[88.496,28.054],[88.489,28.046],[88.48,28.043],[88.474,28.034],[88.468,28.017],[88.456,28.015],[88.444,28.009],[88.431,28.008],[88.425,28.002],[88.415,27.999],[88.411,27.983],[88.399,27.978],[88.389,27.979],[88.381,27.983],[88.377,27.99],[88.352,27.99],[88.346,27.985],[88.337,27.984],[88.331,27.974],[88.32,27.978],[88.309,27.967],[88.286,27.966],[88.279,27.956],[88.265,27.956],[88.262,27.948],[88.253,27.945],[88.241,27.958],[88.237,27.971],[88.225,27.96],[88.212,27.965],[88.206,27.96],[88.205,27.947],[88.196,27.944],[88.184,27.944],[88.179,27.95],[88.164,27.958],[88.154,27.958],[88.145,27.964],[88.135,27.952],[88.138,27.937],[88.132,27.933],[88.129,27.925],[88.12,27.921],[88.123,27.907],[88.134,27.897],[88.139,27.889],[88.135,27.882],[88.149,27.877],[88.165,27.869],[88.179,27.858],[88.196,27.854],[88.202,27.836],[88.193,27.832],[88.189,27.824],[88.176,27.821],[88.185,27.811],[88.189,27.799],[88.198,27.792],[88.195,27.787],[88.182,27.776],[88.183,27.767],[88.177,27.758],[88.178,27.746],[88.17,27.741],[88.159,27.741],[88.154,27.727],[88.155,27.717],[88.147,27.702],[88.154,27.692],[88.146,27.679],[88.143,27.663],[88.132,27.655],[88.119,27.643],[88.114,27.61],[88.104,27.602],[88.09,27.596],[88.083,27.589],[88.075,27.573],[88.08,27.564],[88.069,27.556],[88.069,27.547],[88.061,27.541],[88.064,27.531],[88.057,27.516],[88.061,27.512],[88.051,27.505],[88.044,27.496],[88.047,27.475],[88.057,27.468],[88.072,27.445],[88.068,27.439],[88.075,27.433],[88.075,27.427],[88.056,27.417],[88.048,27.405],[88.045,27.378],[88.042,27.37],[88.049,27.36],[88.059,27.355],[88.068,27.335],[88.053,27.324],[88.048,27.311],[88.041,27.303],[88.045,27.294],[88.033,27.285],[88.031,27.273],[88.032,27.25],[88.027,27.248],[88.02,27.235],[88.015,27.212],[88.029,27.221],[88.04,27.221],[88.053,27.215],[88.065,27.213],[88.079,27.201],[88.074,27.193],[88.078,27.173],[88.087,27.165],[88.09,27.142],[88.096,27.133],[88.111,27.13],[88.121,27.124],[88.134,27.122],[88.137,27.116],[88.145,27.115],[88.154,27.11],[88.162,27.114],[88.174,27.129],[88.182,27.133],[88.205,27.133],[88.216,27.132],[88.222,27.124],[88.232,27.119],[88.243,27.12],[88.279,27.131],[88.295,27.126],[88.302,27.129],[88.317,27.126],[88.324,27.105],[88.342,27.11],[88.357,27.095],[88.382,27.094],[88.397,27.089],[88.413,27.086],[88.431,27.079],[88.445,27.083],[88.456,27.087],[88.464,27.101],[88.466,27.112],[88.475,27.121],[88.489,27.124],[88.496,27.122],[88.498,27.131],[88.514,27.14],[88.519,27.147],[88.529,27.148],[88.531,27.154],[88.527,27.166],[88.533,27.177],[88.541,27.182],[88.589,27.189],[88.597,27.188],[88.607,27.181],[88.622,27.179],[88.631,27.172],[88.637,27.162],[88.647,27.163],[88.657,27.16],[88.672,27.175],[88.682,27.177],[88.7,27.168],[88.707,27.166],[88.716,27.154],[88.717,27.141],[88.724,27.135],[88.735,27.135],[88.746,27.142]]]},"properties":{"ST_NM":"Sikkim","id":"sikkim"}},{"type":"Feature","geometry":{"type":"Polygon","coordinates":[[[92.212,24.504],[92.189,24.516],[92.185,24.52],[92.176,24.522],[92.169,24.527],[92.159,24.525],[92.155,24.517],[92.15,24.491],[92.156,24.478],[92.156,24.464],[92.166,24.446],[92.169,24.434],[92.168,24.424],[92.162,24.419],[92.154,24.426],[92.148,24.422],[92.14,24.425],[92.135,24.418],[92.133,24.408],[92.122,24.397],[92.113,24.392],[92.114,24.387],[92.105,24.381],[92.083,24.375],[92.048,24.377],[92.035,24.38],[92.02,24.389],[92.012,24.384],[92.004,24.393],[91.993,24.391],[91.991,24.383],[91.98,24.385],[91.974,24.382],[91.977,24.374],[91.985,24.366],[91.982,24.36],[91.992,24.348],[91.995,24.338],[91.994,24.329],[91.985,24.327],[91.973,24.337],[91.973,24.345],[91.965,24.357],[91.957,24.357],[91.945,24.351],[91.942,24.346],[91.926,24.342],[91.922,24.337],[91.938,24.287],[91.94,24.284],[91.942,24.263],[91.926,24.213],[91.917,24.172],[91.919,24.154],[91.911,24.141],[91.911,24.131],[91.899,24.14],[91.884,24.141],[91.867,24.162],[91.865,24.173],[91.861,24.182],[91.852,24.186],[91.838,24.196],[91.842,24.212],[91.847,24.217],[91.841,24.227],[91.833,24.227],[91.827,24.215],[91.822,24.211],[91.81,24.212],[91.802,24.221],[91.79,24.221],[91.757,24.238],[91.747,24.245],[91.746,24.214],[91.757,24.144],[91.741,24.141],[91.726,24.141],[91.719,24.15],[91.709,24.15],[91.7,24.161],[91.689,24.158],[91.682,24.163],[91.677,24.188],[91.663,24.213],[91.665,24.228],[91.654,24.226],[91.647,24.217],[91.649,24.195],[91.656,24.185],[91.653,24.177],[91.642,24.178],[91.639,24.17],[91.64,24.156],[91.629,24.138],[91.635,24.125],[91.635,24.114],[91.631,24.104],[91.621,24.097],[91.602,24.092],[91.595,24.097],[91.588,24.092],[91.593,24.087],[91.587,24.077],[91.581,24.074],[91.569,24.079],[91.568,24.074],[91.558,24.076],[91.54,24.073],[91.525,24.08],[91.508,24.084],[91.495,24.085],[91.49,24.097],[91.481,24.093],[91.473,24.098],[91.456,24.095],[91.452,24.099],[91.437,24.095],[91.429,24.105],[91.415,24.108],[91.376,24.106],[91.378,24.079],[91.397,24.048],[91.397,24.042],[91.391,24.026],[91.373,24.002],[91.379,23.974],[91.374,23.974],[91.36,23.986],[91.353,23.981],[91.34,23.982],[91.332,23.99],[91.322,23.995],[91.314,23.991],[91.3,23.997],[91.3,23.988],[91.291,23.969],[91.284,23.968],[91.28,23.982],[91.265,23.962],[91.257,23.943],[91.266,23.936],[91.269,23.923],[91.255,23.919],[91.242,23.921],[91.239,23.917],[91.243,23.903],[91.222,23.893],[91.219,23.879],[91.225,23.869],[91.23,23.856],[91.248,23.83],[91.235,23.809],[91.228,23.791],[91.231,23.785],[91.231,23.765],[91.227,23.753],[91.221,23.742],[91.21,23.752],[91.193,23.753],[91.166,23.75],[91.158,23.742],[91.15,23.713],[91.153,23.692],[91.167,23.691],[91.193,23.693],[91.202,23.69],[91.203,23.684],[91.2,23.668],[91.202,23.655],[91.198,23.648],[91.19,23.647],[91.191,23.655],[91.169,23.658],[91.166,23.663],[91.157,23.667],[91.16,23.653],[91.159,23.64],[91.16,23.631],[91.157,23.62],[91.162,23.6],[91.161,23.595],[91.175,23.592],[91.174,23.585],[91.186,23.575],[91.194,23.561],[91.193,23.545],[91.201,23.547],[91.208,23.54],[91.2,23.517],[91.208,23.508],[91.225,23.509],[91.221,23.497],[91.226,23.493],[91.238,23.493],[91.245,23.487],[91.254,23.488],[91.258,23.479],[91.258,23.461],[91.266,23.443],[91.279,23.433],[91.273,23.427],[91.283,23.419],[91.285,23.404],[91.284,23.383],[91.288,23.368],[91.297,23.365],[91.293,23.355],[91.303,23.355],[91.317,23.363],[91.323,23.363],[91.322,23.354],[91.313,23.352],[91.313,23.341],[91.304,23.341],[91.296,23.338],[91.288,23.315],[91.295,23.309],[91.31,23.309],[91.316,23.29],[91.307,23.293],[91.299,23.285],[91.302,23.278],[91.31,23.276],[91.318,23.253],[91.319,23.246],[91.324,23.238],[91.324,23.205],[91.325,23.169],[91.323,23.158],[91.333,23.153],[91.337,23.131],[91.342,23.129],[91.342,23.118],[91.347,23.119],[91.347,23.102],[91.351,23.097],[91.37,23.071],[91.396,23.056],[91.412,23.065],[91.416,23.081],[91.405,23.087],[91.4,23.097],[91.403,23.114],[91.397,23.118],[91.397,23.13],[91.392,23.14],[91.389,23.153],[91.385,23.156],[91.385,23.175],[91.383,23.185],[91.385,23.192],[91.388,23.215],[91.392,23.22],[91.386,23.228],[91.4,23.229],[91.4,23.235],[91.393,23.247],[91.409,23.248],[91.411,23.256],[91.409,23.285],[91.415,23.283],[91.42,23.273],[91.415,23.263],[91.425,23.26],[91.431,23.262],[91.449,23.26],[91.455,23.255],[91.444,23.249],[91.446,23.244],[91.458,23.246],[91.47,23.228],[91.453,23.223],[91.459,23.214],[91.475,23.221],[91.484,23.209],[91.482,23.199],[91.471,23.197],[91.485,23.188],[91.503,23.192],[91.497,23.18],[91.498,23.172],[91.491,23.158],[91.496,23.147],[91.508,23.14],[91.504,23.127],[91.514,23.123],[91.511,23.104],[91.522,23.104],[91.519,23.094],[91.528,23.092],[91.525,23.083],[91.534,23.066],[91.525,23.061],[91.535,23.056],[91.53,23.038],[91.55,23.039],[91.538,23.019],[91.548,23.019],[91.542,23],[91.547,22.994],[91.557,22.997],[91.557,22.979],[91.575,22.969],[91.59,22.977],[91.594,22.973],[91.606,22.972],[91.607,22.954],[91.621,22.94],[91.625,22.943],[91.627,22.956],[91.637,22.962],[91.641,22.975],[91.651,22.982],[91.673,22.978],[91.683,22.977],[91.696,22.989],[91.703,22.988],[91.712,22.984],[91.722,22.989],[91.723,22.995],[91.744,23.007],[91.755,23.023],[91.761,23.03],[91.773,23.032],[91.78,23.029],[91.784,23.037],[91.779,23.061],[91.774,23.069],[91.782,23.072],[91.794,23.069],[91.805,23.063],[91.818,23.074],[91.822,23.086],[91.835,23.094],[91.817,23.101],[91.817,23.116],[91.813,23.123],[91.815,23.134],[91.809,23.139],[91.814,23.147],[91.806,23.158],[91.806,23.18],[91.797,23.185],[91.798,23.196],[91.789,23.204],[91.793,23.209],[91.791,23.227],[91.785,23.232],[91.786,23.239],[91.78,23.247],[91.776,23.266],[91.767,23.271],[91.76,23.282],[91.764,23.31],[91.778,23.317],[91.782,23.324],[91.804,23.332],[91.81,23.344],[91.817,23.346],[91.824,23.352],[91.825,23.363],[91.838,23.371],[91.836,23.386],[91.842,23.389],[91.841,23.409],[91.839,23.422],[91.843,23.424],[91.825,23.467],[91.813,23.469],[91.805,23.485],[91.798,23.489],[91.804,23.513],[91.826,23.495],[91.829,23.482],[91.835,23.478],[91.838,23.465],[91.846,23.458],[91.855,23.454],[91.855,23.448],[91.865,23.447],[91.856,23.432],[91.864,23.408],[91.87,23.413],[91.885,23.416],[91.894,23.42],[91.905,23.433],[91.915,23.433],[91.923,23.437],[91.931,23.428],[91.947,23.431],[91.948,23.435],[91.943,23.464],[91.96,23.479],[91.974,23.481],[91.972,23.49],[91.976,23.495],[91.967,23.516],[91.959,23.522],[91.957,23.53],[91.965,23.537],[91.959,23.553],[91.961,23.566],[91.958,23.578],[91.958,23.594],[91.955,23.602],[91.954,23.617],[91.943,23.635],[91.948,23.648],[91.941,23.662],[91.943,23.666],[91.937,23.691],[91.953,23.704],[91.954,23.721],[91.959,23.726],[91.958,23.739],[91.966,23.738],[91.973,23.731],[91.983,23.728],[91.985,23.719],[91.99,23.713],[91.997,23.696],[92.001,23.677],[92.007,23.665],[92.013,23.661],[92.021,23.663],[92.043,23.646],[92.051,23.648],[92.063,23.644],[92.075,23.647],[92.078,23.661],[92.085,23.676],[92.094,23.674],[92.098,23.686],[92.108,23.694],[92.111,23.707],[92.117,23.722],[92.118,23.731],[92.128,23.736],[92.136,23.735],[92.152,23.728],[92.155,23.72],[92.17,23.706],[92.188,23.709],[92.204,23.706],[92.21,23.699],[92.217,23.684],[92.211,23.674],[92.21,23.666],[92.217,23.653],[92.229,23.653],[92.236,23.669],[92.236,23.685],[92.245,23.698],[92.239,23.714],[92.242,23.719],[92.255,23.727],[92.265,23.725],[92.267,23.752],[92.265,23.772],[92.258,23.803],[92.257,23.813],[92.266,23.816],[92.281,23.814],[92.282,23.818],[92.269,23.842],[92.269,23.847],[92.279,23.856],[92.285,23.867],[92.29,23.868],[92.299,23.86],[92.309,23.857],[92.316,23.865],[92.311,23.871],[92.313,23.884],[92.317,23.89],[92.317,23.898],[92.324,23.905],[92.325,23.914],[92.319,23.916],[92.316,23.928],[92.311,23.935],[92.308,23.954],[92.308,23.968],[92.32,23.979],[92.326,23.998],[92.319,24.008],[92.317,24.017],[92.319,24.026],[92.312,24.039],[92.316,24.045],[92.312,24.051],[92.318,24.056],[92.316,24.067],[92.321,24.073],[92.324,24.086],[92.323,24.104],[92.326,24.133],[92.325,24.14],[92.332,24.152],[92.329,24.165],[92.324,24.168],[92.327,24.181],[92.32,24.197],[92.321,24.203],[92.309,24.222],[92.304,24.224],[92.297,24.232],[92.292,24.25],[92.282,24.252],[92.26,24.248],[92.237,24.24],[92.225,24.241],[92.221,24.235],[92.206,24.238],[92.201,24.242],[92.21,24.248],[92.209,24.256],[92.219,24.286],[92.233,24.303],[92.239,24.312],[92.239,24.324],[92.254,24.352],[92.26,24.359],[92.258,24.389],[92.255,24.404],[92.254,24.416],[92.246,24.442],[92.238,24.444],[92.23,24.452],[92.229,24.476],[92.236,24.489],[92.23,24.502],[92.212,24.504]]]},"properties":{"ST_NM":"Tripura","id":"tripura"}},{"type":"Feature","geometry":{"type":"Polygon","coordinates":[[[80.065,28.837],[80.059,28.916],[80.097,28.976],[80.101,28.987],[80.118,28.981],[80.127,29.006],[80.125,29.012],[80.131,29.03],[80.126,29.031],[80.138,29.06],[80.129,29.061],[80.145,29.103],[80.161,29.113],[80.166,29.126],[80.175,29.127],[80.186,29.136],[80.201,29.13],[80.209,29.121],[80.233,29.119],[80.245,29.13],[80.255,29.132],[80.257,29.137],[80.27,29.14],[80.271,29.147],[80.262,29.157],[80.258,29.166],[80.261,29.175],[80.259,29.187],[80.241,29.202],[80.248,29.221],[80.256,29.219],[80.258,29.208],[80.264,29.205],[80.272,29.208],[80.286,29.195],[80.292,29.197],[80.298,29.205],[80.294,29.211],[80.296,29.222],[80.29,29.23],[80.3,29.241],[80.297,29.25],[80.305,29.273],[80.305,29.287],[80.311,29.29],[80.318,29.301],[80.316,29.315],[80.306,29.323],[80.296,29.325],[80.291,29.337],[80.28,29.349],[80.28,29.357],[80.272,29.363],[80.272,29.372],[80.279,29.379],[80.273,29.385],[80.273,29.393],[80.264,29.396],[80.243,29.411],[80.247,29.431],[80.242,29.442],[80.258,29.45],[80.272,29.449],[80.269,29.455],[80.279,29.457],[80.286,29.449],[80.299,29.456],[80.286,29.473],[80.293,29.478],[80.296,29.487],[80.311,29.483],[80.312,29.494],[80.315,29.5],[80.327,29.505],[80.333,29.512],[80.342,29.511],[80.349,29.524],[80.358,29.531],[80.349,29.541],[80.342,29.542],[80.348,29.554],[80.361,29.556],[80.363,29.563],[80.378,29.561],[80.381,29.571],[80.39,29.573],[80.393,29.581],[80.406,29.591],[80.41,29.6],[80.406,29.613],[80.41,29.624],[80.42,29.63],[80.42,29.639],[80.415,29.644],[80.416,29.651],[80.407,29.662],[80.392,29.665],[80.385,29.679],[80.381,29.697],[80.374,29.715],[80.369,29.723],[80.37,29.735],[80.366,29.741],[80.369,29.75],[80.385,29.751],[80.386,29.757],[80.398,29.765],[80.407,29.784],[80.407,29.794],[80.43,29.799],[80.435,29.805],[80.447,29.798],[80.463,29.801],[80.479,29.795],[80.493,29.795],[80.493,29.801],[80.499,29.807],[80.5,29.815],[80.507,29.822],[80.522,29.827],[80.524,29.832],[80.537,29.839],[80.538,29.844],[80.553,29.849],[80.555,29.86],[80.561,29.864],[80.558,29.871],[80.566,29.878],[80.572,29.892],[80.571,29.915],[80.581,29.935],[80.594,29.95],[80.604,29.958],[80.612,29.958],[80.631,29.964],[80.651,29.955],[80.678,29.959],[80.69,29.974],[80.702,29.98],[80.712,29.99],[80.719,30.001],[80.736,30],[80.746,30.006],[80.757,30.024],[80.756,30.04],[80.766,30.052],[80.777,30.055],[80.784,30.062],[80.79,30.074],[80.804,30.089],[80.821,30.1],[80.837,30.098],[80.845,30.103],[80.843,30.115],[80.857,30.122],[80.871,30.123],[80.878,30.134],[80.871,30.154],[80.872,30.16],[80.862,30.169],[80.88,30.183],[80.883,30.194],[80.894,30.21],[80.907,30.223],[80.917,30.219],[80.922,30.208],[80.917,30.197],[80.917,30.187],[80.928,30.175],[80.953,30.185],[80.971,30.187],[80.975,30.193],[80.986,30.187],[80.996,30.187],[81.001,30.192],[81.035,30.198],[81.045,30.207],[81.041,30.216],[81.031,30.219],[81.027,30.229],[81.032,30.246],[81.012,30.255],[81.008,30.262],[80.998,30.268],[80.977,30.271],[80.956,30.271],[80.939,30.267],[80.935,30.263],[80.927,30.267],[80.927,30.283],[80.914,30.289],[80.907,30.299],[80.908,30.304],[80.89,30.303],[80.884,30.3],[80.873,30.303],[80.864,30.314],[80.844,30.317],[80.84,30.314],[80.827,30.314],[80.817,30.323],[80.805,30.323],[80.802,30.332],[80.785,30.346],[80.787,30.354],[80.78,30.355],[80.773,30.366],[80.759,30.376],[80.751,30.379],[80.749,30.387],[80.734,30.4],[80.727,30.403],[80.715,30.414],[80.705,30.417],[80.7,30.413],[80.689,30.415],[80.679,30.422],[80.677,30.429],[80.658,30.443],[80.637,30.45],[80.624,30.461],[80.613,30.458],[80.606,30.471],[80.596,30.467],[80.585,30.468],[80.576,30.463],[80.565,30.463],[80.559,30.453],[80.548,30.448],[80.529,30.456],[80.524,30.467],[80.507,30.475],[80.497,30.488],[80.489,30.484],[80.483,30.49],[80.466,30.49],[80.432,30.508],[80.429,30.514],[80.417,30.517],[80.411,30.525],[80.396,30.518],[80.38,30.519],[80.378,30.524],[80.366,30.528],[80.347,30.521],[80.339,30.525],[80.334,30.536],[80.325,30.542],[80.318,30.554],[80.315,30.565],[80.283,30.57],[80.254,30.565],[80.237,30.579],[80.221,30.579],[80.209,30.588],[80.215,30.603],[80.216,30.615],[80.212,30.627],[80.22,30.635],[80.219,30.643],[80.208,30.65],[80.194,30.665],[80.198,30.687],[80.218,30.688],[80.232,30.692],[80.233,30.709],[80.248,30.719],[80.249,30.743],[80.237,30.751],[80.235,30.76],[80.227,30.759],[80.216,30.752],[80.209,30.752],[80.198,30.762],[80.193,30.771],[80.199,30.775],[80.185,30.789],[80.178,30.805],[80.174,30.808],[80.155,30.804],[80.155,30.795],[80.145,30.792],[80.138,30.787],[80.128,30.786],[80.125,30.781],[80.11,30.78],[80.097,30.792],[80.088,30.796],[80.082,30.809],[80.073,30.822],[80.05,30.845],[80.043,30.84],[80.033,30.843],[80.028,30.85],[80.017,30.858],[80.009,30.869],[79.995,30.871],[79.988,30.878],[79.974,30.88],[79.963,30.889],[79.949,30.883],[79.94,30.885],[79.931,30.882],[79.923,30.896],[79.909,30.915],[79.889,30.918],[79.881,30.949],[79.882,30.954],[79.874,30.967],[79.855,30.976],[79.838,30.972],[79.818,30.972],[79.808,30.98],[79.797,30.979],[79.791,30.987],[79.775,30.987],[79.753,31.006],[79.747,31.002],[79.735,30.98],[79.717,30.975],[79.71,30.977],[79.699,30.971],[79.674,30.982],[79.665,30.983],[79.665,30.968],[79.659,30.963],[79.649,30.96],[79.637,30.953],[79.622,30.951],[79.614,30.944],[79.601,30.939],[79.589,30.947],[79.571,30.949],[79.563,30.956],[79.555,30.956],[79.539,30.979],[79.546,30.984],[79.539,30.989],[79.524,30.99],[79.516,30.998],[79.52,31.006],[79.516,31.012],[79.508,31.015],[79.51,31.026],[79.507,31.032],[79.49,31.031],[79.471,31.036],[79.454,31.031],[79.44,31.025],[79.427,31.024],[79.418,31.043],[79.416,31.053],[79.416,31.073],[79.412,31.076],[79.414,31.093],[79.41,31.107],[79.402,31.114],[79.387,31.117],[79.374,31.113],[79.367,31.115],[79.362,31.123],[79.348,31.121],[79.337,31.127],[79.335,31.132],[79.326,31.131],[79.318,31.136],[79.309,31.148],[79.305,31.157],[79.305,31.171],[79.301,31.188],[79.3,31.207],[79.297,31.217],[79.286,31.225],[79.278,31.237],[79.26,31.237],[79.251,31.241],[79.247,31.247],[79.24,31.25],[79.222,31.263],[79.243,31.275],[79.247,31.291],[79.226,31.302],[79.217,31.314],[79.221,31.325],[79.233,31.333],[79.221,31.341],[79.212,31.35],[79.189,31.353],[79.167,31.361],[79.167,31.374],[79.174,31.384],[79.168,31.396],[79.154,31.404],[79.145,31.414],[79.139,31.426],[79.139,31.433],[79.116,31.437],[79.105,31.443],[79.096,31.452],[79.083,31.446],[79.072,31.456],[79.066,31.446],[79.067,31.438],[79.06,31.43],[79.051,31.427],[79.042,31.429],[79.023,31.427],[79.016,31.423],[79.014,31.415],[79.015,31.389],[79.007,31.379],[79.008,31.37],[79.015,31.354],[79.016,31.348],[78.999,31.34],[78.985,31.349],[78.988,31.356],[78.977,31.363],[78.968,31.356],[78.951,31.364],[78.942,31.365],[78.938,31.347],[78.93,31.341],[78.925,31.329],[78.916,31.321],[78.916,31.316],[78.896,31.303],[78.9,31.295],[78.897,31.29],[78.882,31.287],[78.887,31.267],[78.905,31.257],[78.916,31.249],[78.922,31.232],[78.922,31.225],[78.932,31.216],[78.947,31.216],[78.944,31.207],[78.948,31.199],[78.958,31.19],[78.958,31.187],[78.986,31.174],[78.99,31.161],[78.988,31.155],[78.991,31.138],[78.999,31.136],[79.006,31.119],[79.002,31.113],[78.99,31.109],[78.973,31.108],[78.959,31.1],[78.932,31.101],[78.927,31.109],[78.914,31.108],[78.909,31.099],[78.89,31.097],[78.873,31.109],[78.865,31.12],[78.853,31.122],[78.844,31.128],[78.838,31.138],[78.831,31.141],[78.823,31.158],[78.825,31.164],[78.811,31.172],[78.81,31.18],[78.817,31.19],[78.81,31.198],[78.797,31.196],[78.769,31.186],[78.727,31.19],[78.718,31.188],[78.704,31.189],[78.688,31.198],[78.672,31.197],[78.662,31.189],[78.65,31.201],[78.649,31.213],[78.625,31.218],[78.623,31.224],[78.607,31.229],[78.597,31.225],[78.58,31.226],[78.569,31.22],[78.565,31.213],[78.552,31.2],[78.544,31.198],[78.508,31.196],[78.484,31.199],[78.48,31.214],[78.473,31.219],[78.462,31.236],[78.455,31.241],[78.443,31.245],[78.436,31.254],[78.426,31.244],[78.413,31.24],[78.403,31.248],[78.407,31.256],[78.396,31.27],[78.386,31.272],[78.384,31.282],[78.37,31.286],[78.352,31.281],[78.34,31.283],[78.332,31.278],[78.311,31.281],[78.308,31.262],[78.292,31.26],[78.283,31.266],[78.276,31.261],[78.269,31.249],[78.26,31.24],[78.254,31.239],[78.243,31.229],[78.226,31.235],[78.22,31.234],[78.215,31.222],[78.198,31.218],[78.187,31.227],[78.16,31.226],[78.147,31.21],[78.133,31.208],[78.129,31.201],[78.115,31.195],[78.104,31.185],[78.088,31.187],[78.066,31.187],[78.051,31.18],[78.043,31.179],[78.041,31.173],[78.033,31.169],[78.029,31.163],[78.03,31.151],[78.021,31.152],[78.014,31.158],[78.001,31.162],[77.985,31.157],[77.969,31.173],[77.959,31.171],[77.951,31.161],[77.943,31.161],[77.936,31.155],[77.925,31.151],[77.908,31.154],[77.899,31.15],[77.901,31.144],[77.894,31.134],[77.889,31.133],[77.889,31.119],[77.871,31.114],[77.864,31.109],[77.862,31.092],[77.851,31.073],[77.837,31.072],[77.829,31.058],[77.817,31.056],[77.816,31.05],[77.828,31.03],[77.818,31.033],[77.807,31.027],[77.81,31.011],[77.825,31.01],[77.822,31.004],[77.832,30.994],[77.824,30.988],[77.822,30.976],[77.816,30.973],[77.815,30.961],[77.829,30.953],[77.824,30.951],[77.81,30.956],[77.794,30.969],[77.785,30.972],[77.769,30.974],[77.754,30.965],[77.749,30.954],[77.754,30.933],[77.764,30.931],[77.762,30.919],[77.777,30.917],[77.804,30.924],[77.816,30.91],[77.809,30.897],[77.802,30.894],[77.8,30.873],[77.806,30.853],[77.786,30.857],[77.779,30.86],[77.775,30.877],[77.763,30.88],[77.756,30.871],[77.757,30.86],[77.746,30.851],[77.744,30.847],[77.758,30.835],[77.761,30.826],[77.748,30.822],[77.746,30.814],[77.735,30.805],[77.732,30.792],[77.721,30.776],[77.704,30.766],[77.706,30.752],[77.702,30.746],[77.707,30.74],[77.723,30.741],[77.728,30.734],[77.737,30.73],[77.736,30.725],[77.746,30.72],[77.747,30.713],[77.756,30.707],[77.747,30.694],[77.747,30.68],[77.773,30.669],[77.781,30.66],[77.791,30.661],[77.781,30.647],[77.787,30.641],[77.786,30.624],[77.793,30.621],[77.787,30.614],[77.771,30.611],[77.772,30.599],[77.764,30.596],[77.757,30.604],[77.743,30.596],[77.757,30.586],[77.767,30.57],[77.772,30.559],[77.783,30.56],[77.791,30.554],[77.806,30.555],[77.817,30.561],[77.822,30.554],[77.82,30.548],[77.828,30.531],[77.82,30.524],[77.819,30.508],[77.804,30.502],[77.783,30.501],[77.776,30.494],[77.767,30.492],[77.739,30.476],[77.721,30.473],[77.708,30.462],[77.688,30.447],[77.671,30.444],[77.654,30.448],[77.65,30.447],[77.646,30.433],[77.632,30.431],[77.626,30.435],[77.599,30.428],[77.574,30.413],[77.573,30.407],[77.576,30.397],[77.585,30.405],[77.596,30.406],[77.605,30.402],[77.618,30.402],[77.636,30.399],[77.647,30.405],[77.657,30.398],[77.661,30.39],[77.677,30.388],[77.679,30.375],[77.69,30.377],[77.695,30.366],[77.709,30.345],[77.721,30.331],[77.766,30.314],[77.785,30.305],[77.793,30.298],[77.82,30.285],[77.833,30.28],[77.846,30.272],[77.859,30.271],[77.866,30.266],[77.879,30.262],[77.886,30.267],[77.894,30.265],[77.917,30.255],[77.937,30.249],[77.941,30.24],[77.952,30.245],[77.961,30.244],[77.947,30.234],[77.933,30.216],[77.919,30.211],[77.913,30.194],[77.912,30.183],[77.902,30.174],[77.88,30.146],[77.868,30.127],[77.866,30.119],[77.853,30.107],[77.839,30.103],[77.828,30.086],[77.822,30.086],[77.809,30.093],[77.801,30.096],[77.796,30.08],[77.775,30.055],[77.77,30.043],[77.785,30.028],[77.782,30.019],[77.762,30.009],[77.756,29.999],[77.76,29.995],[77.744,29.984],[77.741,29.97],[77.734,29.955],[77.748,29.952],[77.745,29.945],[77.73,29.932],[77.744,29.923],[77.747,29.91],[77.728,29.899],[77.732,29.893],[77.717,29.888],[77.715,29.871],[77.717,29.863],[77.723,29.856],[77.742,29.852],[77.744,29.841],[77.742,29.833],[77.756,29.825],[77.759,29.819],[77.756,29.806],[77.775,29.789],[77.772,29.78],[77.778,29.775],[77.773,29.769],[77.78,29.765],[77.771,29.75],[77.77,29.745],[77.783,29.736],[77.77,29.718],[77.779,29.711],[77.792,29.71],[77.803,29.703],[77.81,29.702],[77.799,29.686],[77.815,29.678],[77.83,29.668],[77.839,29.671],[77.862,29.687],[77.875,29.687],[77.879,29.693],[77.879,29.7],[77.891,29.699],[77.902,29.701],[77.911,29.696],[77.926,29.714],[77.935,29.711],[77.946,29.713],[77.953,29.707],[77.951,29.702],[77.94,29.696],[77.951,29.687],[77.948,29.682],[77.969,29.668],[77.969,29.655],[77.966,29.65],[77.983,29.641],[77.977,29.631],[77.976,29.617],[77.967,29.611],[77.957,29.613],[77.948,29.617],[77.933,29.601],[77.94,29.593],[77.967,29.58],[77.975,29.585],[77.983,29.584],[77.996,29.592],[78.001,29.586],[78.015,29.587],[78.018,29.598],[78.034,29.61],[78.053,29.619],[78.057,29.631],[78.067,29.631],[78.084,29.625],[78.081,29.635],[78.093,29.641],[78.103,29.641],[78.117,29.649],[78.131,29.653],[78.138,29.664],[78.181,29.697],[78.188,29.692],[78.196,29.693],[78.202,29.714],[78.204,29.737],[78.222,29.741],[78.228,29.737],[78.241,29.741],[78.246,29.735],[78.26,29.739],[78.262,29.744],[78.279,29.754],[78.286,29.762],[78.293,29.759],[78.304,29.775],[78.318,29.783],[78.324,29.79],[78.336,29.797],[78.377,29.774],[78.393,29.767],[78.409,29.763],[78.427,29.765],[78.445,29.75],[78.456,29.745],[78.474,29.74],[78.489,29.738],[78.507,29.729],[78.517,29.719],[78.521,29.698],[78.522,29.675],[78.521,29.658],[78.542,29.626],[78.548,29.622],[78.565,29.601],[78.584,29.584],[78.618,29.558],[78.624,29.557],[78.639,29.547],[78.65,29.546],[78.667,29.534],[78.7,29.506],[78.711,29.501],[78.721,29.502],[78.746,29.5],[78.779,29.476],[78.8,29.465],[78.811,29.466],[78.823,29.46],[78.838,29.458],[78.881,29.443],[78.9,29.442],[78.908,29.438],[78.925,29.434],[78.936,29.438],[78.94,29.435],[78.925,29.426],[78.919,29.41],[78.913,29.401],[78.912,29.394],[78.903,29.385],[78.892,29.381],[78.887,29.373],[78.872,29.362],[78.851,29.356],[78.855,29.35],[78.849,29.344],[78.84,29.346],[78.822,29.359],[78.81,29.339],[78.801,29.336],[78.803,29.329],[78.795,29.325],[78.777,29.326],[78.767,29.337],[78.754,29.331],[78.75,29.317],[78.735,29.322],[78.731,29.314],[78.735,29.307],[78.721,29.301],[78.736,29.297],[78.765,29.279],[78.773,29.271],[78.77,29.267],[78.79,29.248],[78.809,29.236],[78.82,29.232],[78.838,29.241],[78.842,29.235],[78.858,29.233],[78.873,29.224],[78.882,29.211],[78.878,29.206],[78.891,29.201],[78.887,29.195],[78.9,29.189],[78.898,29.183],[78.909,29.177],[78.902,29.17],[78.909,29.164],[78.916,29.15],[78.912,29.144],[78.919,29.135],[78.907,29.127],[78.911,29.123],[78.927,29.118],[78.935,29.13],[78.944,29.128],[78.956,29.12],[78.964,29.131],[78.973,29.127],[78.975,29.136],[78.982,29.143],[78.99,29.14],[78.991,29.131],[79.004,29.125],[79.008,29.113],[79.017,29.116],[79.025,29.112],[79.035,29.118],[79.041,29.128],[79.028,29.132],[79.019,29.129],[79.015,29.135],[79.021,29.144],[79.036,29.153],[79.029,29.165],[79.039,29.169],[79.051,29.157],[79.075,29.152],[79.091,29.143],[79.101,29.134],[79.119,29.126],[79.126,29.133],[79.15,29.119],[79.153,29.114],[79.148,29.099],[79.15,29.092],[79.143,29.087],[79.143,29.067],[79.149,29.058],[79.162,29.049],[79.172,29.045],[79.167,29.032],[79.162,29.025],[79.166,29.018],[79.178,29.013],[79.194,29.02],[79.204,29.021],[79.212,29.028],[79.222,29.02],[79.245,29.01],[79.248,29.003],[79.261,28.991],[79.307,28.967],[79.311,28.974],[79.321,28.972],[79.337,28.972],[79.356,28.968],[79.362,28.982],[79.372,28.986],[79.377,28.971],[79.391,28.947],[79.408,28.952],[79.416,28.944],[79.419,28.934],[79.416,28.928],[79.425,28.923],[79.428,28.913],[79.423,28.9],[79.43,28.89],[79.426,28.866],[79.439,28.862],[79.45,28.871],[79.477,28.865],[79.482,28.872],[79.497,28.873],[79.522,28.865],[79.533,28.87],[79.538,28.877],[79.556,28.899],[79.577,28.889],[79.584,28.879],[79.581,28.866],[79.575,28.859],[79.576,28.851],[79.584,28.846],[79.597,28.851],[79.604,28.857],[79.613,28.853],[79.621,28.864],[79.629,28.862],[79.636,28.867],[79.645,28.863],[79.656,28.87],[79.666,28.866],[79.672,28.858],[79.684,28.855],[79.683,28.851],[79.707,28.841],[79.71,28.851],[79.719,28.848],[79.726,28.861],[79.737,28.856],[79.746,28.86],[79.749,28.872],[79.76,28.872],[79.767,28.875],[79.781,28.871],[79.789,28.873],[79.795,28.885],[79.8,28.888],[79.815,28.884],[79.818,28.888],[79.828,28.885],[79.829,28.877],[79.846,28.873],[79.849,28.861],[79.845,28.851],[79.838,28.848],[79.837,28.832],[79.824,28.807],[79.818,28.816],[79.808,28.807],[79.818,28.798],[79.827,28.795],[79.838,28.798],[79.852,28.816],[79.854,28.824],[79.863,28.838],[79.873,28.839],[79.873,28.832],[79.888,28.837],[79.894,28.832],[79.894,28.82],[79.914,28.818],[79.911,28.812],[79.916,28.804],[79.906,28.803],[79.878,28.815],[79.87,28.806],[79.874,28.796],[79.884,28.79],[79.906,28.782],[79.927,28.79],[79.94,28.788],[79.925,28.775],[79.933,28.763],[79.943,28.76],[79.939,28.75],[79.946,28.742],[79.944,28.734],[79.954,28.723],[80.03,28.749],[80.052,28.778],[80.062,28.783],[80.059,28.788],[80.068,28.803],[80.059,28.817],[80.059,28.825],[80.065,28.837]]]},"properties":{"ST_NM":"Uttarakhand","id":"uttarakhand"}},{"type":"Feature","geometry":{"type":"Polygon","coordinates":[[[78.611,19.816],[78.588,19.819],[78.572,19.816],[78.553,19.824],[78.542,19.824],[78.53,19.818],[78.515,19.819],[78.509,19.812],[78.508,19.8],[78.495,19.793],[78.485,19.796],[78.483,19.804],[78.475,19.816],[78.469,19.818],[78.456,19.813],[78.439,19.813],[78.423,19.818],[78.403,19.832],[78.387,19.845],[78.382,19.855],[78.381,19.88],[78.371,19.88],[78.36,19.883],[78.337,19.883],[78.329,19.887],[78.325,19.898],[78.334,19.905],[78.332,19.913],[78.326,19.917],[78.307,19.914],[78.302,19.887],[78.298,19.872],[78.292,19.862],[78.285,19.857],[78.286,19.848],[78.3,19.841],[78.32,19.842],[78.336,19.838],[78.334,19.815],[78.345,19.813],[78.357,19.805],[78.365,19.781],[78.364,19.779],[78.359,19.769],[78.356,19.754],[78.349,19.738],[78.341,19.736],[78.339,19.724],[78.343,19.713],[78.322,19.708],[78.316,19.703],[78.312,19.691],[78.3,19.688],[78.288,19.688],[78.276,19.692],[78.27,19.676],[78.263,19.665],[78.271,19.659],[78.279,19.658],[78.281,19.651],[78.29,19.646],[78.294,19.619],[78.304,19.608],[78.305,19.603],[78.304,19.585],[78.301,19.579],[78.304,19.569],[78.294,19.559],[78.275,19.562],[78.275,19.552],[78.284,19.541],[78.293,19.542],[78.292,19.524],[78.299,19.497],[78.309,19.481],[78.304,19.456],[78.287,19.449],[78.27,19.456],[78.269,19.448],[78.253,19.437],[78.247,19.435],[78.245,19.429],[78.236,19.427],[78.22,19.433],[78.212,19.428],[78.203,19.42],[78.199,19.41],[78.192,19.407],[78.184,19.412],[78.176,19.412],[78.188,19.395],[78.177,19.367],[78.172,19.36],[78.172,19.349],[78.176,19.335],[78.192,19.326],[78.194,19.314],[78.183,19.285],[78.177,19.278],[78.178,19.254],[78.182,19.248],[78.175,19.238],[78.165,19.235],[78.158,19.236],[78.151,19.229],[78.143,19.23],[78.134,19.239],[78.117,19.249],[78.113,19.244],[78.095,19.244],[78.089,19.239],[78.082,19.243],[78.079,19.255],[78.072,19.249],[78.064,19.248],[78.056,19.237],[78.041,19.244],[78.036,19.251],[78.042,19.262],[78.043,19.271],[78.015,19.279],[78.014,19.294],[77.999,19.3],[77.995,19.305],[77.986,19.309],[77.977,19.323],[77.967,19.327],[77.962,19.336],[77.944,19.343],[77.938,19.334],[77.932,19.335],[77.912,19.316],[77.895,19.321],[77.89,19.313],[77.863,19.304],[77.866,19.293],[77.866,19.284],[77.884,19.279],[77.903,19.278],[77.908,19.268],[77.903,19.256],[77.882,19.26],[77.871,19.254],[77.867,19.24],[77.866,19.226],[77.858,19.214],[77.854,19.202],[77.848,19.19],[77.861,19.18],[77.856,19.177],[77.853,19.167],[77.853,19.155],[77.843,19.141],[77.838,19.138],[77.838,19.128],[77.842,19.118],[77.848,19.116],[77.846,19.101],[77.851,19.092],[77.849,19.086],[77.83,19.087],[77.826,19.097],[77.817,19.106],[77.805,19.101],[77.802,19.076],[77.797,19.071],[77.8,19.051],[77.79,19.055],[77.775,19.056],[77.765,19.063],[77.765,19.047],[77.762,19.036],[77.763,19.029],[77.769,19.02],[77.774,18.997],[77.772,18.979],[77.788,18.973],[77.791,18.983],[77.805,18.982],[77.822,18.979],[77.818,18.96],[77.82,18.954],[77.816,18.947],[77.832,18.942],[77.842,18.95],[77.859,18.949],[77.853,18.933],[77.848,18.927],[77.843,18.909],[77.856,18.903],[77.884,18.905],[77.892,18.881],[77.904,18.881],[77.903,18.867],[77.914,18.861],[77.93,18.859],[77.937,18.852],[77.935,18.845],[77.949,18.843],[77.948,18.829],[77.943,18.825],[77.93,18.822],[77.907,18.827],[77.891,18.82],[77.871,18.818],[77.858,18.809],[77.84,18.805],[77.838,18.795],[77.833,18.79],[77.827,18.77],[77.812,18.739],[77.804,18.726],[77.804,18.713],[77.797,18.705],[77.796,18.698],[77.79,18.695],[77.787,18.683],[77.772,18.689],[77.773,18.701],[77.768,18.706],[77.76,18.707],[77.751,18.695],[77.749,18.683],[77.743,18.681],[77.73,18.667],[77.736,18.661],[77.731,18.657],[77.731,18.645],[77.735,18.641],[77.746,18.621],[77.746,18.606],[77.75,18.589],[77.74,18.575],[77.737,18.564],[77.739,18.557],[77.723,18.553],[77.712,18.556],[77.702,18.555],[77.688,18.545],[77.682,18.545],[77.665,18.536],[77.661,18.532],[77.651,18.532],[77.649,18.541],[77.652,18.552],[77.64,18.555],[77.634,18.544],[77.627,18.552],[77.596,18.549],[77.595,18.536],[77.6,18.527],[77.597,18.516],[77.588,18.513],[77.586,18.504],[77.594,18.498],[77.605,18.496],[77.606,18.489],[77.603,18.477],[77.594,18.477],[77.592,18.485],[77.576,18.487],[77.573,18.47],[77.549,18.469],[77.551,18.46],[77.564,18.461],[77.584,18.456],[77.584,18.445],[77.56,18.437],[77.548,18.443],[77.537,18.445],[77.529,18.443],[77.528,18.429],[77.537,18.424],[77.557,18.419],[77.553,18.402],[77.552,18.389],[77.546,18.389],[77.526,18.373],[77.52,18.358],[77.523,18.345],[77.532,18.339],[77.558,18.331],[77.565,18.322],[77.571,18.318],[77.571,18.308],[77.553,18.298],[77.551,18.292],[77.561,18.285],[77.57,18.293],[77.582,18.285],[77.605,18.281],[77.595,18.265],[77.585,18.262],[77.579,18.256],[77.573,18.239],[77.581,18.232],[77.585,18.22],[77.575,18.202],[77.566,18.204],[77.564,18.195],[77.571,18.192],[77.575,18.177],[77.584,18.159],[77.597,18.156],[77.595,18.131],[77.599,18.122],[77.602,18.106],[77.597,18.087],[77.576,18.078],[77.569,18.078],[77.56,18.072],[77.557,18.064],[77.548,18.065],[77.548,18.056],[77.552,18.051],[77.554,18.036],[77.561,18.036],[77.583,18.028],[77.587,18.014],[77.593,18.012],[77.602,18.02],[77.608,18.016],[77.607,18.01],[77.62,18.006],[77.628,17.997],[77.64,17.997],[77.648,17.999],[77.652,17.995],[77.648,17.98],[77.656,17.97],[77.65,17.96],[77.65,17.95],[77.637,17.953],[77.633,17.947],[77.623,17.946],[77.619,17.939],[77.622,17.932],[77.619,17.904],[77.605,17.908],[77.6,17.904],[77.586,17.909],[77.586,17.894],[77.596,17.881],[77.595,17.872],[77.583,17.877],[77.57,17.868],[77.567,17.845],[77.561,17.839],[77.554,17.82],[77.549,17.819],[77.547,17.828],[77.532,17.829],[77.528,17.826],[77.529,17.817],[77.515,17.804],[77.509,17.788],[77.512,17.782],[77.526,17.782],[77.546,17.772],[77.548,17.767],[77.56,17.763],[77.566,17.767],[77.569,17.749],[77.564,17.748],[77.556,17.737],[77.549,17.736],[77.547,17.728],[77.522,17.726],[77.509,17.716],[77.497,17.716],[77.493,17.709],[77.465,17.702],[77.452,17.695],[77.455,17.675],[77.449,17.659],[77.448,17.651],[77.456,17.634],[77.451,17.623],[77.444,17.584],[77.462,17.581],[77.478,17.567],[77.494,17.568],[77.5,17.547],[77.507,17.542],[77.515,17.552],[77.517,17.559],[77.528,17.575],[77.537,17.575],[77.545,17.564],[77.551,17.552],[77.582,17.56],[77.594,17.565],[77.597,17.554],[77.596,17.537],[77.612,17.535],[77.628,17.524],[77.637,17.526],[77.645,17.522],[77.662,17.523],[77.669,17.512],[77.683,17.508],[77.689,17.511],[77.692,17.502],[77.688,17.489],[77.689,17.475],[77.671,17.478],[77.652,17.483],[77.653,17.494],[77.65,17.499],[77.645,17.478],[77.638,17.474],[77.615,17.472],[77.614,17.446],[77.604,17.444],[77.584,17.455],[77.576,17.456],[77.575,17.431],[77.562,17.438],[77.553,17.437],[77.537,17.444],[77.513,17.431],[77.514,17.414],[77.53,17.408],[77.537,17.403],[77.525,17.389],[77.526,17.382],[77.532,17.375],[77.525,17.365],[77.503,17.357],[77.488,17.359],[77.484,17.355],[77.476,17.361],[77.476,17.368],[77.454,17.374],[77.452,17.353],[77.457,17.344],[77.456,17.331],[77.452,17.327],[77.452,17.318],[77.448,17.308],[77.441,17.301],[77.438,17.292],[77.454,17.288],[77.458,17.281],[77.451,17.271],[77.445,17.271],[77.435,17.26],[77.426,17.256],[77.423,17.251],[77.42,17.238],[77.405,17.237],[77.38,17.223],[77.39,17.215],[77.402,17.214],[77.396,17.207],[77.395,17.196],[77.376,17.197],[77.37,17.187],[77.372,17.182],[77.362,17.164],[77.367,17.154],[77.378,17.153],[77.378,17.14],[77.385,17.14],[77.404,17.133],[77.407,17.125],[77.436,17.115],[77.446,17.118],[77.465,17.108],[77.463,17.094],[77.466,17.087],[77.482,17.076],[77.479,17.073],[77.483,17.06],[77.489,17.052],[77.488,17.048],[77.497,17.043],[77.495,17.027],[77.501,17.019],[77.502,17.009],[77.487,17.003],[77.479,16.995],[77.483,16.986],[77.481,16.97],[77.472,16.957],[77.466,16.959],[77.465,16.944],[77.468,16.942],[77.464,16.93],[77.469,16.928],[77.469,16.919],[77.454,16.914],[77.458,16.91],[77.456,16.9],[77.46,16.885],[77.46,16.875],[77.464,16.851],[77.458,16.828],[77.463,16.822],[77.466,16.806],[77.474,16.802],[77.477,16.788],[77.475,16.781],[77.461,16.781],[77.441,16.786],[77.438,16.774],[77.443,16.763],[77.433,16.737],[77.427,16.729],[77.433,16.717],[77.439,16.712],[77.447,16.721],[77.457,16.716],[77.461,16.719],[77.474,16.717],[77.469,16.702],[77.47,16.688],[77.464,16.676],[77.448,16.679],[77.443,16.67],[77.435,16.671],[77.419,16.669],[77.419,16.658],[77.428,16.656],[77.444,16.639],[77.457,16.647],[77.462,16.654],[77.475,16.652],[77.464,16.629],[77.455,16.622],[77.454,16.616],[77.458,16.611],[77.468,16.61],[77.468,16.604],[77.462,16.597],[77.465,16.591],[77.461,16.585],[77.44,16.587],[77.431,16.579],[77.424,16.569],[77.415,16.568],[77.404,16.572],[77.398,16.565],[77.404,16.551],[77.419,16.549],[77.417,16.517],[77.404,16.521],[77.391,16.516],[77.381,16.516],[77.37,16.505],[77.369,16.489],[77.355,16.489],[77.33,16.486],[77.321,16.492],[77.299,16.496],[77.3,16.49],[77.294,16.477],[77.264,16.473],[77.24,16.476],[77.236,16.473],[77.244,16.463],[77.262,16.452],[77.269,16.43],[77.276,16.424],[77.288,16.409],[77.298,16.407],[77.304,16.402],[77.317,16.397],[77.337,16.394],[77.35,16.384],[77.356,16.383],[77.379,16.385],[77.401,16.372],[77.411,16.368],[77.423,16.366],[77.432,16.372],[77.439,16.38],[77.47,16.382],[77.49,16.385],[77.495,16.381],[77.514,16.375],[77.523,16.376],[77.531,16.364],[77.54,16.358],[77.546,16.357],[77.554,16.35],[77.573,16.341],[77.594,16.344],[77.595,16.34],[77.588,16.333],[77.596,16.317],[77.592,16.304],[77.598,16.293],[77.582,16.291],[77.569,16.303],[77.545,16.292],[77.541,16.285],[77.538,16.271],[77.522,16.278],[77.505,16.276],[77.505,16.268],[77.501,16.262],[77.49,16.255],[77.493,16.244],[77.492,16.229],[77.514,16.23],[77.515,16.222],[77.503,16.224],[77.5,16.218],[77.499,16.198],[77.492,16.187],[77.486,16.163],[77.491,16.16],[77.492,16.135],[77.49,16.12],[77.499,16.121],[77.509,16.109],[77.501,16.106],[77.494,16.087],[77.507,16.079],[77.503,16.059],[77.494,16.037],[77.504,16.018],[77.504,16.011],[77.514,16.008],[77.51,15.98],[77.516,15.967],[77.52,15.967],[77.517,15.945],[77.513,15.927],[77.534,15.924],[77.549,15.919],[77.582,15.918],[77.59,15.913],[77.598,15.912],[77.613,15.918],[77.625,15.909],[77.638,15.895],[77.657,15.886],[77.695,15.884],[77.713,15.895],[77.722,15.896],[77.731,15.894],[77.748,15.885],[77.77,15.885],[77.782,15.876],[77.804,15.874],[77.827,15.88],[77.837,15.885],[77.851,15.882],[77.861,15.885],[77.878,15.905],[77.89,15.906],[77.913,15.893],[77.939,15.883],[77.949,15.885],[77.975,15.883],[77.997,15.866],[78.009,15.865],[78.015,15.876],[78.026,15.902],[78.032,15.907],[78.045,15.904],[78.047,15.875],[78.056,15.875],[78.056,15.866],[78.072,15.862],[78.071,15.85],[78.085,15.845],[78.084,15.841],[78.099,15.836],[78.102,15.837],[78.134,15.837],[78.136,15.855],[78.166,15.854],[78.175,15.858],[78.177,15.876],[78.187,15.885],[78.19,15.893],[78.179,15.902],[78.187,15.912],[78.203,15.917],[78.227,15.922],[78.25,15.934],[78.254,15.943],[78.252,15.955],[78.253,15.982],[78.26,15.999],[78.256,16.013],[78.258,16.021],[78.262,16.027],[78.27,16.027],[78.281,16.023],[78.296,16.013],[78.307,16.011],[78.322,16.017],[78.322,16.03],[78.327,16.037],[78.348,16.047],[78.365,16.047],[78.385,16.065],[78.397,16.066],[78.408,16.075],[78.436,16.072],[78.441,16.074],[78.479,16.067],[78.499,16.06],[78.522,16.054],[78.542,16.044],[78.552,16.043],[78.57,16.052],[78.592,16.069],[78.596,16.078],[78.603,16.085],[78.61,16.087],[78.627,16.088],[78.65,16.079],[78.65,16.072],[78.668,16.055],[78.681,16.035],[78.699,16.027],[78.724,16.02],[78.736,16.008],[78.741,16.009],[78.751,16.016],[78.766,16.016],[78.786,16.021],[78.796,16.029],[78.8,16.037],[78.816,16.046],[78.828,16.061],[78.837,16.07],[78.842,16.083],[78.842,16.102],[78.834,16.135],[78.835,16.145],[78.855,16.149],[78.869,16.146],[78.877,16.136],[78.879,16.118],[78.886,16.101],[78.89,16.085],[78.896,16.086],[78.906,16.095],[78.918,16.1],[78.922,16.106],[78.922,16.122],[78.924,16.131],[78.923,16.139],[78.917,16.146],[78.911,16.164],[78.905,16.175],[78.905,16.183],[78.911,16.188],[78.938,16.201],[78.949,16.204],[78.96,16.209],[78.987,16.211],[79.009,16.24],[79.029,16.242],[79.056,16.236],[79.072,16.227],[79.082,16.23],[79.095,16.224],[79.103,16.223],[79.114,16.231],[79.124,16.231],[79.144,16.215],[79.157,16.209],[79.17,16.21],[79.206,16.221],[79.215,16.226],[79.221,16.234],[79.223,16.247],[79.226,16.274],[79.231,16.283],[79.231,16.315],[79.234,16.325],[79.234,16.336],[79.214,16.349],[79.211,16.356],[79.212,16.374],[79.208,16.38],[79.21,16.425],[79.212,16.447],[79.218,16.454],[79.233,16.46],[79.217,16.478],[79.215,16.485],[79.219,16.51],[79.227,16.524],[79.245,16.532],[79.251,16.55],[79.252,16.559],[79.262,16.567],[79.277,16.562],[79.296,16.563],[79.308,16.574],[79.326,16.576],[79.337,16.582],[79.356,16.579],[79.378,16.583],[79.397,16.58],[79.419,16.58],[79.433,16.591],[79.44,16.615],[79.447,16.62],[79.46,16.624],[79.479,16.622],[79.486,16.625],[79.494,16.633],[79.51,16.636],[79.523,16.631],[79.542,16.632],[79.56,16.643],[79.576,16.65],[79.592,16.67],[79.604,16.672],[79.622,16.663],[79.635,16.661],[79.648,16.67],[79.662,16.687],[79.686,16.695],[79.716,16.689],[79.729,16.696],[79.745,16.719],[79.773,16.731],[79.784,16.731],[79.794,16.723],[79.798,16.712],[79.812,16.695],[79.818,16.692],[79.828,16.694],[79.845,16.703],[79.859,16.705],[79.878,16.697],[79.886,16.687],[79.892,16.655],[79.894,16.649],[79.908,16.635],[79.915,16.633],[79.932,16.631],[79.95,16.636],[79.965,16.645],[79.979,16.665],[79.996,16.7],[80.008,16.709],[80.024,16.711],[80.031,16.715],[80.039,16.73],[80.055,16.745],[80.053,16.763],[80.057,16.773],[80.066,16.786],[80.071,16.802],[80.073,16.817],[80.07,16.821],[80.059,16.825],[80.048,16.834],[80.047,16.853],[80.029,16.852],[80.017,16.854],[80.004,16.862],[80.001,16.867],[80.004,16.88],[80.012,16.893],[80.017,16.915],[80.027,16.918],[80.04,16.917],[80.052,16.942],[80.048,16.948],[80.052,16.96],[80.057,16.964],[80.055,16.971],[80.085,16.97],[80.092,16.968],[80.095,16.991],[80.109,16.987],[80.12,16.988],[80.131,16.992],[80.14,16.991],[80.153,17.007],[80.168,17.006],[80.17,17.017],[80.187,17.02],[80.193,17.027],[80.192,17.033],[80.196,17.044],[80.204,17.038],[80.2,17.027],[80.202,17.017],[80.215,17.009],[80.223,17.008],[80.229,17.014],[80.24,17.002],[80.256,17.001],[80.265,16.997],[80.27,17.004],[80.284,17.007],[80.294,16.995],[80.29,16.981],[80.294,16.977],[80.307,16.974],[80.305,16.954],[80.316,16.948],[80.313,16.941],[80.314,16.927],[80.312,16.917],[80.324,16.906],[80.325,16.9],[80.322,16.88],[80.344,16.874],[80.341,16.86],[80.349,16.859],[80.374,16.852],[80.374,16.83],[80.379,16.819],[80.4,16.834],[80.404,16.832],[80.408,16.849],[80.381,16.851],[80.379,16.862],[80.385,16.863],[80.415,16.852],[80.427,16.85],[80.429,16.838],[80.435,16.837],[80.442,16.831],[80.466,16.816],[80.464,16.795],[80.487,16.791],[80.494,16.784],[80.504,16.779],[80.527,16.775],[80.552,16.775],[80.57,16.768],[80.577,16.777],[80.587,16.782],[80.605,16.798],[80.594,16.803],[80.577,16.823],[80.566,16.827],[80.563,16.833],[80.57,16.849],[80.571,16.862],[80.568,16.869],[80.577,16.878],[80.596,16.884],[80.595,16.899],[80.588,16.902],[80.602,16.919],[80.597,16.924],[80.584,16.929],[80.58,16.937],[80.558,16.949],[80.545,16.957],[80.534,16.961],[80.526,16.948],[80.502,16.957],[80.498,16.956],[80.493,16.927],[80.482,16.932],[80.467,16.945],[80.45,16.955],[80.419,16.963],[80.408,16.964],[80.371,16.976],[80.367,16.981],[80.376,16.989],[80.388,17.009],[80.407,17.016],[80.407,17.026],[80.396,17.036],[80.396,17.046],[80.387,17.071],[80.404,17.082],[80.409,17.092],[80.419,17.092],[80.417,17.073],[80.432,17.055],[80.439,17.038],[80.453,17.035],[80.465,17.03],[80.471,17.05],[80.491,17.051],[80.498,17.063],[80.505,17.069],[80.51,17.088],[80.504,17.092],[80.513,17.109],[80.514,17.122],[80.528,17.119],[80.542,17.124],[80.55,17.131],[80.564,17.134],[80.58,17.153],[80.601,17.142],[80.607,17.135],[80.617,17.132],[80.637,17.128],[80.645,17.124],[80.642,17.116],[80.656,17.11],[80.671,17.101],[80.668,17.095],[80.657,17.09],[80.65,17.071],[80.656,17.068],[80.666,17.068],[80.683,17.073],[80.695,17.074],[80.699,17.084],[80.737,17.078],[80.746,17.078],[80.751,17.073],[80.765,17.067],[80.78,17.065],[80.8,17.061],[80.81,17.055],[80.829,17.053],[80.84,17.048],[80.845,17.04],[80.857,17.048],[80.865,17.058],[80.871,17.07],[80.868,17.084],[80.875,17.096],[80.876,17.105],[80.868,17.12],[80.87,17.127],[80.878,17.135],[80.878,17.15],[80.879,17.161],[80.893,17.159],[80.905,17.154],[80.917,17.154],[80.924,17.158],[80.924,17.166],[80.926,17.183],[80.919,17.19],[80.921,17.199],[80.917,17.211],[80.919,17.22],[80.939,17.22],[80.961,17.204],[80.976,17.2],[80.982,17.196],[80.998,17.191],[81.013,17.194],[81.031,17.19],[81.038,17.193],[81.049,17.207],[81.056,17.22],[81.063,17.222],[81.08,17.216],[81.09,17.22],[81.109,17.224],[81.128,17.224],[81.146,17.229],[81.171,17.231],[81.186,17.249],[81.188,17.255],[81.178,17.271],[81.18,17.278],[81.177,17.288],[81.181,17.302],[81.19,17.325],[81.211,17.326],[81.222,17.322],[81.234,17.32],[81.246,17.326],[81.268,17.32],[81.274,17.317],[81.279,17.323],[81.289,17.328],[81.305,17.346],[81.316,17.369],[81.323,17.375],[81.319,17.398],[81.313,17.408],[81.297,17.413],[81.269,17.418],[81.258,17.424],[81.246,17.433],[81.212,17.442],[81.204,17.448],[81.203,17.434],[81.183,17.44],[81.172,17.449],[81.176,17.464],[81.148,17.464],[81.16,17.484],[81.142,17.489],[81.145,17.495],[81.141,17.505],[81.138,17.516],[81.124,17.527],[81.117,17.522],[81.099,17.504],[81.091,17.506],[81.08,17.515],[81.047,17.52],[81.02,17.52],[81.015,17.522],[81.014,17.537],[81.007,17.549],[81.003,17.551],[80.998,17.565],[80.989,17.572],[80.983,17.583],[80.977,17.587],[80.969,17.598],[80.943,17.602],[80.918,17.6],[80.893,17.601],[80.883,17.596],[80.855,17.602],[80.85,17.623],[80.861,17.634],[80.866,17.635],[80.885,17.633],[80.9,17.64],[80.911,17.638],[80.912,17.658],[80.9,17.665],[80.898,17.67],[80.905,17.677],[80.897,17.681],[80.886,17.681],[80.891,17.69],[80.895,17.703],[80.891,17.722],[80.886,17.736],[80.906,17.747],[80.917,17.748],[80.92,17.757],[80.929,17.762],[80.946,17.76],[80.956,17.773],[80.966,17.78],[80.976,17.778],[80.984,17.756],[80.991,17.75],[81.016,17.745],[81.028,17.748],[81.041,17.748],[81.051,17.734],[81.058,17.733],[81.07,17.741],[81.083,17.753],[81.096,17.762],[81.104,17.773],[81.096,17.775],[81.086,17.798],[81.073,17.787],[81.047,17.782],[81.032,17.789],[81.018,17.791],[81.008,17.798],[81.003,17.82],[81.003,17.831],[80.996,17.849],[80.994,17.881],[80.999,17.903],[80.998,17.917],[80.988,17.942],[80.986,17.955],[80.98,18.007],[80.973,18.027],[80.964,18.042],[80.97,18.047],[80.964,18.064],[80.953,18.082],[80.949,18.085],[80.952,18.093],[80.956,18.134],[80.979,18.154],[80.979,18.179],[80.958,18.177],[80.952,18.167],[80.921,18.148],[80.9,18.14],[80.882,18.139],[80.867,18.14],[80.86,18.151],[80.86,18.165],[80.857,18.174],[80.859,18.19],[80.853,18.203],[80.872,18.209],[80.873,18.214],[80.866,18.234],[80.843,18.236],[80.837,18.242],[80.824,18.239],[80.823,18.229],[80.824,18.194],[80.817,18.192],[80.815,18.186],[80.799,18.172],[80.775,18.17],[80.748,18.173],[80.745,18.17],[80.737,18.177],[80.737,18.222],[80.747,18.227],[80.748,18.231],[80.777,18.246],[80.792,18.251],[80.794,18.26],[80.78,18.267],[80.776,18.278],[80.769,18.288],[80.763,18.288],[80.757,18.295],[80.759,18.3],[80.749,18.308],[80.748,18.33],[80.741,18.342],[80.732,18.355],[80.727,18.369],[80.729,18.379],[80.72,18.391],[80.733,18.403],[80.735,18.413],[80.723,18.415],[80.718,18.41],[80.696,18.424],[80.698,18.438],[80.702,18.444],[80.688,18.447],[80.686,18.458],[80.674,18.466],[80.656,18.475],[80.651,18.486],[80.638,18.502],[80.641,18.511],[80.638,18.523],[80.63,18.522],[80.618,18.528],[80.613,18.539],[80.606,18.548],[80.591,18.558],[80.571,18.565],[80.567,18.571],[80.556,18.58],[80.535,18.591],[80.528,18.603],[80.519,18.609],[80.515,18.619],[80.502,18.622],[80.489,18.631],[80.463,18.625],[80.457,18.63],[80.441,18.624],[80.426,18.614],[80.408,18.611],[80.394,18.606],[80.387,18.598],[80.377,18.61],[80.366,18.609],[80.361,18.6],[80.354,18.596],[80.343,18.598],[80.333,18.614],[80.33,18.629],[80.326,18.637],[80.317,18.643],[80.305,18.683],[80.299,18.693],[80.279,18.721],[80.273,18.723],[80.265,18.722],[80.248,18.706],[80.238,18.706],[80.23,18.702],[80.218,18.708],[80.211,18.705],[80.199,18.691],[80.197,18.681],[80.179,18.683],[80.17,18.697],[80.165,18.701],[80.156,18.701],[80.148,18.693],[80.14,18.693],[80.129,18.687],[80.125,18.682],[80.112,18.683],[80.099,18.695],[80.088,18.708],[80.074,18.711],[80.069,18.72],[80.063,18.724],[80.055,18.724],[80.041,18.743],[80.036,18.755],[80.027,18.754],[80.019,18.77],[80.001,18.776],[79.996,18.771],[79.973,18.772],[79.959,18.777],[79.951,18.788],[79.929,18.803],[79.921,18.81],[79.914,18.826],[79.919,18.834],[79.928,18.841],[79.943,18.847],[79.959,18.859],[79.962,18.867],[79.959,18.889],[79.954,18.903],[79.957,18.923],[79.958,18.936],[79.955,18.952],[79.951,18.962],[79.942,18.992],[79.942,19.013],[79.938,19.041],[79.933,19.047],[79.921,19.05],[79.902,19.041],[79.874,19.039],[79.87,19.042],[79.864,19.067],[79.863,19.08],[79.858,19.096],[79.859,19.108],[79.864,19.115],[79.874,19.124],[79.917,19.147],[79.931,19.155],[79.945,19.167],[79.947,19.174],[79.942,19.184],[79.93,19.202],[79.924,19.215],[79.925,19.228],[79.931,19.25],[79.936,19.264],[79.954,19.293],[79.962,19.297],[79.966,19.304],[79.966,19.311],[79.96,19.329],[79.959,19.336],[79.968,19.357],[79.968,19.36],[79.977,19.394],[79.975,19.411],[79.968,19.423],[79.952,19.441],[79.948,19.45],[79.948,19.461],[79.944,19.471],[79.934,19.476],[79.917,19.494],[79.905,19.5],[79.881,19.504],[79.864,19.511],[79.848,19.527],[79.844,19.534],[79.832,19.539],[79.825,19.551],[79.824,19.557],[79.816,19.574],[79.799,19.582],[79.779,19.6],[79.753,19.608],[79.744,19.609],[79.735,19.605],[79.714,19.587],[79.709,19.584],[79.689,19.584],[79.675,19.58],[79.658,19.58],[79.632,19.575],[79.624,19.571],[79.615,19.561],[79.606,19.532],[79.6,19.51],[79.594,19.507],[79.584,19.509],[79.569,19.518],[79.551,19.527],[79.547,19.539],[79.546,19.55],[79.54,19.555],[79.529,19.551],[79.519,19.543],[79.521,19.535],[79.519,19.52],[79.516,19.52],[79.514,19.519],[79.502,19.512],[79.501,19.507],[79.483,19.506],[79.471,19.5],[79.469,19.51],[79.442,19.528],[79.433,19.537],[79.423,19.538],[79.42,19.53],[79.406,19.536],[79.386,19.558],[79.373,19.561],[79.369,19.573],[79.366,19.576],[79.335,19.575],[79.318,19.577],[79.319,19.568],[79.31,19.572],[79.307,19.597],[79.283,19.596],[79.273,19.599],[79.251,19.616],[79.244,19.617],[79.239,19.606],[79.244,19.595],[79.253,19.593],[79.251,19.578],[79.246,19.568],[79.237,19.557],[79.24,19.535],[79.234,19.52],[79.221,19.521],[79.207,19.506],[79.204,19.49],[79.211,19.482],[79.216,19.481],[79.223,19.472],[79.222,19.468],[79.208,19.465],[79.19,19.459],[79.18,19.462],[79.167,19.473],[79.162,19.488],[79.158,19.489],[79.136,19.506],[79.123,19.511],[79.113,19.521],[79.105,19.522],[79.096,19.533],[79.077,19.532],[79.065,19.54],[79.046,19.548],[79.024,19.542],[79.007,19.542],[78.998,19.54],[78.998,19.549],[78.981,19.561],[78.972,19.55],[78.952,19.549],[78.94,19.552],[78.938,19.562],[78.947,19.562],[78.966,19.574],[78.973,19.582],[78.972,19.59],[78.959,19.595],[78.956,19.6],[78.955,19.619],[78.962,19.637],[78.955,19.656],[78.945,19.662],[78.92,19.662],[78.921,19.666],[78.902,19.67],[78.888,19.655],[78.868,19.659],[78.852,19.659],[78.856,19.677],[78.856,19.687],[78.86,19.689],[78.849,19.722],[78.852,19.728],[78.845,19.747],[78.841,19.755],[78.841,19.762],[78.826,19.755],[78.819,19.762],[78.807,19.757],[78.797,19.76],[78.796,19.767],[78.786,19.777],[78.771,19.779],[78.759,19.773],[78.748,19.78],[78.738,19.783],[78.731,19.781],[78.725,19.769],[78.719,19.767],[78.706,19.772],[78.699,19.789],[78.675,19.795],[78.666,19.8],[78.655,19.8],[78.643,19.808],[78.626,19.808],[78.613,19.815],[78.611,19.816]]]},"properties":{"ST_NM":"Telangana","id":"telangana"}},{"type":"Feature","geometry":{"type":"Polygon","coordinates":[[[88.105,26.551],[88.098,26.548],[88.107,26.537],[88.105,26.526],[88.099,26.523],[88.099,26.513],[88.108,26.507],[88.111,26.498],[88.105,26.487],[88.107,26.479],[88.102,26.471],[88.092,26.471],[88.099,26.456],[88.09,26.441],[88.081,26.437],[88.079,26.429],[88.069,26.422],[88.068,26.415],[88.06,26.412],[88.055,26.406],[88.033,26.39],[88.033,26.379],[88.03,26.368],[88.019,26.364],[87.997,26.365],[87.992,26.371],[87.992,26.393],[87.966,26.398],[87.932,26.418],[87.925,26.42],[87.926,26.427],[87.917,26.43],[87.926,26.442],[87.924,26.447],[87.9,26.449],[87.91,26.458],[87.899,26.479],[87.888,26.487],[87.886,26.477],[87.864,26.469],[87.859,26.456],[87.859,26.448],[87.851,26.446],[87.848,26.437],[87.828,26.44],[87.829,26.45],[87.819,26.458],[87.793,26.469],[87.784,26.454],[87.777,26.448],[87.779,26.436],[87.775,26.426],[87.764,26.41],[87.754,26.409],[87.749,26.418],[87.739,26.417],[87.734,26.408],[87.723,26.412],[87.713,26.427],[87.698,26.428],[87.692,26.436],[87.677,26.436],[87.678,26.416],[87.65,26.406],[87.651,26.393],[87.627,26.394],[87.612,26.39],[87.605,26.381],[87.588,26.382],[87.584,26.393],[87.573,26.396],[87.553,26.406],[87.547,26.418],[87.535,26.421],[87.516,26.431],[87.497,26.435],[87.464,26.44],[87.443,26.433],[87.427,26.422],[87.416,26.422],[87.388,26.419],[87.376,26.407],[87.368,26.408],[87.356,26.389],[87.353,26.372],[87.357,26.361],[87.34,26.348],[87.322,26.36],[87.312,26.372],[87.301,26.366],[87.289,26.373],[87.266,26.374],[87.264,26.388],[87.265,26.406],[87.259,26.41],[87.235,26.415],[87.229,26.414],[87.221,26.406],[87.211,26.414],[87.184,26.414],[87.188,26.406],[87.162,26.405],[87.147,26.411],[87.13,26.421],[87.091,26.451],[87.088,26.466],[87.081,26.511],[87.075,26.536],[87.072,26.541],[87.072,26.578],[87.071,26.587],[87.042,26.588],[87.041,26.568],[87.038,26.561],[87.021,26.54],[87.016,26.532],[86.99,26.523],[86.981,26.524],[86.976,26.52],[86.962,26.523],[86.961,26.52],[86.948,26.52],[86.944,26.516],[86.933,26.515],[86.929,26.49],[86.895,26.488],[86.89,26.482],[86.895,26.467],[86.893,26.462],[86.871,26.454],[86.861,26.458],[86.856,26.449],[86.846,26.449],[86.842,26.44],[86.834,26.439],[86.804,26.446],[86.768,26.459],[86.763,26.452],[86.753,26.446],[86.747,26.43],[86.73,26.423],[86.72,26.435],[86.703,26.436],[86.696,26.449],[86.677,26.454],[86.632,26.465],[86.625,26.47],[86.626,26.481],[86.593,26.492],[86.57,26.497],[86.563,26.502],[86.552,26.525],[86.542,26.538],[86.522,26.544],[86.515,26.539],[86.499,26.542],[86.456,26.568],[86.43,26.573],[86.395,26.585],[86.396,26.594],[86.356,26.605],[86.341,26.606],[86.343,26.617],[86.331,26.62],[86.307,26.62],[86.293,26.613],[86.276,26.618],[86.253,26.615],[86.248,26.612],[86.232,26.593],[86.218,26.589],[86.212,26.593],[86.195,26.595],[86.195,26.608],[86.189,26.615],[86.183,26.614],[86.171,26.617],[86.162,26.615],[86.156,26.61],[86.136,26.606],[86.14,26.619],[86.137,26.629],[86.118,26.63],[86.101,26.637],[86.073,26.65],[86.069,26.658],[86.028,26.666],[86,26.655],[85.976,26.658],[85.96,26.651],[85.954,26.647],[85.952,26.624],[85.946,26.619],[85.93,26.616],[85.926,26.61],[85.914,26.608],[85.891,26.593],[85.888,26.584],[85.88,26.584],[85.859,26.57],[85.849,26.569],[85.849,26.577],[85.858,26.59],[85.851,26.609],[85.831,26.611],[85.83,26.602],[85.817,26.603],[85.803,26.615],[85.802,26.624],[85.77,26.63],[85.759,26.636],[85.749,26.639],[85.732,26.654],[85.737,26.664],[85.726,26.67],[85.723,26.686],[85.73,26.728],[85.734,26.737],[85.729,26.749],[85.735,26.778],[85.735,26.796],[85.729,26.803],[85.729,26.809],[85.722,26.82],[85.704,26.832],[85.679,26.844],[85.643,26.853],[85.635,26.872],[85.624,26.874],[85.607,26.858],[85.586,26.847],[85.586,26.855],[85.575,26.861],[85.566,26.841],[85.558,26.844],[85.553,26.835],[85.544,26.838],[85.522,26.816],[85.508,26.817],[85.498,26.813],[85.495,26.797],[85.48,26.803],[85.478,26.793],[85.465,26.789],[85.451,26.782],[85.433,26.79],[85.427,26.786],[85.419,26.79],[85.408,26.792],[85.401,26.782],[85.394,26.777],[85.385,26.775],[85.376,26.762],[85.371,26.759],[85.362,26.763],[85.355,26.76],[85.334,26.742],[85.319,26.749],[85.308,26.752],[85.276,26.754],[85.257,26.756],[85.251,26.759],[85.233,26.762],[85.212,26.758],[85.197,26.771],[85.191,26.782],[85.194,26.786],[85.177,26.81],[85.177,26.815],[85.191,26.832],[85.191,26.85],[85.193,26.867],[85.19,26.87],[85.165,26.869],[85.14,26.871],[85.135,26.867],[85.124,26.871],[85.099,26.871],[85.089,26.868],[85.089,26.861],[85.058,26.849],[85.023,26.855],[85.029,26.859],[85.03,26.875],[85.056,26.881],[85.052,26.89],[85.022,26.892],[85.004,26.895],[85.001,26.898],[85,26.912],[84.97,26.918],[84.97,26.93],[84.976,26.933],[84.977,26.942],[84.961,26.961],[84.953,26.96],[84.929,26.969],[84.911,26.968],[84.891,26.973],[84.884,26.979],[84.866,26.984],[84.858,26.989],[84.856,27.008],[84.822,27.021],[84.814,27.018],[84.807,27.007],[84.795,26.998],[84.786,26.999],[84.782,27.014],[84.774,27.018],[84.765,27.013],[84.757,27.003],[84.729,27.016],[84.714,27.018],[84.702,27.027],[84.687,27.03],[84.645,27.046],[84.643,27.06],[84.646,27.076],[84.655,27.079],[84.666,27.094],[84.673,27.095],[84.675,27.103],[84.67,27.109],[84.675,27.117],[84.677,27.133],[84.684,27.144],[84.679,27.173],[84.682,27.201],[84.687,27.21],[84.69,27.222],[84.674,27.25],[84.666,27.267],[84.644,27.306],[84.632,27.325],[84.62,27.339],[84.607,27.336],[84.603,27.338],[84.566,27.347],[84.548,27.349],[84.495,27.357],[84.485,27.36],[84.47,27.355],[84.458,27.363],[84.449,27.364],[84.44,27.369],[84.422,27.371],[84.407,27.369],[84.391,27.369],[84.381,27.375],[84.354,27.372],[84.334,27.378],[84.325,27.379],[84.306,27.388],[84.294,27.382],[84.288,27.392],[84.279,27.396],[84.282,27.403],[84.281,27.414],[84.277,27.426],[84.261,27.439],[84.263,27.444],[84.259,27.451],[84.241,27.451],[84.232,27.456],[84.214,27.441],[84.208,27.446],[84.211,27.465],[84.197,27.473],[84.192,27.47],[84.172,27.478],[84.163,27.484],[84.149,27.486],[84.146,27.492],[84.152,27.517],[84.14,27.518],[84.129,27.512],[84.118,27.514],[84.117,27.519],[84.106,27.521],[84.098,27.517],[84.099,27.504],[84.093,27.49],[84.08,27.484],[84.076,27.485],[84.065,27.478],[84.063,27.47],[84.057,27.468],[84.057,27.456],[84.046,27.446],[84.025,27.445],[84.017,27.439],[83.998,27.446],[83.986,27.443],[83.973,27.443],[83.97,27.447],[83.951,27.441],[83.943,27.448],[83.934,27.45],[83.916,27.44],[83.892,27.44],[83.87,27.437],[83.863,27.44],[83.855,27.449],[83.848,27.449],[83.832,27.431],[83.84,27.414],[83.852,27.409],[83.857,27.394],[83.875,27.384],[83.884,27.374],[83.882,27.365],[83.864,27.344],[83.859,27.333],[83.837,27.322],[83.846,27.315],[83.853,27.317],[83.86,27.308],[83.871,27.307],[83.892,27.321],[83.904,27.327],[83.917,27.327],[83.926,27.322],[83.935,27.307],[83.934,27.3],[83.929,27.292],[83.913,27.278],[83.905,27.272],[83.905,27.257],[83.912,27.246],[83.923,27.242],[83.956,27.235],[83.97,27.224],[83.973,27.219],[83.968,27.213],[83.975,27.205],[83.987,27.198],[83.993,27.173],[83.979,27.165],[83.975,27.156],[83.959,27.136],[83.963,27.128],[83.959,27.122],[83.947,27.112],[83.946,27.092],[83.95,27.086],[83.965,27.084],[83.978,27.091],[83.987,27.09],[84.003,27.102],[84.009,27.099],[84.016,27.105],[84.03,27.098],[84.029,27.087],[84.016,27.072],[84,27.07],[84.006,27.06],[84.018,27.056],[84.031,27.046],[84.046,27.046],[84.049,27.035],[84.043,27.015],[84.037,27.009],[84.046,27.005],[84.056,26.99],[84.047,26.98],[84.054,26.973],[84.054,26.956],[84.046,26.953],[84.034,26.939],[84.045,26.94],[84.044,26.931],[84.053,26.93],[84.06,26.917],[84.052,26.906],[84.067,26.889],[84.08,26.878],[84.087,26.882],[84.1,26.877],[84.107,26.888],[84.108,26.897],[84.116,26.895],[84.117,26.889],[84.13,26.893],[84.131,26.884],[84.144,26.88],[84.147,26.872],[84.14,26.867],[84.141,26.853],[84.149,26.843],[84.166,26.834],[84.182,26.834],[84.187,26.842],[84.183,26.847],[84.19,26.859],[84.211,26.864],[84.219,26.871],[84.234,26.868],[84.254,26.857],[84.262,26.843],[84.261,26.829],[84.25,26.819],[84.26,26.807],[84.257,26.79],[84.249,26.771],[84.233,26.754],[84.24,26.739],[84.255,26.727],[84.266,26.74],[84.276,26.742],[84.286,26.75],[84.306,26.75],[84.314,26.739],[84.326,26.714],[84.33,26.684],[84.35,26.678],[84.376,26.678],[84.411,26.67],[84.41,26.647],[84.42,26.626],[84.407,26.623],[84.4,26.625],[84.386,26.622],[84.38,26.615],[84.353,26.62],[84.319,26.612],[84.307,26.616],[84.3,26.604],[84.286,26.606],[84.285,26.6],[84.268,26.602],[84.268,26.605],[84.245,26.609],[84.23,26.614],[84.228,26.618],[84.201,26.625],[84.191,26.625],[84.169,26.623],[84.157,26.626],[84.159,26.636],[84.136,26.636],[84.131,26.633],[84.088,26.636],[84.087,26.613],[84.09,26.607],[84.083,26.592],[84.076,26.583],[84.066,26.577],[84.055,26.558],[84.056,26.545],[84.048,26.536],[84.032,26.534],[84.007,26.526],[83.992,26.533],[83.977,26.532],[83.973,26.52],[83.972,26.511],[83.951,26.509],[83.95,26.516],[83.94,26.525],[83.931,26.52],[83.915,26.517],[83.906,26.512],[83.915,26.503],[83.913,26.498],[83.91,26.476],[83.911,26.45],[83.946,26.439],[83.966,26.437],[83.992,26.432],[83.997,26.446],[84.008,26.444],[84.019,26.447],[84.024,26.437],[84.023,26.431],[84.041,26.412],[84.055,26.403],[84.064,26.401],[84.068,26.388],[84.084,26.382],[84.089,26.387],[84.12,26.385],[84.136,26.382],[84.138,26.378],[84.176,26.373],[84.176,26.36],[84.173,26.354],[84.173,26.334],[84.186,26.314],[84.178,26.304],[84.175,26.291],[84.177,26.265],[84.162,26.257],[84.162,26.245],[84.151,26.258],[84.148,26.255],[84.132,26.259],[84.12,26.258],[84.117,26.24],[84.091,26.234],[84.08,26.222],[84.06,26.224],[84.051,26.229],[84.038,26.232],[84.038,26.237],[84.027,26.24],[84.019,26.239],[84.012,26.232],[84.015,26.223],[84.028,26.215],[84.026,26.197],[84.016,26.196],[84.009,26.19],[84.01,26.174],[84.019,26.167],[84.034,26.16],[84.034,26.151],[84.028,26.142],[84.043,26.135],[84.051,26.129],[84.052,26.12],[84.049,26.111],[84.056,26.1],[84.089,26.1],[84.104,26.093],[84.121,26.077],[84.138,26.052],[84.173,26.025],[84.17,25.988],[84.176,25.997],[84.196,25.988],[84.207,25.999],[84.238,25.986],[84.245,25.981],[84.245,25.976],[84.282,25.959],[84.297,25.945],[84.312,25.944],[84.354,25.959],[84.387,25.937],[84.412,25.931],[84.414,25.923],[84.425,25.902],[84.428,25.891],[84.437,25.892],[84.454,25.888],[84.46,25.89],[84.472,25.882],[84.49,25.886],[84.511,25.871],[84.534,25.876],[84.534,25.864],[84.523,25.86],[84.531,25.853],[84.531,25.832],[84.548,25.829],[84.551,25.841],[84.581,25.825],[84.625,25.792],[84.624,25.771],[84.614,25.776],[84.607,25.772],[84.606,25.761],[84.61,25.755],[84.624,25.749],[84.63,25.742],[84.635,25.728],[84.627,25.727],[84.611,25.731],[84.6,25.738],[84.56,25.737],[84.565,25.717],[84.561,25.684],[84.557,25.682],[84.546,25.688],[84.535,25.691],[84.54,25.727],[84.535,25.724],[84.529,25.683],[84.52,25.675],[84.508,25.682],[84.499,25.675],[84.492,25.676],[84.493,25.691],[84.471,25.687],[84.462,25.709],[84.43,25.711],[84.428,25.694],[84.407,25.698],[84.401,25.708],[84.406,25.716],[84.4,25.729],[84.384,25.732],[84.394,25.744],[84.385,25.747],[84.377,25.741],[84.375,25.735],[84.365,25.742],[84.337,25.744],[84.329,25.731],[84.329,25.709],[84.324,25.67],[84.299,25.671],[84.3,25.665],[84.294,25.66],[84.276,25.659],[84.274,25.662],[84.223,25.662],[84.206,25.67],[84.199,25.702],[84.174,25.718],[84.17,25.723],[84.154,25.727],[84.15,25.719],[84.139,25.716],[84.135,25.724],[84.105,25.721],[84.089,25.713],[84.075,25.695],[84.085,25.652],[84.081,25.636],[84.044,25.626],[84.017,25.615],[83.957,25.57],[83.928,25.557],[83.914,25.545],[83.905,25.527],[83.894,25.52],[83.876,25.518],[83.874,25.51],[83.878,25.503],[83.869,25.486],[83.863,25.483],[83.857,25.469],[83.834,25.458],[83.823,25.466],[83.815,25.46],[83.812,25.449],[83.824,25.446],[83.843,25.446],[83.846,25.434],[83.834,25.431],[83.826,25.436],[83.802,25.425],[83.814,25.421],[83.808,25.409],[83.791,25.398],[83.771,25.397],[83.768,25.386],[83.758,25.39],[83.757,25.404],[83.747,25.401],[83.742,25.41],[83.734,25.406],[83.73,25.398],[83.717,25.398],[83.71,25.386],[83.702,25.396],[83.694,25.386],[83.684,25.381],[83.695,25.371],[83.688,25.367],[83.667,25.363],[83.66,25.364],[83.649,25.354],[83.652,25.347],[83.643,25.34],[83.635,25.343],[83.63,25.33],[83.608,25.332],[83.596,25.327],[83.588,25.322],[83.586,25.316],[83.562,25.314],[83.554,25.309],[83.537,25.304],[83.534,25.297],[83.517,25.285],[83.507,25.282],[83.485,25.279],[83.477,25.272],[83.476,25.261],[83.464,25.25],[83.453,25.256],[83.45,25.261],[83.439,25.258],[83.433,25.25],[83.427,25.254],[83.422,25.247],[83.417,25.25],[83.409,25.246],[83.406,25.238],[83.409,25.23],[83.398,25.216],[83.384,25.203],[83.373,25.2],[83.366,25.195],[83.357,25.2],[83.354,25.189],[83.356,25.178],[83.351,25.157],[83.363,25.154],[83.363,25.142],[83.366,25.125],[83.363,25.111],[83.35,25.114],[83.351,25.105],[83.347,25.087],[83.341,25.082],[83.34,25.069],[83.343,25.051],[83.336,25.051],[83.324,25.037],[83.324,25.027],[83.32,25.017],[83.351,25.009],[83.353,24.997],[83.343,24.981],[83.344,24.966],[83.362,24.954],[83.361,24.942],[83.365,24.938],[83.363,24.928],[83.363,24.909],[83.355,24.905],[83.366,24.893],[83.358,24.889],[83.37,24.88],[83.358,24.871],[83.37,24.862],[83.377,24.86],[83.381,24.848],[83.387,24.84],[83.393,24.841],[83.397,24.832],[83.395,24.826],[83.401,24.819],[83.4,24.81],[83.394,24.805],[83.4,24.797],[83.391,24.789],[83.397,24.779],[83.413,24.775],[83.428,24.768],[83.428,24.763],[83.441,24.757],[83.447,24.741],[83.458,24.732],[83.471,24.732],[83.487,24.737],[83.49,24.734],[83.486,24.716],[83.485,24.704],[83.49,24.7],[83.498,24.703],[83.502,24.693],[83.52,24.678],[83.504,24.666],[83.502,24.649],[83.51,24.648],[83.521,24.641],[83.53,24.642],[83.527,24.63],[83.532,24.627],[83.544,24.628],[83.548,24.623],[83.542,24.613],[83.53,24.612],[83.523,24.599],[83.525,24.588],[83.53,24.582],[83.528,24.562],[83.522,24.555],[83.522,24.548],[83.498,24.538],[83.503,24.525],[83.538,24.525],[83.552,24.523],[83.576,24.516],[83.596,24.513],[83.629,24.513],[83.651,24.515],[83.688,24.514],[83.715,24.504],[83.727,24.504],[83.745,24.51],[83.755,24.509],[83.789,24.523],[83.801,24.53],[83.817,24.529],[83.843,24.533],[83.863,24.537],[83.873,24.532],[83.899,24.541],[83.908,24.541],[83.933,24.547],[83.951,24.564],[83.97,24.587],[83.975,24.591],[83.985,24.614],[83.998,24.638],[84.008,24.643],[84.021,24.639],[84.034,24.63],[84.034,24.622],[84.042,24.619],[84.047,24.605],[84.062,24.587],[84.063,24.58],[84.06,24.571],[84.073,24.567],[84.073,24.555],[84.078,24.541],[84.089,24.536],[84.089,24.525],[84.085,24.514],[84.089,24.501],[84.104,24.481],[84.111,24.477],[84.125,24.481],[84.125,24.491],[84.13,24.497],[84.141,24.501],[84.139,24.511],[84.135,24.524],[84.146,24.538],[84.163,24.533],[84.162,24.528],[84.153,24.516],[84.156,24.511],[84.171,24.505],[84.179,24.505],[84.185,24.519],[84.178,24.526],[84.172,24.539],[84.173,24.545],[84.184,24.545],[84.188,24.553],[84.199,24.553],[84.202,24.544],[84.209,24.541],[84.21,24.534],[84.217,24.533],[84.22,24.547],[84.236,24.55],[84.25,24.536],[84.25,24.528],[84.257,24.527],[84.259,24.534],[84.277,24.544],[84.27,24.56],[84.283,24.559],[84.29,24.563],[84.298,24.559],[84.3,24.545],[84.311,24.535],[84.312,24.523],[84.322,24.517],[84.322,24.508],[84.328,24.5],[84.327,24.487],[84.317,24.487],[84.303,24.48],[84.291,24.466],[84.297,24.45],[84.322,24.446],[84.336,24.427],[84.321,24.423],[84.329,24.419],[84.333,24.404],[84.344,24.399],[84.342,24.394],[84.363,24.389],[84.374,24.384],[84.379,24.388],[84.388,24.389],[84.389,24.38],[84.398,24.373],[84.403,24.363],[84.426,24.357],[84.423,24.334],[84.424,24.33],[84.452,24.333],[84.461,24.337],[84.466,24.332],[84.465,24.321],[84.472,24.315],[84.487,24.314],[84.5,24.33],[84.503,24.321],[84.489,24.315],[84.485,24.302],[84.496,24.3],[84.49,24.292],[84.492,24.286],[84.501,24.288],[84.51,24.305],[84.509,24.315],[84.516,24.317],[84.522,24.332],[84.531,24.338],[84.525,24.351],[84.534,24.36],[84.535,24.365],[84.527,24.375],[84.532,24.378],[84.547,24.377],[84.55,24.373],[84.559,24.376],[84.574,24.385],[84.565,24.393],[84.568,24.409],[84.583,24.413],[84.595,24.405],[84.615,24.399],[84.631,24.405],[84.641,24.399],[84.648,24.402],[84.665,24.392],[84.676,24.425],[84.671,24.428],[84.679,24.436],[84.686,24.456],[84.703,24.463],[84.71,24.471],[84.727,24.469],[84.746,24.487],[84.749,24.496],[84.756,24.5],[84.789,24.507],[84.79,24.519],[84.795,24.52],[84.802,24.531],[84.811,24.522],[84.826,24.525],[84.839,24.513],[84.838,24.498],[84.834,24.496],[84.835,24.484],[84.833,24.47],[84.841,24.467],[84.837,24.459],[84.841,24.452],[84.849,24.454],[84.854,24.467],[84.871,24.458],[84.873,24.466],[84.887,24.463],[84.885,24.441],[84.888,24.433],[84.882,24.425],[84.891,24.415],[84.893,24.405],[84.904,24.395],[84.908,24.382],[84.904,24.372],[84.917,24.373],[84.923,24.378],[84.937,24.38],[84.955,24.372],[84.975,24.375],[84.984,24.387],[84.998,24.395],[85.017,24.41],[85.031,24.416],[85.041,24.415],[85.045,24.409],[85.062,24.407],[85.067,24.423],[85.075,24.43],[85.081,24.428],[85.079,24.415],[85.082,24.398],[85.074,24.377],[85.084,24.377],[85.089,24.372],[85.099,24.374],[85.105,24.379],[85.103,24.384],[85.116,24.391],[85.123,24.402],[85.161,24.412],[85.166,24.419],[85.174,24.421],[85.164,24.444],[85.154,24.447],[85.153,24.455],[85.162,24.461],[85.172,24.459],[85.181,24.462],[85.201,24.461],[85.21,24.467],[85.225,24.464],[85.233,24.473],[85.242,24.477],[85.241,24.482],[85.25,24.491],[85.282,24.492],[85.285,24.495],[85.281,24.515],[85.282,24.52],[85.292,24.524],[85.322,24.52],[85.336,24.523],[85.373,24.525],[85.392,24.531],[85.398,24.545],[85.415,24.54],[85.432,24.532],[85.448,24.537],[85.461,24.536],[85.471,24.544],[85.491,24.548],[85.498,24.546],[85.509,24.538],[85.509,24.525],[85.518,24.526],[85.524,24.521],[85.542,24.532],[85.546,24.549],[85.545,24.563],[85.556,24.558],[85.568,24.558],[85.572,24.562],[85.571,24.575],[85.566,24.579],[85.568,24.591],[85.581,24.601],[85.589,24.597],[85.602,24.596],[85.609,24.591],[85.615,24.581],[85.627,24.582],[85.633,24.579],[85.653,24.576],[85.669,24.58],[85.678,24.591],[85.674,24.598],[85.676,24.618],[85.672,24.63],[85.667,24.637],[85.663,24.651],[85.667,24.661],[85.655,24.674],[85.649,24.685],[85.681,24.692],[85.689,24.698],[85.709,24.727],[85.705,24.736],[85.709,24.745],[85.704,24.752],[85.704,24.766],[85.712,24.781],[85.722,24.785],[85.724,24.797],[85.728,24.798],[85.731,24.813],[85.735,24.82],[85.742,24.82],[85.769,24.808],[85.769,24.803],[85.778,24.797],[85.81,24.794],[85.811,24.799],[85.82,24.808],[85.841,24.809],[85.858,24.808],[85.867,24.805],[85.89,24.793],[85.887,24.784],[85.898,24.775],[85.908,24.759],[85.92,24.744],[85.938,24.735],[85.96,24.731],[85.97,24.733],[85.975,24.745],[85.98,24.749],[85.996,24.753],[86.003,24.761],[86.025,24.767],[86.037,24.777],[86.055,24.78],[86.059,24.771],[86.054,24.756],[86.046,24.752],[86.037,24.741],[86.054,24.745],[86.065,24.751],[86.094,24.745],[86.107,24.735],[86.108,24.726],[86.129,24.699],[86.129,24.686],[86.131,24.676],[86.126,24.668],[86.124,24.655],[86.115,24.644],[86.121,24.635],[86.118,24.624],[86.125,24.611],[86.136,24.605],[86.15,24.602],[86.151,24.592],[86.158,24.587],[86.175,24.583],[86.189,24.584],[86.214,24.594],[86.215,24.614],[86.224,24.61],[86.242,24.597],[86.243,24.588],[86.255,24.587],[86.259,24.578],[86.276,24.587],[86.292,24.588],[86.303,24.583],[86.308,24.589],[86.319,24.586],[86.318,24.578],[86.306,24.571],[86.301,24.561],[86.308,24.548],[86.297,24.533],[86.305,24.528],[86.309,24.511],[86.303,24.506],[86.289,24.479],[86.283,24.48],[86.276,24.466],[86.299,24.461],[86.294,24.451],[86.301,24.448],[86.311,24.448],[86.316,24.442],[86.334,24.442],[86.349,24.447],[86.358,24.429],[86.365,24.425],[86.377,24.431],[86.38,24.425],[86.395,24.415],[86.402,24.408],[86.41,24.393],[86.405,24.388],[86.413,24.38],[86.427,24.377],[86.433,24.38],[86.445,24.368],[86.456,24.372],[86.458,24.378],[86.467,24.381],[86.472,24.394],[86.468,24.425],[86.477,24.425],[86.484,24.435],[86.491,24.428],[86.497,24.444],[86.495,24.456],[86.485,24.47],[86.493,24.487],[86.5,24.489],[86.503,24.5],[86.5,24.51],[86.504,24.512],[86.509,24.522],[86.515,24.525],[86.517,24.535],[86.528,24.544],[86.534,24.541],[86.553,24.544],[86.563,24.555],[86.559,24.565],[86.58,24.567],[86.589,24.58],[86.589,24.589],[86.603,24.602],[86.613,24.599],[86.624,24.6],[86.625,24.59],[86.632,24.585],[86.648,24.579],[86.653,24.57],[86.669,24.566],[86.692,24.577],[86.697,24.573],[86.707,24.576],[86.724,24.583],[86.733,24.579],[86.75,24.597],[86.748,24.604],[86.753,24.618],[86.787,24.616],[86.807,24.599],[86.81,24.582],[86.803,24.578],[86.802,24.57],[86.811,24.569],[86.822,24.575],[86.833,24.573],[86.844,24.575],[86.841,24.563],[86.86,24.556],[86.868,24.567],[86.877,24.571],[86.888,24.567],[86.889,24.561],[86.897,24.561],[86.905,24.55],[86.916,24.546],[86.918,24.558],[86.912,24.57],[86.914,24.577],[86.909,24.585],[86.909,24.596],[86.92,24.602],[86.928,24.615],[86.93,24.627],[86.945,24.636],[86.939,24.652],[86.957,24.65],[86.954,24.632],[86.978,24.64],[86.993,24.625],[86.995,24.62],[87.007,24.623],[87.011,24.631],[87.02,24.63],[87.024,24.625],[87.023,24.616],[87.036,24.613],[87.038,24.617],[87.051,24.609],[87.049,24.625],[87.046,24.63],[87.052,24.641],[87.051,24.652],[87.054,24.67],[87.06,24.676],[87.062,24.689],[87.07,24.697],[87.068,24.703],[87.08,24.726],[87.078,24.737],[87.07,24.743],[87.084,24.757],[87.079,24.768],[87.079,24.778],[87.093,24.793],[87.095,24.802],[87.077,24.808],[87.074,24.817],[87.077,24.824],[87.089,24.822],[87.104,24.842],[87.109,24.852],[87.118,24.852],[87.13,24.86],[87.139,24.86],[87.157,24.883],[87.154,24.903],[87.146,24.91],[87.145,24.919],[87.154,24.932],[87.146,24.942],[87.15,24.948],[87.15,24.963],[87.154,24.975],[87.153,24.991],[87.15,25.004],[87.146,25.009],[87.146,25.019],[87.15,25.026],[87.158,25.028],[87.171,25.047],[87.181,25.066],[87.192,25.066],[87.198,25.071],[87.2,25.078],[87.211,25.081],[87.213,25.091],[87.227,25.088],[87.237,25.089],[87.244,25.101],[87.235,25.107],[87.241,25.115],[87.25,25.105],[87.261,25.104],[87.27,25.094],[87.296,25.089],[87.298,25.1],[87.297,25.114],[87.308,25.147],[87.313,25.15],[87.316,25.181],[87.321,25.191],[87.318,25.195],[87.328,25.224],[87.335,25.216],[87.349,25.215],[87.371,25.207],[87.382,25.223],[87.392,25.228],[87.402,25.227],[87.404,25.223],[87.427,25.211],[87.446,25.204],[87.463,25.195],[87.478,25.194],[87.477,25.211],[87.473,25.233],[87.474,25.24],[87.481,25.25],[87.495,25.26],[87.501,25.267],[87.499,25.276],[87.491,25.28],[87.487,25.296],[87.494,25.304],[87.505,25.293],[87.52,25.292],[87.532,25.28],[87.543,25.281],[87.543,25.297],[87.547,25.315],[87.552,25.333],[87.571,25.333],[87.575,25.341],[87.592,25.342],[87.584,25.334],[87.592,25.322],[87.612,25.313],[87.617,25.318],[87.626,25.313],[87.631,25.32],[87.655,25.308],[87.673,25.308],[87.674,25.313],[87.692,25.312],[87.695,25.307],[87.696,25.294],[87.693,25.285],[87.711,25.275],[87.711,25.258],[87.743,25.264],[87.764,25.265],[87.777,25.26],[87.789,25.258],[87.799,25.251],[87.814,25.247],[87.819,25.243],[87.83,25.249],[87.831,25.256],[87.845,25.263],[87.846,25.276],[87.851,25.28],[87.852,25.295],[87.846,25.305],[87.828,25.312],[87.808,25.328],[87.793,25.33],[87.784,25.34],[87.787,25.352],[87.79,25.377],[87.776,25.377],[87.767,25.381],[87.764,25.386],[87.768,25.402],[87.779,25.412],[87.777,25.424],[87.785,25.437],[87.787,25.449],[87.803,25.444],[87.814,25.435],[87.824,25.437],[87.827,25.448],[87.83,25.449],[87.831,25.462],[87.839,25.462],[87.839,25.468],[87.854,25.467],[87.864,25.476],[87.866,25.497],[87.874,25.505],[87.886,25.51],[87.889,25.519],[87.903,25.505],[87.909,25.519],[87.924,25.535],[87.926,25.539],[87.94,25.535],[87.953,25.538],[87.966,25.536],[87.97,25.529],[87.983,25.525],[87.987,25.518],[87.994,25.514],[87.997,25.5],[88.008,25.496],[88.002,25.513],[88.014,25.514],[88.018,25.503],[88.031,25.491],[88.046,25.488],[88.065,25.489],[88.073,25.484],[88.071,25.516],[88.065,25.523],[88.062,25.536],[88.054,25.541],[88.052,25.549],[88.031,25.554],[88.032,25.567],[88.021,25.572],[88.031,25.576],[88.024,25.583],[88.022,25.596],[88.031,25.607],[88.042,25.609],[88.041,25.621],[88.035,25.626],[88.05,25.667],[88.049,25.683],[88.055,25.692],[88.05,25.702],[88.042,25.701],[88.032,25.704],[88.021,25.696],[88.022,25.71],[88.013,25.711],[88.002,25.716],[88.001,25.722],[87.986,25.726],[87.984,25.721],[87.968,25.726],[87.968,25.734],[87.95,25.749],[87.95,25.758],[87.946,25.76],[87.945,25.77],[87.935,25.769],[87.924,25.777],[87.904,25.773],[87.91,25.781],[87.907,25.785],[87.905,25.803],[87.9,25.807],[87.907,25.82],[87.899,25.826],[87.89,25.829],[87.893,25.836],[87.909,25.845],[87.914,25.852],[87.903,25.86],[87.892,25.866],[87.886,25.86],[87.876,25.86],[87.864,25.868],[87.831,25.871],[87.825,25.888],[87.83,25.893],[87.822,25.9],[87.825,25.911],[87.815,25.909],[87.811,25.928],[87.821,25.936],[87.834,25.93],[87.841,25.941],[87.835,25.946],[87.845,25.962],[87.849,25.977],[87.846,25.982],[87.848,25.996],[87.851,25.998],[87.857,26.025],[87.855,26.035],[87.865,26.034],[87.873,26.041],[87.88,26.039],[87.893,26.053],[87.89,26.061],[87.901,26.065],[87.906,26.074],[87.919,26.077],[87.925,26.083],[87.931,26.082],[87.93,26.071],[87.935,26.064],[87.95,26.06],[87.951,26.066],[87.958,26.073],[87.973,26.076],[87.982,26.073],[87.985,26.078],[87.981,26.085],[87.965,26.096],[87.984,26.102],[87.988,26.113],[87.976,26.118],[87.979,26.131],[87.98,26.144],[87.987,26.143],[87.994,26.149],[87.998,26.14],[88.006,26.147],[88.014,26.149],[88.009,26.158],[88.019,26.16],[88.032,26.17],[88.035,26.179],[88.049,26.177],[88.06,26.171],[88.065,26.175],[88.073,26.175],[88.079,26.181],[88.078,26.187],[88.09,26.191],[88.092,26.202],[88.105,26.209],[88.106,26.214],[88.118,26.219],[88.123,26.226],[88.142,26.226],[88.138,26.241],[88.146,26.25],[88.155,26.251],[88.157,26.256],[88.167,26.253],[88.18,26.257],[88.185,26.271],[88.201,26.271],[88.205,26.278],[88.214,26.274],[88.216,26.279],[88.228,26.285],[88.232,26.292],[88.231,26.301],[88.241,26.301],[88.245,26.309],[88.25,26.311],[88.253,26.327],[88.256,26.332],[88.258,26.332],[88.281,26.327],[88.286,26.332],[88.286,26.347],[88.296,26.354],[88.288,26.358],[88.282,26.375],[88.266,26.38],[88.252,26.374],[88.24,26.38],[88.234,26.392],[88.244,26.399],[88.248,26.406],[88.254,26.409],[88.261,26.42],[88.263,26.429],[88.251,26.433],[88.242,26.457],[88.235,26.46],[88.226,26.48],[88.229,26.49],[88.214,26.483],[88.198,26.485],[88.194,26.495],[88.189,26.495],[88.182,26.508],[88.19,26.512],[88.196,26.521],[88.208,26.524],[88.213,26.533],[88.235,26.545],[88.237,26.552],[88.233,26.556],[88.233,26.571],[88.217,26.574],[88.214,26.567],[88.221,26.561],[88.216,26.553],[88.202,26.555],[88.189,26.56],[88.182,26.554],[88.171,26.554],[88.166,26.545],[88.167,26.536],[88.148,26.524],[88.135,26.523],[88.113,26.548],[88.105,26.551]]]},"properties":{"ST_NM":"Bihar","id":"bihar"}},{"type":"Feature","geometry":{"type":"Polygon","coordinates":[[[76.431,11.666],[76.425,11.672],[76.417,11.672],[76.408,11.69],[76.412,11.695],[76.408,11.715],[76.425,11.721],[76.427,11.726],[76.422,11.738],[76.413,11.74],[76.411,11.758],[76.398,11.751],[76.393,11.755],[76.377,11.745],[76.362,11.748],[76.352,11.738],[76.34,11.739],[76.329,11.748],[76.319,11.751],[76.311,11.768],[76.308,11.785],[76.302,11.786],[76.288,11.795],[76.28,11.812],[76.258,11.809],[76.249,11.804],[76.238,11.804],[76.227,11.806],[76.219,11.814],[76.217,11.821],[76.21,11.828],[76.213,11.842],[76.21,11.845],[76.207,11.862],[76.202,11.862],[76.19,11.871],[76.173,11.871],[76.165,11.868],[76.157,11.871],[76.146,11.867],[76.131,11.853],[76.12,11.85],[76.113,11.859],[76.115,11.867],[76.112,11.888],[76.113,11.895],[76.113,11.931],[76.112,11.979],[76.09,11.967],[76.08,11.969],[76.07,11.967],[76.052,11.952],[76.045,11.951],[76.034,11.94],[76.022,11.944],[76.008,11.939],[76.003,11.931],[75.99,11.935],[75.976,11.934],[75.956,11.942],[75.941,11.941],[75.931,11.939],[75.913,11.946],[75.897,11.945],[75.887,11.951],[75.88,11.949],[75.867,11.957],[75.859,11.959],[75.847,11.982],[75.837,11.981],[75.83,11.984],[75.826,11.992],[75.823,12.013],[75.815,12.021],[75.811,12.029],[75.801,12.037],[75.798,12.052],[75.798,12.063],[75.803,12.08],[75.786,12.085],[75.773,12.084],[75.768,12.086],[75.75,12.084],[75.736,12.079],[75.728,12.073],[75.715,12.071],[75.717,12.086],[75.713,12.091],[75.702,12.093],[75.703,12.108],[75.687,12.11],[75.677,12.097],[75.667,12.097],[75.649,12.109],[75.648,12.121],[75.644,12.124],[75.643,12.138],[75.636,12.148],[75.631,12.148],[75.621,12.155],[75.611,12.152],[75.606,12.155],[75.591,12.151],[75.583,12.158],[75.577,12.157],[75.57,12.172],[75.559,12.176],[75.541,12.201],[75.532,12.201],[75.54,12.216],[75.527,12.225],[75.528,12.231],[75.521,12.235],[75.52,12.246],[75.512,12.253],[75.511,12.26],[75.505,12.271],[75.494,12.273],[75.485,12.29],[75.475,12.296],[75.465,12.289],[75.451,12.293],[75.433,12.293],[75.426,12.287],[75.415,12.288],[75.431,12.308],[75.424,12.314],[75.416,12.33],[75.415,12.34],[75.411,12.346],[75.42,12.357],[75.422,12.373],[75.413,12.38],[75.398,12.382],[75.395,12.388],[75.387,12.392],[75.38,12.392],[75.372,12.4],[75.371,12.409],[75.366,12.412],[75.371,12.439],[75.369,12.443],[75.371,12.457],[75.375,12.46],[75.387,12.458],[75.393,12.455],[75.404,12.455],[75.413,12.459],[75.416,12.466],[75.423,12.467],[75.425,12.475],[75.42,12.48],[75.418,12.498],[75.411,12.502],[75.403,12.498],[75.398,12.504],[75.392,12.5],[75.382,12.502],[75.378,12.496],[75.368,12.492],[75.372,12.477],[75.359,12.464],[75.336,12.464],[75.341,12.47],[75.335,12.478],[75.337,12.489],[75.332,12.5],[75.315,12.498],[75.313,12.502],[75.304,12.503],[75.303,12.523],[75.291,12.526],[75.28,12.524],[75.274,12.534],[75.27,12.55],[75.269,12.56],[75.272,12.57],[75.284,12.571],[75.29,12.584],[75.311,12.578],[75.326,12.583],[75.327,12.592],[75.313,12.592],[75.306,12.597],[75.298,12.607],[75.291,12.603],[75.289,12.612],[75.276,12.62],[75.264,12.612],[75.266,12.606],[75.261,12.598],[75.249,12.583],[75.237,12.576],[75.238,12.568],[75.22,12.568],[75.217,12.578],[75.212,12.579],[75.207,12.592],[75.209,12.602],[75.206,12.609],[75.198,12.616],[75.202,12.629],[75.182,12.632],[75.172,12.623],[75.161,12.621],[75.154,12.624],[75.144,12.642],[75.151,12.657],[75.161,12.673],[75.15,12.674],[75.143,12.677],[75.133,12.675],[75.111,12.683],[75.11,12.692],[75.105,12.698],[75.092,12.701],[75.084,12.697],[75.086,12.675],[75.073,12.671],[75.066,12.663],[75.059,12.671],[75.048,12.668],[75.042,12.672],[75.04,12.686],[75.043,12.693],[75.055,12.695],[75.05,12.705],[75.053,12.712],[75.05,12.719],[75.034,12.723],[75.027,12.718],[75.019,12.72],[75.015,12.713],[75.001,12.715],[75.011,12.728],[74.999,12.732],[74.992,12.739],[74.982,12.738],[74.998,12.758],[75.005,12.762],[75.006,12.771],[75.003,12.778],[75.002,12.792],[74.992,12.788],[74.982,12.78],[74.968,12.776],[74.96,12.779],[74.958,12.785],[74.942,12.78],[74.928,12.779],[74.913,12.772],[74.9,12.763],[74.893,12.763],[74.882,12.754],[74.874,12.755],[74.87,12.761],[74.868,12.753],[74.874,12.739],[74.885,12.71],[74.892,12.714],[74.897,12.704],[74.893,12.696],[74.916,12.644],[74.928,12.612],[74.933,12.613],[74.937,12.605],[74.947,12.609],[74.939,12.589],[74.954,12.55],[74.962,12.537],[74.964,12.525],[74.974,12.501],[74.99,12.472],[74.998,12.451],[75.006,12.441],[75.015,12.418],[75.022,12.414],[75.032,12.392],[75.042,12.388],[75.048,12.373],[75.058,12.352],[75.075,12.313],[75.085,12.292],[75.098,12.261],[75.102,12.248],[75.12,12.204],[75.126,12.203],[75.131,12.186],[75.141,12.167],[75.143,12.155],[75.149,12.145],[75.148,12.136],[75.156,12.119],[75.157,12.11],[75.169,12.082],[75.18,12.056],[75.204,12.006],[75.21,12.012],[75.221,12.013],[75.224,12.021],[75.23,12.023],[75.242,12.017],[75.252,12.009],[75.292,11.954],[75.298,11.95],[75.32,11.916],[75.32,11.905],[75.331,11.898],[75.354,11.87],[75.356,11.86],[75.366,11.853],[75.379,11.86],[75.386,11.856],[75.397,11.843],[75.404,11.839],[75.424,11.814],[75.438,11.806],[75.448,11.79],[75.448,11.783],[75.457,11.779],[75.454,11.772],[75.46,11.766],[75.473,11.765],[75.483,11.755],[75.498,11.735],[75.508,11.733],[75.525,11.708],[75.531,11.704],[75.534,11.709],[75.544,11.705],[75.537,11.694],[75.546,11.675],[75.561,11.644],[75.578,11.6],[75.603,11.529],[75.619,11.487],[75.618,11.477],[75.626,11.475],[75.637,11.466],[75.645,11.468],[75.664,11.463],[75.677,11.45],[75.681,11.451],[75.698,11.425],[75.713,11.394],[75.716,11.393],[75.732,11.356],[75.736,11.345],[75.737,11.324],[75.746,11.322],[75.76,11.289],[75.771,11.252],[75.781,11.222],[75.805,11.16],[75.815,11.149],[75.826,11.123],[75.83,11.117],[75.84,11.086],[75.848,11.057],[75.855,11.029],[75.863,11.002],[75.865,10.989],[75.888,10.898],[75.907,10.804],[75.915,10.779],[75.922,10.761],[75.941,10.724],[75.945,10.712],[75.984,10.627],[75.999,10.595],[76.023,10.536],[76.032,10.518],[76.041,10.504],[76.067,10.456],[76.089,10.407],[76.106,10.363],[76.117,10.334],[76.128,10.291],[76.139,10.254],[76.144,10.242],[76.153,10.209],[76.168,10.17],[76.173,10.159],[76.187,10.117],[76.19,10.1],[76.203,10.053],[76.206,10.046],[76.221,10.001],[76.226,9.99],[76.234,9.988],[76.241,9.982],[76.241,9.968],[76.237,9.962],[76.239,9.951],[76.252,9.917],[76.26,9.883],[76.262,9.872],[76.27,9.834],[76.271,9.825],[76.279,9.782],[76.284,9.749],[76.296,9.628],[76.301,9.587],[76.308,9.542],[76.316,9.503],[76.329,9.449],[76.34,9.41],[76.353,9.377],[76.366,9.35],[76.374,9.332],[76.398,9.28],[76.411,9.25],[76.461,9.141],[76.472,9.116],[76.486,9.089],[76.517,9.018],[76.53,8.962],[76.54,8.933],[76.542,8.913],[76.548,8.903],[76.56,8.89],[76.565,8.88],[76.572,8.883],[76.58,8.881],[76.595,8.873],[76.61,8.86],[76.632,8.837],[76.641,8.825],[76.661,8.796],[76.672,8.784],[76.702,8.737],[76.756,8.672],[76.793,8.626],[76.831,8.578],[76.842,8.566],[76.888,8.508],[76.892,8.502],[76.931,8.457],[76.968,8.41],[76.973,8.398],[76.971,8.392],[76.985,8.38],[76.998,8.375],[77.012,8.357],[77.016,8.356],[77.029,8.348],[77.078,8.307],[77.098,8.292],[77.103,8.306],[77.113,8.304],[77.117,8.31],[77.119,8.32],[77.129,8.322],[77.139,8.328],[77.158,8.328],[77.168,8.333],[77.173,8.319],[77.178,8.323],[77.167,8.343],[77.175,8.35],[77.174,8.359],[77.169,8.363],[77.156,8.357],[77.16,8.368],[77.161,8.389],[77.167,8.384],[77.182,8.396],[77.183,8.405],[77.197,8.42],[77.196,8.429],[77.2,8.432],[77.206,8.444],[77.227,8.447],[77.225,8.46],[77.213,8.47],[77.21,8.479],[77.21,8.492],[77.201,8.498],[77.214,8.512],[77.221,8.512],[77.231,8.507],[77.239,8.496],[77.244,8.497],[77.251,8.506],[77.262,8.507],[77.275,8.539],[77.284,8.547],[77.274,8.56],[77.275,8.566],[77.27,8.573],[77.267,8.584],[77.257,8.591],[77.254,8.598],[77.246,8.604],[77.252,8.608],[77.251,8.62],[77.235,8.627],[77.232,8.636],[77.225,8.639],[77.214,8.649],[77.208,8.664],[77.201,8.669],[77.207,8.681],[77.195,8.708],[77.185,8.713],[77.178,8.724],[77.179,8.731],[77.17,8.742],[77.173,8.747],[77.183,8.741],[77.191,8.742],[77.197,8.75],[77.2,8.763],[77.218,8.769],[77.214,8.775],[77.224,8.783],[77.23,8.785],[77.232,8.807],[77.242,8.809],[77.247,8.814],[77.247,8.824],[77.253,8.828],[77.264,8.842],[77.26,8.851],[77.263,8.855],[77.257,8.878],[77.245,8.88],[77.238,8.886],[77.238,8.898],[77.228,8.904],[77.221,8.904],[77.218,8.917],[77.224,8.924],[77.21,8.932],[77.201,8.925],[77.192,8.928],[77.197,8.937],[77.194,8.944],[77.197,8.952],[77.185,8.97],[77.178,8.969],[77.173,8.992],[77.162,8.995],[77.149,9.01],[77.154,9.022],[77.161,9.029],[77.161,9.036],[77.167,9.045],[77.183,9.047],[77.192,9.044],[77.197,9.057],[77.205,9.066],[77.209,9.075],[77.206,9.084],[77.212,9.1],[77.219,9.101],[77.231,9.117],[77.241,9.124],[77.247,9.124],[77.253,9.14],[77.268,9.153],[77.266,9.165],[77.268,9.175],[77.264,9.186],[77.252,9.19],[77.257,9.197],[77.271,9.201],[77.271,9.205],[77.281,9.217],[77.281,9.221],[77.275,9.235],[77.28,9.244],[77.278,9.25],[77.282,9.256],[77.283,9.273],[77.288,9.282],[77.283,9.293],[77.283,9.301],[77.289,9.302],[77.299,9.311],[77.303,9.319],[77.3,9.337],[77.316,9.335],[77.325,9.337],[77.325,9.345],[77.336,9.361],[77.338,9.369],[77.335,9.379],[77.336,9.386],[77.344,9.401],[77.336,9.412],[77.344,9.423],[77.349,9.441],[77.359,9.454],[77.366,9.46],[77.377,9.453],[77.393,9.459],[77.392,9.469],[77.398,9.471],[77.399,9.496],[77.412,9.509],[77.408,9.515],[77.4,9.518],[77.397,9.524],[77.385,9.519],[77.38,9.525],[77.373,9.527],[77.366,9.535],[77.366,9.551],[77.361,9.558],[77.353,9.56],[77.35,9.567],[77.36,9.579],[77.356,9.588],[77.357,9.595],[77.366,9.6],[77.355,9.604],[77.345,9.588],[77.339,9.573],[77.332,9.579],[77.325,9.58],[77.326,9.589],[77.322,9.598],[77.315,9.601],[77.304,9.599],[77.29,9.585],[77.27,9.573],[77.264,9.574],[77.253,9.583],[77.243,9.585],[77.234,9.582],[77.222,9.593],[77.222,9.598],[77.21,9.605],[77.21,9.611],[77.204,9.615],[77.189,9.606],[77.168,9.615],[77.168,9.622],[77.176,9.63],[77.174,9.637],[77.179,9.645],[77.18,9.656],[77.187,9.661],[77.187,9.667],[77.195,9.674],[77.207,9.695],[77.202,9.704],[77.205,9.713],[77.205,9.724],[77.218,9.726],[77.223,9.73],[77.22,9.745],[77.232,9.77],[77.224,9.779],[77.223,9.788],[77.236,9.791],[77.239,9.796],[77.247,9.798],[77.247,9.809],[77.24,9.817],[77.227,9.822],[77.224,9.829],[77.228,9.839],[77.223,9.845],[77.237,9.852],[77.236,9.86],[77.226,9.861],[77.22,9.865],[77.215,9.878],[77.221,9.885],[77.218,9.905],[77.23,9.913],[77.232,9.925],[77.238,9.938],[77.253,9.954],[77.261,9.953],[77.273,9.964],[77.273,9.976],[77.269,9.979],[77.261,9.996],[77.265,10.004],[77.255,10.011],[77.264,10.026],[77.262,10.034],[77.251,10.046],[77.236,10.059],[77.232,10.067],[77.223,10.071],[77.219,10.079],[77.204,10.088],[77.201,10.107],[77.208,10.119],[77.218,10.119],[77.232,10.125],[77.235,10.129],[77.244,10.132],[77.253,10.125],[77.266,10.122],[77.275,10.131],[77.272,10.166],[77.275,10.177],[77.275,10.185],[77.278,10.193],[77.283,10.198],[77.285,10.209],[77.295,10.219],[77.288,10.232],[77.28,10.235],[77.265,10.235],[77.259,10.23],[77.257,10.259],[77.264,10.264],[77.251,10.281],[77.248,10.282],[77.239,10.296],[77.235,10.309],[77.228,10.315],[77.229,10.331],[77.235,10.339],[77.235,10.353],[77.195,10.355],[77.176,10.359],[77.161,10.349],[77.151,10.338],[77.128,10.326],[77.12,10.318],[77.092,10.313],[77.078,10.303],[77.066,10.298],[77.056,10.287],[77.044,10.284],[77.053,10.272],[77.052,10.264],[77.04,10.253],[77.027,10.251],[77.005,10.239],[76.999,10.23],[76.993,10.23],[76.984,10.222],[76.973,10.225],[76.971,10.229],[76.94,10.238],[76.922,10.232],[76.91,10.235],[76.904,10.243],[76.897,10.262],[76.891,10.262],[76.884,10.27],[76.873,10.276],[76.874,10.293],[76.87,10.298],[76.862,10.291],[76.858,10.293],[76.848,10.287],[76.838,10.301],[76.83,10.303],[76.837,10.336],[76.836,10.345],[76.846,10.357],[76.849,10.367],[76.844,10.375],[76.823,10.395],[76.834,10.403],[76.83,10.411],[76.816,10.423],[76.828,10.45],[76.83,10.497],[76.842,10.535],[76.842,10.541],[76.835,10.545],[76.836,10.557],[76.84,10.565],[76.834,10.574],[76.838,10.581],[76.839,10.596],[76.832,10.599],[76.827,10.596],[76.817,10.603],[76.819,10.611],[76.812,10.62],[76.814,10.635],[76.821,10.634],[76.831,10.637],[76.839,10.634],[76.853,10.634],[76.868,10.633],[76.882,10.639],[76.884,10.648],[76.878,10.668],[76.877,10.676],[76.87,10.676],[76.866,10.684],[76.871,10.699],[76.882,10.717],[76.891,10.717],[76.888,10.728],[76.89,10.736],[76.896,10.745],[76.897,10.753],[76.904,10.763],[76.903,10.772],[76.907,10.783],[76.901,10.801],[76.901,10.808],[76.889,10.81],[76.87,10.809],[76.864,10.818],[76.848,10.82],[76.845,10.826],[76.854,10.835],[76.848,10.85],[76.832,10.861],[76.831,10.871],[76.812,10.879],[76.792,10.882],[76.787,10.889],[76.78,10.891],[76.768,10.888],[76.761,10.894],[76.752,10.896],[76.741,10.891],[76.739,10.895],[76.724,10.903],[76.708,10.91],[76.695,10.91],[76.677,10.918],[76.659,10.931],[76.656,10.939],[76.665,10.944],[76.664,10.951],[76.667,10.959],[76.667,10.968],[76.686,10.989],[76.689,11.009],[76.7,11.027],[76.708,11.032],[76.716,11.041],[76.727,11.041],[76.742,11.038],[76.749,11.034],[76.767,11.029],[76.774,11.034],[76.792,11.037],[76.788,11.045],[76.782,11.042],[76.769,11.044],[76.761,11.052],[76.746,11.057],[76.744,11.073],[76.755,11.079],[76.751,11.094],[76.743,11.103],[76.749,11.113],[76.748,11.135],[76.725,11.137],[76.719,11.149],[76.712,11.151],[76.706,11.142],[76.695,11.167],[76.698,11.174],[76.714,11.188],[76.723,11.187],[76.73,11.194],[76.727,11.207],[76.736,11.216],[76.719,11.227],[76.707,11.238],[76.698,11.24],[76.684,11.234],[76.684,11.228],[76.678,11.222],[76.655,11.21],[76.652,11.21],[76.629,11.194],[76.615,11.192],[76.601,11.198],[76.534,11.186],[76.516,11.195],[76.509,11.208],[76.499,11.211],[76.472,11.209],[76.473,11.195],[76.458,11.188],[76.449,11.206],[76.453,11.239],[76.466,11.245],[76.487,11.258],[76.513,11.268],[76.522,11.271],[76.527,11.289],[76.542,11.297],[76.537,11.314],[76.55,11.331],[76.547,11.346],[76.548,11.359],[76.508,11.354],[76.515,11.36],[76.518,11.372],[76.475,11.384],[76.46,11.389],[76.421,11.418],[76.416,11.423],[76.419,11.442],[76.398,11.436],[76.369,11.456],[76.346,11.464],[76.342,11.468],[76.326,11.454],[76.305,11.468],[76.295,11.466],[76.295,11.474],[76.284,11.483],[76.273,11.477],[76.265,11.481],[76.247,11.468],[76.248,11.488],[76.251,11.502],[76.241,11.526],[76.25,11.527],[76.25,11.536],[76.233,11.568],[76.239,11.575],[76.249,11.58],[76.257,11.588],[76.268,11.594],[76.274,11.594],[76.279,11.601],[76.286,11.59],[76.296,11.59],[76.302,11.571],[76.311,11.577],[76.316,11.577],[76.322,11.587],[76.336,11.596],[76.34,11.587],[76.355,11.589],[76.367,11.598],[76.378,11.602],[76.378,11.609],[76.384,11.612],[76.383,11.624],[76.388,11.63],[76.407,11.634],[76.427,11.634],[76.435,11.636],[76.443,11.644],[76.443,11.65],[76.436,11.654],[76.431,11.666]],[[75.538,11.763],[75.546,11.756],[75.542,11.737],[75.545,11.733],[75.556,11.728],[75.556,11.722],[75.547,11.716],[75.527,11.721],[75.527,11.726],[75.532,11.735],[75.54,11.735],[75.541,11.749],[75.532,11.759],[75.538,11.763]]]},"properties":{"ST_NM":"Kerala","id":"kerala"}},{"type":"Feature","geometry":{"type":"Polygon","coordinates":[[[82.81,23.963],[82.802,23.98],[82.806,23.989],[82.804,24.004],[82.788,24.008],[82.786,24.005],[82.768,24.006],[82.751,24.012],[82.748,24.028],[82.759,24.036],[82.77,24.056],[82.774,24.075],[82.754,24.077],[82.747,24.071],[82.734,24.078],[82.714,24.075],[82.71,24.085],[82.712,24.089],[82.703,24.099],[82.696,24.1],[82.671,24.12],[82.665,24.13],[82.674,24.141],[82.672,24.146],[82.683,24.155],[82.692,24.15],[82.697,24.141],[82.711,24.136],[82.728,24.136],[82.729,24.148],[82.744,24.166],[82.74,24.2],[82.735,24.217],[82.736,24.223],[82.751,24.228],[82.759,24.237],[82.756,24.262],[82.762,24.27],[82.771,24.295],[82.773,24.308],[82.766,24.314],[82.769,24.324],[82.767,24.33],[82.77,24.345],[82.765,24.354],[82.769,24.367],[82.765,24.375],[82.741,24.368],[82.726,24.368],[82.713,24.381],[82.726,24.419],[82.738,24.425],[82.739,24.432],[82.731,24.438],[82.734,24.447],[82.732,24.454],[82.736,24.46],[82.735,24.47],[82.731,24.474],[82.74,24.483],[82.743,24.499],[82.736,24.502],[82.721,24.514],[82.721,24.53],[82.73,24.531],[82.728,24.54],[82.722,24.545],[82.72,24.554],[82.739,24.548],[82.748,24.55],[82.748,24.561],[82.768,24.562],[82.78,24.572],[82.801,24.58],[82.803,24.598],[82.778,24.595],[82.767,24.595],[82.77,24.605],[82.778,24.611],[82.772,24.622],[82.771,24.634],[82.774,24.642],[82.763,24.643],[82.743,24.641],[82.732,24.644],[82.729,24.636],[82.717,24.642],[82.707,24.636],[82.698,24.647],[82.699,24.663],[82.702,24.672],[82.698,24.678],[82.676,24.691],[82.671,24.697],[82.657,24.695],[82.641,24.685],[82.607,24.676],[82.592,24.668],[82.58,24.659],[82.539,24.648],[82.531,24.651],[82.524,24.673],[82.51,24.675],[82.505,24.672],[82.49,24.671],[82.48,24.678],[82.457,24.673],[82.45,24.675],[82.454,24.688],[82.441,24.7],[82.428,24.702],[82.407,24.683],[82.414,24.67],[82.412,24.66],[82.419,24.651],[82.418,24.642],[82.41,24.635],[82.409,24.625],[82.413,24.62],[82.412,24.612],[82.422,24.599],[82.416,24.591],[82.407,24.595],[82.402,24.591],[82.361,24.599],[82.35,24.615],[82.339,24.62],[82.33,24.618],[82.316,24.608],[82.301,24.608],[82.3,24.612],[82.304,24.625],[82.3,24.635],[82.3,24.647],[82.303,24.656],[82.292,24.665],[82.286,24.668],[82.281,24.675],[82.273,24.675],[82.264,24.666],[82.254,24.67],[82.235,24.671],[82.235,24.69],[82.247,24.692],[82.246,24.702],[82.251,24.711],[82.245,24.729],[82.251,24.735],[82.256,24.749],[82.246,24.754],[82.242,24.744],[82.236,24.759],[82.231,24.756],[82.229,24.745],[82.215,24.754],[82.206,24.744],[82.217,24.739],[82.214,24.734],[82.2,24.735],[82.187,24.739],[82.198,24.747],[82.203,24.758],[82.197,24.778],[82.21,24.777],[82.215,24.79],[82.206,24.796],[82.203,24.792],[82.187,24.794],[82.184,24.799],[82.189,24.806],[82.178,24.811],[82.175,24.801],[82.179,24.793],[82.168,24.791],[82.167,24.786],[82.139,24.799],[82.132,24.792],[82.116,24.785],[82.113,24.799],[82.098,24.816],[82.075,24.822],[82.072,24.819],[82.051,24.831],[82.045,24.829],[82.031,24.84],[82.011,24.847],[82.003,24.841],[81.992,24.842],[81.985,24.839],[81.972,24.839],[81.965,24.827],[81.96,24.837],[81.944,24.841],[81.933,24.859],[81.934,24.87],[81.922,24.874],[81.915,24.88],[81.908,24.881],[81.904,24.89],[81.907,24.904],[81.914,24.914],[81.92,24.928],[81.909,24.941],[81.908,24.98],[81.891,24.996],[81.878,24.999],[81.855,25.003],[81.849,25.012],[81.835,25.017],[81.811,25.013],[81.804,25.002],[81.793,25.004],[81.78,25.02],[81.759,25.027],[81.755,25.035],[81.746,25.033],[81.74,25.045],[81.724,25.05],[81.722,25.04],[81.708,25.035],[81.689,25.04],[81.693,25.048],[81.686,25.058],[81.679,25.062],[81.667,25.061],[81.669,25.072],[81.655,25.072],[81.642,25.057],[81.634,25.059],[81.627,25.052],[81.612,25.056],[81.61,25.069],[81.601,25.074],[81.605,25.079],[81.616,25.081],[81.621,25.09],[81.638,25.099],[81.632,25.106],[81.633,25.117],[81.624,25.12],[81.621,25.116],[81.615,25.1],[81.606,25.117],[81.597,25.119],[81.602,25.128],[81.603,25.136],[81.614,25.144],[81.626,25.145],[81.626,25.161],[81.612,25.164],[81.595,25.164],[81.588,25.166],[81.596,25.182],[81.579,25.191],[81.57,25.192],[81.564,25.187],[81.541,25.185],[81.54,25.181],[81.519,25.186],[81.513,25.177],[81.521,25.167],[81.537,25.161],[81.53,25.151],[81.527,25.138],[81.509,25.148],[81.5,25.149],[81.496,25.131],[81.485,25.135],[81.481,25.128],[81.487,25.124],[81.484,25.116],[81.49,25.11],[81.509,25.106],[81.514,25.1],[81.507,25.096],[81.499,25.077],[81.491,25.072],[81.482,25.077],[81.472,25.078],[81.465,25.083],[81.465,25.09],[81.455,25.09],[81.422,25.099],[81.413,25.108],[81.431,25.106],[81.447,25.108],[81.445,25.116],[81.438,25.124],[81.437,25.13],[81.428,25.131],[81.407,25.127],[81.408,25.12],[81.4,25.119],[81.393,25.131],[81.369,25.143],[81.356,25.163],[81.343,25.163],[81.335,25.169],[81.322,25.162],[81.319,25.144],[81.325,25.137],[81.324,25.128],[81.316,25.127],[81.313,25.14],[81.313,25.164],[81.299,25.164],[81.292,25.162],[81.278,25.166],[81.282,25.153],[81.278,25.147],[81.266,25.14],[81.268,25.128],[81.261,25.11],[81.253,25.108],[81.252,25.102],[81.259,25.098],[81.26,25.09],[81.267,25.085],[81.26,25.075],[81.269,25.067],[81.262,25.058],[81.263,25.052],[81.234,25.011],[81.224,24.999],[81.213,24.997],[81.209,24.993],[81.219,24.982],[81.221,24.974],[81.207,24.964],[81.214,24.958],[81.213,24.945],[81.215,24.933],[81.21,24.923],[81.199,24.931],[81.201,24.938],[81.185,24.952],[81.179,24.95],[81.172,24.957],[81.165,24.947],[81.164,24.928],[81.159,24.922],[81.16,24.914],[81.15,24.914],[81.145,24.91],[81.14,24.897],[81.14,24.888],[81.123,24.9],[81.118,24.908],[81.112,24.907],[81.103,24.919],[81.097,24.921],[81.093,24.929],[81.087,24.933],[81.09,24.946],[81.065,24.949],[81.051,24.95],[81.034,24.953],[81.023,24.944],[81.024,24.932],[81.013,24.928],[81.01,24.936],[81.002,24.937],[80.996,24.928],[80.974,24.934],[80.965,24.929],[80.957,24.93],[80.958,24.94],[80.948,24.941],[80.954,24.953],[80.95,24.964],[80.944,24.965],[80.929,24.961],[80.892,24.945],[80.875,24.936],[80.859,24.929],[80.857,24.931],[80.838,24.928],[80.838,24.921],[80.83,24.918],[80.812,24.923],[80.818,24.933],[80.808,24.939],[80.806,24.953],[80.792,24.964],[80.799,24.968],[80.811,24.97],[80.816,24.966],[80.824,24.968],[80.827,24.978],[80.834,24.982],[80.847,24.985],[80.852,24.989],[80.855,25.004],[80.842,25.02],[80.835,25.024],[80.832,25.032],[80.84,25.033],[80.848,25.045],[80.857,25.048],[80.864,25.057],[80.878,25.065],[80.875,25.074],[80.867,25.08],[80.879,25.102],[80.869,25.117],[80.879,25.126],[80.88,25.138],[80.889,25.133],[80.913,25.159],[80.904,25.159],[80.882,25.183],[80.868,25.175],[80.864,25.182],[80.857,25.181],[80.843,25.186],[80.838,25.178],[80.845,25.174],[80.849,25.163],[80.84,25.156],[80.836,25.131],[80.843,25.112],[80.838,25.104],[80.83,25.103],[80.825,25.121],[80.819,25.125],[80.815,25.132],[80.804,25.138],[80.794,25.13],[80.787,25.129],[80.778,25.139],[80.772,25.132],[80.76,25.135],[80.748,25.131],[80.742,25.124],[80.735,25.137],[80.728,25.138],[80.718,25.131],[80.707,25.13],[80.704,25.122],[80.711,25.12],[80.724,25.122],[80.731,25.113],[80.723,25.105],[80.723,25.095],[80.731,25.089],[80.74,25.093],[80.753,25.092],[80.757,25.083],[80.776,25.076],[80.783,25.076],[80.787,25.062],[80.775,25.055],[80.762,25.056],[80.738,25.055],[80.729,25.067],[80.719,25.065],[80.712,25.059],[80.693,25.054],[80.681,25.053],[80.674,25.061],[80.684,25.067],[80.685,25.076],[80.676,25.079],[80.662,25.068],[80.659,25.083],[80.643,25.089],[80.629,25.09],[80.623,25.089],[80.615,25.093],[80.621,25.11],[80.633,25.123],[80.633,25.131],[80.62,25.134],[80.61,25.129],[80.613,25.143],[80.609,25.15],[80.602,25.15],[80.598,25.143],[80.597,25.128],[80.607,25.118],[80.598,25.114],[80.596,25.099],[80.592,25.09],[80.609,25.08],[80.614,25.071],[80.604,25.069],[80.595,25.079],[80.568,25.083],[80.568,25.073],[80.552,25.063],[80.545,25.064],[80.539,25.072],[80.534,25.07],[80.522,25.076],[80.52,25.093],[80.513,25.097],[80.5,25.1],[80.498,25.097],[80.483,25.1],[80.483,25.093],[80.507,25.084],[80.502,25.071],[80.509,25.059],[80.501,25.052],[80.503,25.045],[80.534,25.037],[80.546,25.032],[80.547,25.024],[80.541,25.017],[80.548,25.005],[80.539,25.001],[80.531,25.001],[80.517,25.008],[80.515,25.003],[80.501,25.004],[80.492,24.989],[80.48,24.986],[80.48,24.976],[80.465,24.976],[80.457,24.981],[80.456,24.99],[80.461,24.993],[80.463,25.002],[80.456,25.004],[80.446,24.996],[80.437,24.994],[80.437,25.001],[80.454,25.003],[80.455,25.006],[80.436,25.028],[80.449,25.041],[80.463,25.04],[80.474,25.031],[80.484,25.034],[80.494,25.03],[80.501,25.038],[80.489,25.043],[80.477,25.038],[80.47,25.044],[80.467,25.065],[80.454,25.062],[80.45,25.069],[80.449,25.079],[80.439,25.075],[80.433,25.066],[80.421,25.071],[80.416,25.061],[80.408,25.057],[80.404,25.062],[80.393,25.064],[80.388,25.051],[80.374,25.056],[80.371,25.044],[80.383,25.035],[80.378,25.027],[80.387,25.024],[80.394,25.009],[80.387,25.004],[80.377,25.007],[80.376,25.015],[80.363,25.024],[80.357,25.012],[80.348,25.018],[80.342,25.011],[80.331,24.992],[80.32,25.003],[80.307,25.006],[80.3,25.016],[80.292,25.017],[80.274,25.026],[80.288,25.038],[80.285,25.054],[80.291,25.06],[80.302,25.053],[80.311,25.044],[80.321,25.05],[80.33,25.048],[80.34,25.058],[80.351,25.053],[80.353,25.063],[80.346,25.065],[80.352,25.081],[80.351,25.09],[80.357,25.095],[80.371,25.1],[80.376,25.115],[80.37,25.118],[80.353,25.13],[80.357,25.142],[80.368,25.146],[80.375,25.146],[80.385,25.156],[80.397,25.16],[80.419,25.163],[80.427,25.168],[80.432,25.178],[80.421,25.198],[80.415,25.206],[80.408,25.218],[80.411,25.224],[80.404,25.244],[80.395,25.245],[80.39,25.239],[80.384,25.237],[80.366,25.25],[80.356,25.263],[80.355,25.271],[80.348,25.278],[80.328,25.278],[80.311,25.286],[80.311,25.298],[80.319,25.306],[80.321,25.313],[80.319,25.322],[80.322,25.335],[80.312,25.346],[80.311,25.361],[80.32,25.366],[80.316,25.386],[80.3,25.407],[80.28,25.421],[80.264,25.424],[80.256,25.41],[80.254,25.401],[80.236,25.408],[80.227,25.399],[80.218,25.399],[80.206,25.404],[80.202,25.414],[80.196,25.402],[80.197,25.381],[80.182,25.377],[80.169,25.377],[80.167,25.364],[80.15,25.358],[80.142,25.351],[80.131,25.334],[80.127,25.34],[80.117,25.342],[80.101,25.351],[80.089,25.356],[80.082,25.344],[80.073,25.337],[80.056,25.34],[80.042,25.338],[80.034,25.342],[80.026,25.335],[80.02,25.325],[80.019,25.317],[80.024,25.312],[80.022,25.298],[80.012,25.295],[79.999,25.286],[79.999,25.278],[80.006,25.273],[80.003,25.267],[79.987,25.267],[79.981,25.262],[79.971,25.266],[79.955,25.265],[79.948,25.269],[79.94,25.259],[79.937,25.247],[79.928,25.25],[79.917,25.245],[79.907,25.251],[79.902,25.241],[79.893,25.242],[79.877,25.251],[79.872,25.243],[79.865,25.236],[79.851,25.236],[79.851,25.227],[79.868,25.217],[79.857,25.197],[79.865,25.188],[79.863,25.177],[79.87,25.172],[79.866,25.162],[79.866,25.141],[79.852,25.129],[79.848,25.111],[79.858,25.101],[79.858,25.096],[79.844,25.094],[79.829,25.099],[79.826,25.107],[79.812,25.109],[79.806,25.113],[79.773,25.125],[79.762,25.134],[79.747,25.139],[79.736,25.131],[79.712,25.129],[79.684,25.135],[79.679,25.133],[79.676,25.124],[79.66,25.125],[79.649,25.13],[79.641,25.127],[79.624,25.139],[79.608,25.128],[79.599,25.128],[79.6,25.138],[79.591,25.148],[79.582,25.151],[79.576,25.163],[79.569,25.172],[79.561,25.17],[79.552,25.161],[79.546,25.148],[79.535,25.142],[79.529,25.131],[79.523,25.132],[79.519,25.12],[79.524,25.108],[79.525,25.097],[79.51,25.097],[79.503,25.094],[79.5,25.083],[79.483,25.08],[79.472,25.088],[79.465,25.088],[79.474,25.12],[79.477,25.127],[79.46,25.12],[79.452,25.109],[79.441,25.103],[79.437,25.11],[79.426,25.119],[79.42,25.111],[79.405,25.106],[79.393,25.117],[79.396,25.128],[79.388,25.13],[79.391,25.139],[79.384,25.143],[79.39,25.17],[79.412,25.183],[79.412,25.198],[79.421,25.2],[79.438,25.197],[79.449,25.215],[79.434,25.218],[79.433,25.221],[79.447,25.245],[79.456,25.247],[79.462,25.256],[79.462,25.265],[79.472,25.261],[79.476,25.265],[79.493,25.262],[79.495,25.267],[79.482,25.269],[79.479,25.278],[79.468,25.283],[79.459,25.28],[79.463,25.272],[79.437,25.255],[79.425,25.254],[79.409,25.256],[79.408,25.273],[79.395,25.283],[79.369,25.292],[79.367,25.281],[79.374,25.273],[79.37,25.26],[79.358,25.264],[79.355,25.27],[79.357,25.282],[79.336,25.288],[79.341,25.3],[79.346,25.305],[79.34,25.311],[79.341,25.319],[79.347,25.322],[79.342,25.329],[79.326,25.335],[79.308,25.334],[79.3,25.338],[79.299,25.329],[79.295,25.323],[79.288,25.325],[79.278,25.32],[79.269,25.305],[79.268,25.287],[79.263,25.273],[79.27,25.263],[79.281,25.262],[79.289,25.273],[79.291,25.281],[79.299,25.28],[79.31,25.26],[79.317,25.256],[79.33,25.258],[79.334,25.269],[79.343,25.269],[79.35,25.264],[79.345,25.251],[79.344,25.227],[79.335,25.224],[79.345,25.217],[79.349,25.207],[79.339,25.199],[79.328,25.21],[79.325,25.218],[79.307,25.225],[79.308,25.232],[79.299,25.24],[79.29,25.242],[79.282,25.241],[79.286,25.226],[79.282,25.205],[79.285,25.191],[79.292,25.184],[79.299,25.192],[79.302,25.201],[79.308,25.198],[79.309,25.179],[79.314,25.162],[79.323,25.15],[79.315,25.147],[79.314,25.136],[79.307,25.129],[79.296,25.132],[79.288,25.128],[79.282,25.117],[79.275,25.122],[79.267,25.122],[79.264,25.128],[79.265,25.152],[79.247,25.135],[79.243,25.123],[79.248,25.116],[79.24,25.113],[79.227,25.122],[79.217,25.111],[79.214,25.121],[79.204,25.126],[79.204,25.14],[79.186,25.144],[79.179,25.141],[79.175,25.128],[79.187,25.126],[79.186,25.115],[79.178,25.116],[79.175,25.109],[79.166,25.107],[79.158,25.112],[79.144,25.115],[79.14,25.109],[79.124,25.111],[79.124,25.119],[79.131,25.128],[79.116,25.14],[79.126,25.161],[79.113,25.166],[79.095,25.176],[79.095,25.183],[79.09,25.191],[79.071,25.169],[79.068,25.15],[79.055,25.141],[79.051,25.135],[79.031,25.138],[79.035,25.174],[79.031,25.185],[79.044,25.202],[79.052,25.188],[79.062,25.193],[79.06,25.201],[79.064,25.222],[79.041,25.23],[79.037,25.233],[79.04,25.243],[79.022,25.241],[79.018,25.249],[79.025,25.259],[79.023,25.269],[79.013,25.274],[78.994,25.273],[78.994,25.266],[78.987,25.264],[78.98,25.255],[78.975,25.237],[78.985,25.24],[78.987,25.234],[78.999,25.232],[79.006,25.211],[79.006,25.195],[78.993,25.197],[78.981,25.206],[78.97,25.216],[78.957,25.218],[78.934,25.212],[78.921,25.201],[78.922,25.198],[78.91,25.183],[78.909,25.178],[78.882,25.157],[78.875,25.172],[78.872,25.188],[78.883,25.198],[78.891,25.214],[78.87,25.226],[78.873,25.241],[78.881,25.254],[78.886,25.254],[78.892,25.246],[78.9,25.243],[78.908,25.256],[78.912,25.269],[78.92,25.274],[78.93,25.269],[78.938,25.26],[78.955,25.261],[78.954,25.269],[78.949,25.274],[78.956,25.283],[78.978,25.277],[78.976,25.288],[78.964,25.299],[78.96,25.307],[78.957,25.325],[78.962,25.343],[78.953,25.34],[78.946,25.334],[78.931,25.325],[78.932,25.336],[78.921,25.344],[78.912,25.333],[78.884,25.344],[78.881,25.341],[78.881,25.325],[78.868,25.326],[78.864,25.31],[78.875,25.308],[78.872,25.299],[78.88,25.286],[78.874,25.28],[78.866,25.28],[78.865,25.265],[78.856,25.257],[78.857,25.243],[78.852,25.23],[78.843,25.228],[78.835,25.243],[78.834,25.25],[78.824,25.256],[78.818,25.265],[78.809,25.271],[78.824,25.306],[78.817,25.307],[78.804,25.292],[78.798,25.289],[78.788,25.3],[78.798,25.314],[78.81,25.308],[78.819,25.307],[78.822,25.317],[78.832,25.321],[78.843,25.337],[78.841,25.345],[78.846,25.356],[78.852,25.357],[78.871,25.38],[78.88,25.386],[78.914,25.384],[78.92,25.397],[78.932,25.4],[78.949,25.401],[78.958,25.395],[78.942,25.383],[78.938,25.375],[78.916,25.381],[78.913,25.377],[78.899,25.377],[78.896,25.373],[78.901,25.362],[78.915,25.358],[78.924,25.358],[78.928,25.351],[78.939,25.347],[78.944,25.349],[78.959,25.372],[78.973,25.367],[78.989,25.374],[78.987,25.381],[78.97,25.39],[78.973,25.394],[78.971,25.408],[78.976,25.42],[78.97,25.423],[78.97,25.432],[78.958,25.44],[78.947,25.436],[78.938,25.422],[78.933,25.43],[78.922,25.432],[78.909,25.442],[78.915,25.446],[78.925,25.457],[78.936,25.462],[78.944,25.483],[78.933,25.499],[78.935,25.505],[78.92,25.514],[78.927,25.525],[78.936,25.52],[78.953,25.538],[78.948,25.541],[78.952,25.549],[78.939,25.557],[78.928,25.55],[78.923,25.536],[78.916,25.546],[78.917,25.552],[78.906,25.551],[78.897,25.555],[78.884,25.554],[78.877,25.548],[78.874,25.541],[78.886,25.532],[78.884,25.516],[78.876,25.517],[78.871,25.513],[78.852,25.514],[78.842,25.513],[78.833,25.5],[78.84,25.493],[78.855,25.49],[78.86,25.479],[78.86,25.472],[78.866,25.466],[78.864,25.451],[78.849,25.437],[78.848,25.43],[78.828,25.428],[78.821,25.441],[78.829,25.444],[78.84,25.442],[78.85,25.449],[78.835,25.456],[78.821,25.468],[78.814,25.456],[78.806,25.454],[78.818,25.472],[78.805,25.475],[78.797,25.483],[78.773,25.476],[78.768,25.469],[78.758,25.476],[78.757,25.481],[78.748,25.484],[78.748,25.494],[78.738,25.495],[78.733,25.484],[78.732,25.46],[78.739,25.449],[78.75,25.449],[78.759,25.431],[78.771,25.423],[78.785,25.436],[78.803,25.437],[78.821,25.423],[78.819,25.42],[78.799,25.423],[78.794,25.417],[78.783,25.416],[78.775,25.42],[78.766,25.415],[78.758,25.415],[78.748,25.41],[78.746,25.396],[78.757,25.395],[78.765,25.391],[78.759,25.383],[78.774,25.376],[78.766,25.369],[78.775,25.353],[78.76,25.35],[78.753,25.346],[78.74,25.345],[78.732,25.349],[78.727,25.343],[78.709,25.351],[78.709,25.362],[78.715,25.372],[78.705,25.373],[78.7,25.382],[78.695,25.374],[78.678,25.381],[78.663,25.382],[78.665,25.393],[78.659,25.409],[78.668,25.409],[78.675,25.4],[78.706,25.42],[78.711,25.428],[78.702,25.433],[78.7,25.44],[78.689,25.446],[78.682,25.433],[78.669,25.439],[78.658,25.441],[78.643,25.435],[78.641,25.43],[78.645,25.415],[78.64,25.406],[78.631,25.399],[78.625,25.402],[78.623,25.413],[78.608,25.415],[78.602,25.409],[78.599,25.392],[78.592,25.388],[78.581,25.386],[78.577,25.391],[78.567,25.392],[78.562,25.379],[78.565,25.376],[78.578,25.382],[78.587,25.373],[78.588,25.355],[78.585,25.347],[78.567,25.341],[78.56,25.342],[78.553,25.353],[78.538,25.36],[78.53,25.353],[78.542,25.344],[78.538,25.341],[78.54,25.328],[78.552,25.32],[78.534,25.309],[78.533,25.301],[78.521,25.3],[78.51,25.295],[78.504,25.3],[78.502,25.314],[78.495,25.313],[78.484,25.301],[78.478,25.299],[78.477,25.289],[78.466,25.292],[78.455,25.301],[78.44,25.295],[78.435,25.285],[78.438,25.275],[78.45,25.263],[78.465,25.267],[78.473,25.274],[78.484,25.278],[78.503,25.29],[78.512,25.277],[78.531,25.284],[78.535,25.268],[78.545,25.265],[78.553,25.267],[78.561,25.265],[78.578,25.253],[78.568,25.241],[78.57,25.224],[78.571,25.205],[78.583,25.187],[78.597,25.164],[78.603,25.147],[78.605,25.127],[78.606,25.109],[78.602,25.098],[78.607,25.09],[78.616,25.087],[78.627,25.087],[78.632,25.082],[78.653,25.05],[78.652,25.029],[78.646,25.019],[78.646,25.008],[78.644,24.995],[78.644,24.984],[78.64,24.972],[78.632,24.962],[78.652,24.948],[78.65,24.941],[78.663,24.938],[78.667,24.914],[78.677,24.899],[78.684,24.895],[78.694,24.894],[78.706,24.887],[78.71,24.88],[78.72,24.882],[78.728,24.879],[78.747,24.865],[78.753,24.869],[78.764,24.859],[78.771,24.857],[78.775,24.85],[78.774,24.842],[78.781,24.82],[78.79,24.81],[78.787,24.801],[78.774,24.795],[78.77,24.773],[78.77,24.758],[78.776,24.753],[78.773,24.744],[78.774,24.725],[78.781,24.707],[78.771,24.691],[78.764,24.691],[78.765,24.678],[78.761,24.67],[78.755,24.669],[78.747,24.662],[78.752,24.628],[78.751,24.617],[78.757,24.599],[78.784,24.589],[78.799,24.594],[78.803,24.604],[78.814,24.601],[78.835,24.605],[78.838,24.616],[78.843,24.623],[78.858,24.618],[78.866,24.627],[78.868,24.64],[78.883,24.641],[78.887,24.632],[78.895,24.626],[78.899,24.609],[78.913,24.6],[78.914,24.585],[78.92,24.575],[78.925,24.575],[78.929,24.566],[78.935,24.561],[78.946,24.557],[78.949,24.545],[78.944,24.535],[78.951,24.519],[78.948,24.515],[78.95,24.501],[78.966,24.498],[78.971,24.49],[78.963,24.484],[78.941,24.479],[78.929,24.481],[78.934,24.489],[78.927,24.495],[78.918,24.495],[78.916,24.482],[78.912,24.474],[78.915,24.458],[78.928,24.46],[78.941,24.452],[78.947,24.437],[78.986,24.442],[78.994,24.423],[78.984,24.41],[78.984,24.405],[78.977,24.389],[78.974,24.376],[78.97,24.369],[78.972,24.356],[78.971,24.348],[78.963,24.344],[78.947,24.324],[78.941,24.315],[78.922,24.305],[78.91,24.296],[78.912,24.288],[78.918,24.284],[78.917,24.269],[78.904,24.264],[78.885,24.25],[78.884,24.243],[78.888,24.227],[78.88,24.216],[78.86,24.209],[78.847,24.214],[78.838,24.208],[78.829,24.197],[78.822,24.204],[78.813,24.203],[78.812,24.181],[78.806,24.178],[78.789,24.177],[78.783,24.189],[78.781,24.206],[78.767,24.22],[78.765,24.232],[78.769,24.245],[78.768,24.252],[78.76,24.257],[78.76,24.244],[78.749,24.233],[78.739,24.238],[78.741,24.247],[78.734,24.252],[78.728,24.248],[78.726,24.236],[78.709,24.234],[78.703,24.227],[78.683,24.238],[78.669,24.24],[78.664,24.252],[78.66,24.267],[78.649,24.272],[78.639,24.284],[78.624,24.287],[78.62,24.293],[78.629,24.301],[78.619,24.31],[78.61,24.308],[78.603,24.315],[78.601,24.327],[78.596,24.335],[78.589,24.338],[78.584,24.346],[78.586,24.354],[78.579,24.356],[78.572,24.353],[78.559,24.357],[78.538,24.368],[78.53,24.368],[78.527,24.382],[78.519,24.388],[78.502,24.39],[78.478,24.361],[78.474,24.348],[78.478,24.339],[78.456,24.324],[78.444,24.319],[78.438,24.312],[78.44,24.297],[78.431,24.284],[78.418,24.285],[78.414,24.273],[78.395,24.269],[78.392,24.263],[78.382,24.273],[78.376,24.285],[78.369,24.285],[78.365,24.292],[78.358,24.292],[78.348,24.299],[78.346,24.314],[78.342,24.319],[78.33,24.326],[78.331,24.334],[78.343,24.345],[78.346,24.351],[78.356,24.362],[78.357,24.367],[78.37,24.377],[78.366,24.386],[78.349,24.387],[78.344,24.399],[78.339,24.404],[78.324,24.408],[78.301,24.427],[78.271,24.446],[78.264,24.456],[78.275,24.47],[78.271,24.477],[78.25,24.484],[78.245,24.487],[78.247,24.499],[78.244,24.511],[78.235,24.513],[78.226,24.52],[78.227,24.534],[78.23,24.538],[78.245,24.545],[78.256,24.547],[78.264,24.552],[78.265,24.567],[78.268,24.577],[78.272,24.578],[78.273,24.596],[78.278,24.611],[78.277,24.618],[78.267,24.629],[78.263,24.643],[78.264,24.651],[78.277,24.662],[78.266,24.678],[78.258,24.703],[78.252,24.71],[78.232,24.736],[78.226,24.753],[78.236,24.772],[78.232,24.777],[78.217,24.809],[78.204,24.824],[78.199,24.838],[78.193,24.843],[78.181,24.843],[78.173,24.847],[78.169,24.868],[78.172,24.878],[78.19,24.887],[78.211,24.895],[78.222,24.914],[78.251,24.931],[78.256,24.937],[78.267,24.942],[78.28,24.957],[78.285,24.957],[78.298,24.967],[78.313,24.986],[78.319,24.991],[78.334,24.995],[78.345,25.011],[78.347,25.024],[78.34,25.04],[78.335,25.068],[78.335,25.079],[78.34,25.087],[78.361,25.096],[78.382,25.101],[78.386,25.104],[78.4,25.124],[78.411,25.129],[78.434,25.12],[78.447,25.122],[78.443,25.13],[78.427,25.147],[78.432,25.155],[78.448,25.153],[78.453,25.168],[78.443,25.165],[78.423,25.169],[78.416,25.176],[78.417,25.184],[78.395,25.188],[78.394,25.198],[78.398,25.208],[78.411,25.213],[78.382,25.223],[78.377,25.227],[78.379,25.239],[78.368,25.237],[78.36,25.242],[78.373,25.26],[78.362,25.272],[78.35,25.277],[78.355,25.291],[78.339,25.292],[78.312,25.303],[78.316,25.31],[78.334,25.323],[78.337,25.336],[78.328,25.352],[78.301,25.362],[78.308,25.381],[78.317,25.379],[78.322,25.387],[78.331,25.39],[78.341,25.401],[78.339,25.407],[78.343,25.421],[78.339,25.426],[78.347,25.435],[78.354,25.452],[78.36,25.452],[78.369,25.439],[78.377,25.438],[78.395,25.444],[78.398,25.46],[78.404,25.467],[78.414,25.47],[78.42,25.476],[78.431,25.474],[78.429,25.488],[78.417,25.501],[78.42,25.517],[78.419,25.534],[78.426,25.543],[78.428,25.55],[78.444,25.563],[78.454,25.549],[78.465,25.546],[78.467,25.559],[78.483,25.573],[78.494,25.579],[78.515,25.569],[78.525,25.567],[78.532,25.572],[78.545,25.562],[78.561,25.559],[78.569,25.565],[78.582,25.561],[78.587,25.557],[78.598,25.571],[78.612,25.57],[78.611,25.579],[78.616,25.584],[78.631,25.579],[78.624,25.567],[78.646,25.561],[78.658,25.56],[78.668,25.575],[78.675,25.578],[78.679,25.585],[78.687,25.589],[78.695,25.588],[78.7,25.595],[78.716,25.604],[78.725,25.602],[78.733,25.606],[78.741,25.597],[78.749,25.599],[78.756,25.607],[78.774,25.612],[78.79,25.612],[78.798,25.616],[78.81,25.619],[78.811,25.631],[78.817,25.637],[78.82,25.652],[78.816,25.664],[78.817,25.676],[78.807,25.684],[78.805,25.692],[78.796,25.697],[78.8,25.703],[78.784,25.709],[78.772,25.718],[78.763,25.72],[78.756,25.729],[78.753,25.75],[78.759,25.755],[78.771,25.75],[78.776,25.76],[78.783,25.758],[78.786,25.769],[78.808,25.801],[78.829,25.796],[78.833,25.81],[78.82,25.816],[78.814,25.807],[78.806,25.814],[78.818,25.829],[78.845,25.822],[78.851,25.838],[78.851,25.852],[78.865,25.872],[78.877,25.875],[78.887,25.869],[78.892,25.88],[78.888,25.886],[78.892,25.897],[78.884,25.913],[78.899,25.918],[78.905,25.925],[78.908,25.935],[78.922,25.941],[78.933,25.949],[78.938,25.965],[78.938,25.974],[78.952,25.988],[78.955,25.998],[78.947,26.001],[78.945,26.007],[78.953,26.015],[78.948,26.026],[78.961,26.035],[78.97,26.046],[78.974,26.045],[78.986,26.054],[78.989,26.067],[79.003,26.067],[79.013,26.09],[79.001,26.091],[78.976,26.105],[78.977,26.116],[78.952,26.129],[78.952,26.134],[78.963,26.137],[78.964,26.148],[78.98,26.151],[78.994,26.146],[79.004,26.15],[79.008,26.156],[79.005,26.168],[78.995,26.173],[78.983,26.184],[78.99,26.193],[78.997,26.198],[79.007,26.192],[79.02,26.192],[79.025,26.208],[79.025,26.221],[79.014,26.226],[78.997,26.228],[78.989,26.235],[78.992,26.239],[79.004,26.244],[79.008,26.242],[79.018,26.248],[79.031,26.239],[79.035,26.226],[79.045,26.224],[79.065,26.23],[79.063,26.238],[79.071,26.242],[79.064,26.249],[79.052,26.252],[79.052,26.258],[79.062,26.274],[79.084,26.28],[79.087,26.271],[79.096,26.277],[79.09,26.288],[79.096,26.294],[79.102,26.307],[79.117,26.305],[79.125,26.312],[79.116,26.321],[79.135,26.325],[79.132,26.337],[79.12,26.348],[79.105,26.349],[79.098,26.356],[79.084,26.358],[79.087,26.368],[79.096,26.372],[79.097,26.381],[79.089,26.396],[79.091,26.405],[79.114,26.408],[79.124,26.412],[79.124,26.423],[79.129,26.433],[79.129,26.44],[79.121,26.447],[79.108,26.448],[79.1,26.453],[79.091,26.444],[79.07,26.442],[79.063,26.453],[79.053,26.454],[79.072,26.479],[79.068,26.485],[79.068,26.497],[79.056,26.495],[79.053,26.503],[79.038,26.518],[79.04,26.529],[79.028,26.535],[79.029,26.545],[79.019,26.541],[79.01,26.543],[79.014,26.551],[79.007,26.558],[79.007,26.565],[79,26.578],[78.991,26.577],[78.988,26.593],[78.999,26.598],[79.017,26.601],[79.008,26.624],[78.994,26.64],[79.009,26.668],[79.005,26.673],[78.993,26.677],[78.98,26.676],[78.972,26.672],[78.957,26.657],[78.95,26.654],[78.943,26.658],[78.948,26.674],[78.957,26.683],[78.956,26.692],[78.937,26.697],[78.915,26.706],[78.906,26.706],[78.893,26.697],[78.881,26.697],[78.869,26.699],[78.859,26.709],[78.829,26.743],[78.816,26.762],[78.803,26.766],[78.786,26.765],[78.772,26.77],[78.752,26.787],[78.745,26.785],[78.737,26.774],[78.726,26.78],[78.729,26.792],[78.722,26.796],[78.711,26.793],[78.699,26.793],[78.681,26.786],[78.675,26.766],[78.661,26.764],[78.63,26.773],[78.62,26.767],[78.613,26.752],[78.605,26.75],[78.593,26.752],[78.578,26.748],[78.565,26.762],[78.545,26.764],[78.533,26.773],[78.519,26.781],[78.492,26.782],[78.481,26.786],[78.46,26.788],[78.449,26.802],[78.441,26.819],[78.434,26.825],[78.427,26.826],[78.406,26.819],[78.395,26.817],[78.378,26.844],[78.375,26.86],[78.37,26.866],[78.361,26.869],[78.35,26.868],[78.332,26.861],[78.307,26.863],[78.284,26.854],[78.273,26.84],[78.275,26.823],[78.271,26.814],[78.262,26.813],[78.252,26.817],[78.236,26.828],[78.223,26.831],[78.201,26.822],[78.176,26.826],[78.169,26.822],[78.169,26.813],[78.179,26.806],[78.187,26.795],[78.184,26.784],[78.155,26.784],[78.135,26.795],[78.116,26.797],[78.106,26.79],[78.101,26.774],[78.105,26.761],[78.117,26.757],[78.124,26.75],[78.117,26.742],[78.101,26.737],[78.093,26.72],[78.096,26.695],[78.095,26.679],[78.09,26.674],[78.074,26.671],[78.06,26.682],[78.051,26.685],[78.032,26.686],[78.018,26.693],[77.998,26.694],[77.985,26.675],[77.972,26.667],[77.954,26.659],[77.915,26.661],[77.898,26.655],[77.899,26.633],[77.897,26.617],[77.89,26.613],[77.855,26.614],[77.836,26.606],[77.827,26.596],[77.828,26.589],[77.836,26.578],[77.833,26.561],[77.826,26.552],[77.813,26.547],[77.783,26.552],[77.768,26.547],[77.758,26.54],[77.747,26.539],[77.739,26.529],[77.735,26.514],[77.73,26.505],[77.723,26.5],[77.713,26.498],[77.689,26.5],[77.685,26.504],[77.676,26.503],[77.66,26.491],[77.636,26.481],[77.627,26.472],[77.625,26.464],[77.615,26.454],[77.606,26.45],[77.589,26.446],[77.57,26.436],[77.562,26.437],[77.555,26.43],[77.548,26.418],[77.538,26.411],[77.524,26.407],[77.501,26.409],[77.488,26.411],[77.464,26.405],[77.439,26.404],[77.435,26.393],[77.446,26.375],[77.449,26.368],[77.444,26.362],[77.418,26.364],[77.398,26.361],[77.39,26.357],[77.377,26.365],[77.367,26.364],[77.356,26.355],[77.343,26.352],[77.334,26.341],[77.331,26.344],[77.321,26.333],[77.317,26.323],[77.317,26.312],[77.298,26.291],[77.278,26.275],[77.271,26.267],[77.252,26.26],[77.23,26.246],[77.216,26.239],[77.204,26.23],[77.193,26.232],[77.178,26.239],[77.17,26.233],[77.155,26.232],[77.143,26.234],[77.135,26.233],[77.116,26.22],[77.112,26.202],[77.1,26.186],[77.082,26.179],[77.056,26.18],[77.032,26.173],[77.019,26.16],[77.008,26.153],[77.002,26.142],[76.999,26.13],[76.978,26.125],[76.954,26.109],[76.948,26.103],[76.916,26.098],[76.902,26.094],[76.898,26.074],[76.89,26.063],[76.886,26.049],[76.878,26.044],[76.867,26.033],[76.857,26.035],[76.84,26.026],[76.834,26.02],[76.826,26.006],[76.813,25.998],[76.805,25.987],[76.802,25.977],[76.808,25.972],[76.805,25.961],[76.791,25.943],[76.779,25.939],[76.768,25.938],[76.751,25.941],[76.748,25.932],[76.757,25.927],[76.751,25.916],[76.731,25.905],[76.715,25.901],[76.706,25.9],[76.687,25.907],[76.671,25.91],[76.643,25.908],[76.632,25.9],[76.624,25.871],[76.615,25.868],[76.591,25.875],[76.578,25.866],[76.555,25.832],[76.537,25.819],[76.531,25.812],[76.521,25.792],[76.516,25.777],[76.518,25.765],[76.517,25.754],[76.523,25.739],[76.521,25.727],[76.501,25.728],[76.491,25.721],[76.475,25.713],[76.472,25.704],[76.476,25.69],[76.482,25.682],[76.503,25.673],[76.503,25.663],[76.498,25.651],[76.499,25.638],[76.511,25.629],[76.514,25.604],[76.506,25.58],[76.507,25.573],[76.516,25.558],[76.52,25.546],[76.516,25.528],[76.528,25.515],[76.537,25.511],[76.54,25.502],[76.555,25.484],[76.558,25.472],[76.555,25.453],[76.568,25.44],[76.583,25.437],[76.588,25.43],[76.599,25.403],[76.598,25.394],[76.611,25.389],[76.618,25.38],[76.629,25.378],[76.636,25.384],[76.649,25.372],[76.649,25.367],[76.667,25.356],[76.673,25.348],[76.683,25.349],[76.689,25.352],[76.701,25.351],[76.711,25.346],[76.717,25.338],[76.729,25.329],[76.741,25.328],[76.78,25.316],[76.79,25.32],[76.8,25.32],[76.82,25.326],[76.839,25.326],[76.857,25.333],[76.881,25.324],[76.902,25.324],[76.909,25.317],[76.929,25.303],[76.927,25.292],[76.93,25.283],[76.942,25.282],[76.958,25.284],[76.96,25.297],[76.974,25.3],[76.98,25.298],[76.998,25.298],[77.025,25.297],[77.031,25.295],[77.04,25.306],[77.046,25.319],[77.057,25.316],[77.07,25.319],[77.075,25.329],[77.084,25.337],[77.108,25.331],[77.125,25.331],[77.135,25.321],[77.144,25.321],[77.154,25.312],[77.164,25.309],[77.18,25.312],[77.185,25.309],[77.209,25.306],[77.207,25.327],[77.226,25.33],[77.234,25.334],[77.226,25.342],[77.228,25.346],[77.23,25.362],[77.228,25.368],[77.234,25.379],[77.245,25.379],[77.251,25.388],[77.266,25.395],[77.276,25.403],[77.279,25.41],[77.294,25.424],[77.312,25.431],[77.32,25.428],[77.331,25.427],[77.349,25.416],[77.362,25.419],[77.371,25.408],[77.365,25.401],[77.358,25.399],[77.35,25.382],[77.351,25.372],[77.36,25.369],[77.362,25.357],[77.35,25.329],[77.353,25.321],[77.367,25.329],[77.378,25.316],[77.381,25.306],[77.381,25.292],[77.377,25.287],[77.374,25.274],[77.362,25.279],[77.355,25.274],[77.355,25.263],[77.363,25.263],[77.369,25.255],[77.37,25.246],[77.382,25.246],[77.4,25.226],[77.412,25.224],[77.414,25.22],[77.418,25.198],[77.427,25.188],[77.409,25.183],[77.4,25.184],[77.4,25.166],[77.395,25.162],[77.396,25.138],[77.391,25.123],[77.395,25.12],[77.376,25.11],[77.376,25.105],[77.358,25.094],[77.341,25.096],[77.339,25.092],[77.31,25.081],[77.298,25.086],[77.289,25.106],[77.273,25.112],[77.27,25.116],[77.259,25.111],[77.241,25.107],[77.217,25.109],[77.204,25.114],[77.199,25.11],[77.185,25.108],[77.175,25.112],[77.169,25.102],[77.171,25.098],[77.167,25.085],[77.142,25.089],[77.135,25.087],[77.123,25.067],[77.096,25.066],[77.082,25.058],[77.071,25.058],[77.064,25.063],[77.043,25.063],[77.029,25.066],[77.011,25.073],[77,25.075],[76.989,25.072],[76.971,25.062],[76.966,25.052],[76.953,25.052],[76.946,25.047],[76.925,25.047],[76.911,25.043],[76.887,25.044],[76.877,25.041],[76.878,25.026],[76.875,25.008],[76.862,25.003],[76.867,24.99],[76.868,24.979],[76.862,24.961],[76.867,24.958],[76.877,24.942],[76.89,24.934],[76.89,24.919],[76.91,24.921],[76.923,24.914],[76.922,24.907],[76.915,24.899],[76.912,24.888],[76.922,24.88],[76.933,24.881],[76.934,24.874],[76.944,24.873],[76.945,24.866],[76.942,24.859],[76.926,24.847],[76.918,24.847],[76.898,24.839],[76.882,24.837],[76.87,24.84],[76.862,24.838],[76.832,24.838],[76.823,24.835],[76.812,24.827],[76.8,24.825],[76.803,24.809],[76.808,24.803],[76.826,24.792],[76.848,24.766],[76.85,24.747],[76.856,24.742],[76.874,24.744],[76.891,24.747],[76.901,24.734],[76.907,24.732],[76.915,24.738],[76.933,24.745],[76.947,24.759],[76.964,24.757],[76.971,24.739],[76.976,24.735],[76.992,24.735],[76.996,24.732],[76.998,24.718],[77.014,24.712],[77.025,24.714],[77.031,24.712],[77.041,24.7],[77.042,24.684],[77.057,24.654],[77.065,24.644],[77.068,24.626],[77.069,24.606],[77.066,24.592],[77.07,24.584],[77.071,24.572],[77.069,24.557],[77.06,24.546],[77.055,24.526],[77.042,24.525],[77.029,24.517],[77.031,24.503],[77.029,24.496],[77.013,24.492],[77.007,24.476],[76.999,24.473],[76.983,24.473],[76.978,24.461],[76.962,24.462],[76.951,24.466],[76.943,24.465],[76.939,24.472],[76.926,24.474],[76.917,24.483],[76.916,24.504],[76.921,24.528],[76.918,24.543],[76.902,24.546],[76.894,24.538],[76.89,24.525],[76.884,24.522],[76.873,24.528],[76.877,24.539],[76.862,24.548],[76.838,24.546],[76.816,24.534],[76.816,24.526],[76.828,24.513],[76.828,24.504],[76.837,24.493],[76.836,24.488],[76.846,24.486],[76.849,24.472],[76.853,24.467],[76.852,24.451],[76.844,24.45],[76.841,24.441],[76.85,24.423],[76.845,24.415],[76.84,24.413],[76.851,24.383],[76.845,24.376],[76.852,24.371],[76.836,24.359],[76.838,24.334],[76.841,24.323],[76.852,24.313],[76.86,24.296],[76.863,24.273],[76.88,24.261],[76.88,24.256],[76.888,24.252],[76.889,24.245],[76.9,24.24],[76.912,24.238],[76.923,24.225],[76.922,24.212],[76.933,24.207],[76.946,24.206],[76.947,24.198],[76.94,24.194],[76.937,24.185],[76.932,24.183],[76.916,24.188],[76.914,24.169],[76.91,24.166],[76.91,24.153],[76.905,24.145],[76.901,24.127],[76.879,24.13],[76.88,24.135],[76.855,24.136],[76.837,24.127],[76.833,24.122],[76.812,24.123],[76.802,24.117],[76.792,24.122],[76.788,24.132],[76.774,24.15],[76.769,24.16],[76.76,24.16],[76.756,24.169],[76.726,24.168],[76.726,24.161],[76.719,24.159],[76.701,24.168],[76.687,24.186],[76.676,24.191],[76.678,24.204],[76.692,24.234],[76.702,24.241],[76.697,24.26],[76.695,24.284],[76.677,24.27],[76.665,24.262],[76.64,24.268],[76.634,24.258],[76.629,24.26],[76.616,24.258],[76.611,24.238],[76.596,24.244],[76.584,24.243],[76.595,24.228],[76.59,24.217],[76.581,24.211],[76.57,24.209],[76.564,24.191],[76.574,24.187],[76.574,24.175],[76.562,24.173],[76.551,24.163],[76.528,24.157],[76.515,24.163],[76.512,24.169],[76.509,24.194],[76.505,24.203],[76.481,24.208],[76.471,24.226],[76.463,24.224],[76.451,24.209],[76.43,24.221],[76.416,24.22],[76.415,24.2],[76.41,24.201],[76.402,24.215],[76.393,24.217],[76.36,24.235],[76.358,24.24],[76.34,24.244],[76.319,24.245],[76.311,24.238],[76.302,24.236],[76.287,24.228],[76.286,24.21],[76.269,24.21],[76.255,24.215],[76.238,24.219],[76.225,24.216],[76.217,24.211],[76.205,24.217],[76.206,24.228],[76.203,24.242],[76.202,24.27],[76.195,24.273],[76.199,24.291],[76.204,24.298],[76.204,24.304],[76.197,24.309],[76.186,24.329],[76.172,24.306],[76.164,24.306],[76.168,24.296],[76.159,24.283],[76.149,24.285],[76.142,24.282],[76.137,24.271],[76.141,24.267],[76.139,24.256],[76.143,24.253],[76.148,24.235],[76.146,24.224],[76.138,24.218],[76.132,24.209],[76.118,24.195],[76.114,24.163],[76.124,24.159],[76.122,24.138],[76.127,24.132],[76.131,24.115],[76.12,24.108],[76.127,24.088],[76.122,24.085],[76.107,24.084],[76.101,24.087],[76.076,24.071],[76.067,24.07],[76.056,24.066],[76.043,24.066],[76.037,24.063],[76.031,24.052],[76.023,24.049],[76.021,24.035],[76.011,24.026],[75.999,24.021],[75.978,24.026],[75.963,24.019],[75.962,24.015],[75.967,23.999],[75.967,23.992],[75.985,23.974],[75.987,23.96],[75.984,23.95],[75.987,23.94],[75.969,23.925],[75.956,23.921],[75.944,23.907],[75.938,23.897],[75.928,23.899],[75.902,23.889],[75.895,23.889],[75.888,23.879],[75.877,23.88],[75.871,23.89],[75.853,23.888],[75.845,23.884],[75.84,23.875],[75.833,23.88],[75.821,23.874],[75.819,23.868],[75.804,23.866],[75.794,23.867],[75.792,23.859],[75.783,23.849],[75.774,23.848],[75.766,23.851],[75.762,23.866],[75.765,23.875],[75.753,23.887],[75.74,23.889],[75.735,23.899],[75.727,23.894],[75.721,23.897],[75.714,23.894],[75.706,23.899],[75.702,23.873],[75.709,23.869],[75.71,23.863],[75.737,23.856],[75.731,23.853],[75.722,23.836],[75.724,23.824],[75.721,23.813],[75.69,23.813],[75.702,23.786],[75.693,23.776],[75.687,23.755],[75.679,23.767],[75.675,23.782],[75.66,23.784],[75.653,23.797],[75.627,23.795],[75.621,23.801],[75.607,23.797],[75.599,23.798],[75.584,23.795],[75.589,23.81],[75.581,23.812],[75.566,23.81],[75.559,23.819],[75.562,23.833],[75.577,23.83],[75.579,23.839],[75.566,23.845],[75.566,23.853],[75.553,23.862],[75.543,23.872],[75.532,23.876],[75.521,23.885],[75.504,23.89],[75.502,23.896],[75.493,23.906],[75.479,23.911],[75.465,23.912],[75.459,23.921],[75.46,23.932],[75.466,23.948],[75.469,23.974],[75.475,23.983],[75.483,23.987],[75.493,23.998],[75.504,24.005],[75.521,24.025],[75.538,24.01],[75.549,24.007],[75.568,24.006],[75.573,23.998],[75.579,23.998],[75.585,23.991],[75.595,23.994],[75.632,23.996],[75.655,24.007],[75.671,24.018],[75.678,24.007],[75.688,24.005],[75.687,23.989],[75.696,23.987],[75.702,23.967],[75.718,23.967],[75.729,23.97],[75.731,23.977],[75.741,23.977],[75.742,23.993],[75.755,23.991],[75.765,23.993],[75.769,23.998],[75.763,24.01],[75.773,24.008],[75.775,24.015],[75.783,24.022],[75.782,24.043],[75.811,24.049],[75.815,24.051],[75.837,24.057],[75.835,24.07],[75.835,24.092],[75.817,24.085],[75.806,24.1],[75.793,24.092],[75.788,24.099],[75.789,24.105],[75.783,24.109],[75.781,24.117],[75.764,24.121],[75.761,24.132],[75.752,24.148],[75.759,24.156],[75.764,24.174],[75.774,24.181],[75.771,24.189],[75.772,24.2],[75.778,24.21],[75.792,24.21],[75.796,24.215],[75.807,24.217],[75.81,24.226],[75.83,24.233],[75.818,24.239],[75.812,24.258],[75.814,24.267],[75.812,24.273],[75.813,24.285],[75.811,24.296],[75.802,24.302],[75.772,24.297],[75.766,24.298],[75.761,24.315],[75.749,24.327],[75.738,24.335],[75.743,24.34],[75.742,24.35],[75.738,24.354],[75.74,24.377],[75.73,24.378],[75.728,24.396],[75.75,24.401],[75.755,24.408],[75.756,24.421],[75.752,24.428],[75.762,24.431],[75.769,24.437],[75.785,24.456],[75.786,24.467],[75.789,24.472],[75.802,24.469],[75.814,24.461],[75.814,24.451],[75.81,24.434],[75.825,24.427],[75.826,24.423],[75.839,24.414],[75.851,24.417],[75.875,24.426],[75.877,24.43],[75.89,24.439],[75.9,24.442],[75.903,24.454],[75.909,24.455],[75.905,24.473],[75.912,24.491],[75.904,24.497],[75.903,24.504],[75.888,24.507],[75.891,24.519],[75.902,24.518],[75.912,24.514],[75.921,24.521],[75.923,24.534],[75.916,24.543],[75.904,24.546],[75.906,24.563],[75.912,24.561],[75.915,24.569],[75.907,24.576],[75.879,24.583],[75.872,24.59],[75.872,24.606],[75.863,24.61],[75.849,24.611],[75.842,24.607],[75.838,24.598],[75.825,24.613],[75.828,24.62],[75.842,24.624],[75.847,24.631],[75.841,24.638],[75.848,24.649],[75.848,24.663],[75.839,24.669],[75.825,24.668],[75.834,24.688],[75.837,24.708],[75.838,24.725],[75.803,24.756],[75.785,24.762],[75.771,24.758],[75.757,24.762],[75.74,24.755],[75.715,24.741],[75.683,24.724],[75.658,24.693],[75.646,24.685],[75.627,24.682],[75.609,24.682],[75.601,24.696],[75.588,24.707],[75.583,24.713],[75.576,24.708],[75.564,24.708],[75.55,24.703],[75.534,24.712],[75.506,24.699],[75.492,24.688],[75.481,24.685],[75.455,24.681],[75.429,24.683],[75.392,24.691],[75.371,24.692],[75.349,24.701],[75.325,24.703],[75.285,24.709],[75.267,24.715],[75.242,24.713],[75.228,24.718],[75.225,24.715],[75.22,24.703],[75.209,24.718],[75.198,24.743],[75.188,24.744],[75.184,24.748],[75.19,24.754],[75.193,24.774],[75.202,24.771],[75.208,24.782],[75.205,24.786],[75.211,24.798],[75.22,24.804],[75.234,24.803],[75.244,24.805],[75.25,24.81],[75.254,24.824],[75.246,24.831],[75.232,24.831],[75.225,24.834],[75.225,24.844],[75.238,24.842],[75.241,24.846],[75.273,24.843],[75.29,24.834],[75.296,24.82],[75.298,24.807],[75.306,24.801],[75.316,24.803],[75.326,24.818],[75.335,24.822],[75.345,24.821],[75.38,24.838],[75.398,24.842],[75.42,24.856],[75.419,24.861],[75.425,24.868],[75.426,24.884],[75.419,24.886],[75.407,24.885],[75.397,24.879],[75.374,24.868],[75.351,24.874],[75.338,24.873],[75.327,24.875],[75.318,24.86],[75.308,24.856],[75.295,24.858],[75.29,24.866],[75.28,24.869],[75.274,24.875],[75.263,24.875],[75.264,24.895],[75.273,24.904],[75.277,24.899],[75.284,24.908],[75.294,24.907],[75.286,24.924],[75.277,24.925],[75.279,24.935],[75.273,24.936],[75.267,24.949],[75.258,24.953],[75.261,24.963],[75.285,24.966],[75.282,24.953],[75.29,24.938],[75.305,24.928],[75.302,24.921],[75.309,24.917],[75.315,24.896],[75.32,24.902],[75.321,24.914],[75.325,24.918],[75.329,24.934],[75.335,24.944],[75.337,24.955],[75.33,24.961],[75.327,24.971],[75.318,24.975],[75.313,24.98],[75.311,24.992],[75.318,25.008],[75.338,25.019],[75.351,25.019],[75.35,25.034],[75.334,25.041],[75.325,25.04],[75.3,25.042],[75.292,25.039],[75.277,25.038],[75.268,25.043],[75.254,25.04],[75.25,25.036],[75.23,25.037],[75.215,25.035],[75.205,25.039],[75.193,25.033],[75.17,25.049],[75.165,25.04],[75.158,25.039],[75.153,25.032],[75.152,25.021],[75.161,25.018],[75.167,25.003],[75.159,25.002],[75.152,24.989],[75.142,24.99],[75.138,24.98],[75.127,24.967],[75.114,24.967],[75.115,24.943],[75.114,24.936],[75.118,24.926],[75.116,24.906],[75.113,24.901],[75.119,24.882],[75.098,24.872],[75.087,24.871],[75.088,24.879],[75.077,24.881],[75.048,24.85],[75.033,24.845],[75.022,24.848],[75.009,24.856],[74.985,24.853],[74.982,24.858],[74.968,24.856],[74.959,24.858],[74.948,24.865],[74.953,24.881],[74.945,24.879],[74.932,24.881],[74.924,24.878],[74.911,24.894],[74.913,24.916],[74.908,24.918],[74.903,24.93],[74.892,24.93],[74.888,24.937],[74.881,24.937],[74.88,24.93],[74.87,24.925],[74.86,24.962],[74.852,24.967],[74.843,24.969],[74.834,24.96],[74.834,24.944],[74.827,24.934],[74.825,24.923],[74.826,24.899],[74.831,24.886],[74.841,24.885],[74.845,24.867],[74.851,24.849],[74.859,24.838],[74.861,24.805],[74.838,24.797],[74.84,24.789],[74.849,24.776],[74.861,24.779],[74.861,24.799],[74.88,24.797],[74.88,24.79],[74.895,24.783],[74.907,24.782],[74.911,24.77],[74.923,24.771],[74.931,24.779],[74.937,24.778],[74.949,24.772],[74.955,24.773],[74.972,24.763],[74.982,24.764],[75.002,24.774],[75.007,24.772],[75.015,24.74],[75.015,24.732],[74.992,24.732],[74.993,24.71],[74.993,24.693],[75,24.692],[74.999,24.684],[74.973,24.68],[74.96,24.679],[74.964,24.671],[74.953,24.652],[74.943,24.64],[74.929,24.636],[74.902,24.639],[74.894,24.644],[74.89,24.634],[74.884,24.642],[74.874,24.649],[74.873,24.656],[74.86,24.678],[74.836,24.706],[74.827,24.73],[74.818,24.745],[74.809,24.781],[74.8,24.779],[74.799,24.77],[74.804,24.735],[74.78,24.73],[74.783,24.713],[74.784,24.692],[74.778,24.682],[74.774,24.666],[74.775,24.659],[74.784,24.657],[74.798,24.664],[74.814,24.666],[74.814,24.652],[74.806,24.648],[74.803,24.634],[74.791,24.631],[74.79,24.62],[74.78,24.615],[74.783,24.605],[74.787,24.586],[74.778,24.581],[74.758,24.577],[74.744,24.572],[74.754,24.554],[74.752,24.548],[74.756,24.535],[74.744,24.532],[74.745,24.513],[74.732,24.514],[74.718,24.508],[74.712,24.5],[74.709,24.486],[74.727,24.489],[74.732,24.481],[74.744,24.474],[74.744,24.469],[74.765,24.467],[74.778,24.461],[74.787,24.472],[74.806,24.467],[74.815,24.469],[74.821,24.457],[74.814,24.437],[74.83,24.435],[74.834,24.443],[74.842,24.441],[74.851,24.446],[74.855,24.44],[74.855,24.424],[74.85,24.422],[74.841,24.409],[74.825,24.4],[74.821,24.379],[74.809,24.382],[74.808,24.377],[74.798,24.357],[74.791,24.346],[74.781,24.338],[74.779,24.324],[74.784,24.314],[74.78,24.306],[74.782,24.29],[74.759,24.266],[74.749,24.259],[74.747,24.253],[74.754,24.245],[74.761,24.241],[74.778,24.239],[74.794,24.243],[74.811,24.244],[74.824,24.24],[74.85,24.236],[74.868,24.243],[74.888,24.229],[74.897,24.227],[74.898,24.214],[74.91,24.21],[74.907,24.201],[74.899,24.19],[74.891,24.188],[74.882,24.18],[74.88,24.173],[74.895,24.159],[74.895,24.153],[74.902,24.139],[74.901,24.126],[74.908,24.121],[74.903,24.109],[74.915,24.102],[74.918,24.098],[74.921,24.077],[74.94,24.07],[74.939,24.054],[74.948,24.049],[74.96,24.046],[74.962,24.039],[74.973,24.04],[74.978,24.037],[74.982,24.026],[74.965,24.007],[74.963,23.998],[74.962,23.977],[74.956,23.969],[74.948,23.963],[74.933,23.959],[74.929,23.954],[74.927,23.938],[74.916,23.93],[74.92,23.925],[74.919,23.916],[74.91,23.905],[74.908,23.881],[74.902,23.873],[74.903,23.861],[74.906,23.848],[74.914,23.841],[74.909,23.836],[74.911,23.826],[74.908,23.822],[74.904,23.794],[74.924,23.797],[74.932,23.784],[74.94,23.765],[74.93,23.75],[74.932,23.734],[74.927,23.72],[74.92,23.715],[74.918,23.707],[74.922,23.695],[74.909,23.688],[74.904,23.675],[74.922,23.666],[74.924,23.651],[74.929,23.641],[74.936,23.64],[74.937,23.629],[74.927,23.625],[74.924,23.62],[74.915,23.618],[74.904,23.625],[74.902,23.618],[74.894,23.609],[74.882,23.606],[74.88,23.595],[74.87,23.592],[74.873,23.577],[74.857,23.574],[74.851,23.559],[74.84,23.55],[74.829,23.551],[74.822,23.541],[74.811,23.541],[74.803,23.532],[74.794,23.551],[74.773,23.544],[74.767,23.535],[74.762,23.522],[74.733,23.52],[74.736,23.511],[74.732,23.5],[74.725,23.495],[74.719,23.503],[74.7,23.504],[74.687,23.495],[74.677,23.483],[74.667,23.478],[74.66,23.468],[74.652,23.462],[74.639,23.464],[74.616,23.46],[74.607,23.446],[74.6,23.438],[74.599,23.429],[74.594,23.424],[74.587,23.427],[74.582,23.422],[74.575,23.423],[74.57,23.414],[74.573,23.396],[74.566,23.386],[74.569,23.376],[74.558,23.368],[74.555,23.361],[74.542,23.365],[74.538,23.346],[74.54,23.338],[74.535,23.331],[74.514,23.328],[74.517,23.316],[74.523,23.321],[74.53,23.32],[74.528,23.311],[74.534,23.301],[74.539,23.3],[74.544,23.28],[74.557,23.278],[74.569,23.295],[74.585,23.279],[74.599,23.277],[74.607,23.283],[74.62,23.277],[74.625,23.27],[74.627,23.259],[74.639,23.255],[74.649,23.256],[74.667,23.269],[74.678,23.272],[74.686,23.267],[74.701,23.265],[74.698,23.258],[74.713,23.25],[74.715,23.237],[74.698,23.226],[74.692,23.219],[74.702,23.214],[74.716,23.219],[74.726,23.215],[74.74,23.218],[74.744,23.211],[74.725,23.201],[74.715,23.191],[74.708,23.194],[74.699,23.192],[74.682,23.194],[74.671,23.2],[74.664,23.195],[74.649,23.175],[74.632,23.164],[74.625,23.162],[74.618,23.15],[74.597,23.138],[74.585,23.14],[74.577,23.134],[74.564,23.132],[74.543,23.131],[74.546,23.114],[74.539,23.103],[74.524,23.096],[74.513,23.096],[74.506,23.085],[74.489,23.087],[74.464,23.082],[74.441,23.095],[74.432,23.105],[74.423,23.104],[74.405,23.112],[74.385,23.111],[74.356,23.089],[74.356,23.08],[74.342,23.068],[74.329,23.061],[74.324,23.061],[74.319,23.059],[74.322,23.041],[74.34,23.033],[74.346,23.025],[74.349,23.007],[74.364,22.981],[74.362,22.977],[74.351,22.974],[74.339,22.964],[74.34,22.953],[74.356,22.94],[74.362,22.926],[74.371,22.922],[74.378,22.907],[74.386,22.905],[74.393,22.897],[74.404,22.899],[74.411,22.912],[74.418,22.917],[74.433,22.918],[74.435,22.914],[74.447,22.921],[74.461,22.908],[74.464,22.898],[74.464,22.888],[74.47,22.878],[74.469,22.869],[74.477,22.855],[74.471,22.842],[74.465,22.816],[74.45,22.808],[74.434,22.808],[74.438,22.791],[74.435,22.782],[74.421,22.757],[74.416,22.754],[74.414,22.744],[74.402,22.732],[74.398,22.715],[74.4,22.71],[74.395,22.7],[74.395,22.686],[74.382,22.668],[74.381,22.658],[74.384,22.647],[74.375,22.636],[74.361,22.634],[74.339,22.64],[74.315,22.634],[74.312,22.637],[74.293,22.638],[74.277,22.646],[74.272,22.639],[74.26,22.638],[74.253,22.634],[74.254,22.622],[74.244,22.621],[74.24,22.612],[74.232,22.612],[74.222,22.583],[74.211,22.575],[74.21,22.565],[74.19,22.569],[74.189,22.553],[74.18,22.548],[74.171,22.547],[74.163,22.538],[74.15,22.529],[74.151,22.521],[74.135,22.52],[74.122,22.528],[74.116,22.536],[74.109,22.54],[74.099,22.538],[74.085,22.545],[74.075,22.551],[74.054,22.549],[74.043,22.544],[74.038,22.535],[74.038,22.514],[74.03,22.508],[74.033,22.49],[74.041,22.489],[74.053,22.509],[74.083,22.507],[74.082,22.485],[74.074,22.478],[74.076,22.464],[74.086,22.47],[74.104,22.465],[74.101,22.452],[74.098,22.45],[74.102,22.435],[74.119,22.419],[74.128,22.422],[74.128,22.434],[74.136,22.447],[74.143,22.447],[74.147,22.454],[74.155,22.454],[74.153,22.443],[74.16,22.431],[74.17,22.432],[74.17,22.439],[74.185,22.443],[74.185,22.452],[74.18,22.462],[74.188,22.476],[74.194,22.475],[74.203,22.469],[74.204,22.446],[74.201,22.436],[74.213,22.431],[74.215,22.441],[74.244,22.434],[74.238,22.422],[74.246,22.415],[74.254,22.422],[74.27,22.413],[74.267,22.405],[74.28,22.395],[74.275,22.392],[74.259,22.398],[74.255,22.396],[74.254,22.386],[74.243,22.382],[74.243,22.376],[74.224,22.38],[74.225,22.37],[74.222,22.365],[74.225,22.357],[74.211,22.36],[74.203,22.364],[74.203,22.349],[74.193,22.333],[74.19,22.32],[74.164,22.324],[74.156,22.327],[74.142,22.327],[74.128,22.333],[74.126,22.356],[74.114,22.358],[74.112,22.367],[74.105,22.372],[74.096,22.371],[74.092,22.361],[74.072,22.361],[74.065,22.354],[74.072,22.343],[74.072,22.336],[74.063,22.327],[74.063,22.307],[74.054,22.304],[74.052,22.294],[74.059,22.275],[74.068,22.265],[74.075,22.266],[74.075,22.247],[74.084,22.247],[74.087,22.241],[74.074,22.238],[74.069,22.233],[74.072,22.219],[74.106,22.22],[74.116,22.216],[74.122,22.194],[74.118,22.187],[74.125,22.164],[74.132,22.163],[74.131,22.144],[74.123,22.136],[74.123,22.127],[74.128,22.124],[74.124,22.098],[74.129,22.095],[74.153,22.106],[74.154,22.1],[74.169,22.101],[74.17,22.092],[74.179,22.085],[74.165,22.083],[74.164,22.073],[74.158,22.07],[74.16,22.059],[74.136,22.053],[74.131,22.046],[74.14,22.04],[74.124,22.036],[74.109,22.022],[74.095,22.019],[74.095,22.011],[74.104,21.998],[74.119,21.999],[74.151,21.987],[74.149,21.975],[74.14,21.973],[74.141,21.964],[74.147,21.953],[74.157,21.951],[74.172,21.94],[74.182,21.929],[74.194,21.926],[74.205,21.926],[74.246,21.931],[74.262,21.934],[74.281,21.933],[74.291,21.943],[74.294,21.957],[74.299,21.965],[74.309,21.972],[74.341,21.974],[74.351,21.978],[74.363,21.992],[74.376,22],[74.383,22.016],[74.39,22.022],[74.415,22.025],[74.432,22.03],[74.437,22.027],[74.443,22.012],[74.452,22.004],[74.441,22.003],[74.438,21.982],[74.439,21.977],[74.453,21.962],[74.464,21.966],[74.489,21.956],[74.5,21.939],[74.509,21.937],[74.513,21.932],[74.509,21.921],[74.524,21.912],[74.523,21.899],[74.514,21.89],[74.514,21.863],[74.51,21.829],[74.507,21.816],[74.5,21.807],[74.499,21.791],[74.502,21.781],[74.514,21.766],[74.513,21.757],[74.509,21.75],[74.512,21.745],[74.508,21.727],[74.513,21.719],[74.537,21.717],[74.548,21.719],[74.556,21.704],[74.555,21.691],[74.563,21.683],[74.581,21.683],[74.584,21.673],[74.582,21.665],[74.617,21.661],[74.623,21.657],[74.664,21.652],[74.675,21.646],[74.687,21.632],[74.693,21.633],[74.701,21.627],[74.749,21.618],[74.775,21.615],[74.784,21.611],[74.807,21.614],[74.815,21.609],[74.829,21.61],[74.831,21.617],[74.84,21.623],[74.857,21.627],[74.863,21.634],[74.869,21.631],[74.902,21.629],[74.91,21.615],[74.935,21.606],[74.979,21.595],[75.021,21.574],[75.02,21.569],[75.052,21.566],[75.09,21.515],[75.089,21.501],[75.099,21.485],[75.108,21.462],[75.126,21.449],[75.144,21.442],[75.18,21.431],[75.207,21.413],[75.222,21.408],[75.227,21.413],[75.239,21.413],[75.249,21.403],[75.257,21.403],[75.264,21.407],[75.283,21.408],[75.295,21.414],[75.301,21.41],[75.298,21.4],[75.3,21.391],[75.307,21.392],[75.316,21.388],[75.327,21.391],[75.352,21.391],[75.357,21.401],[75.366,21.396],[75.382,21.379],[75.398,21.38],[75.408,21.387],[75.419,21.387],[75.427,21.391],[75.44,21.384],[75.447,21.39],[75.458,21.387],[75.468,21.39],[75.476,21.386],[75.494,21.385],[75.496,21.387],[75.513,21.382],[75.52,21.387],[75.526,21.38],[75.542,21.369],[75.553,21.375],[75.567,21.374],[75.571,21.382],[75.591,21.387],[75.601,21.387],[75.607,21.392],[75.616,21.388],[75.617,21.381],[75.624,21.375],[75.643,21.376],[75.658,21.379],[75.67,21.375],[75.684,21.38],[75.688,21.384],[75.703,21.388],[75.716,21.388],[75.728,21.388],[75.751,21.385],[75.754,21.38],[75.782,21.384],[75.803,21.384],[75.813,21.379],[75.833,21.377],[75.841,21.384],[75.853,21.383],[75.862,21.38],[75.874,21.392],[75.89,21.395],[75.902,21.392],[75.911,21.382],[75.929,21.386],[75.942,21.386],[75.952,21.389],[75.963,21.39],[75.987,21.369],[76.014,21.367],[76.029,21.365],[76.048,21.349],[76.096,21.371],[76.116,21.334],[76.12,21.323],[76.125,21.298],[76.128,21.287],[76.143,21.286],[76.146,21.268],[76.159,21.253],[76.151,21.243],[76.144,21.244],[76.139,21.237],[76.141,21.228],[76.146,21.228],[76.165,21.221],[76.163,21.206],[76.166,21.199],[76.165,21.19],[76.173,21.188],[76.172,21.166],[76.165,21.169],[76.133,21.169],[76.132,21.176],[76.119,21.172],[76.11,21.161],[76.116,21.151],[76.13,21.136],[76.135,21.121],[76.152,21.108],[76.157,21.109],[76.17,21.102],[76.167,21.079],[76.18,21.081],[76.192,21.087],[76.203,21.085],[76.21,21.087],[76.221,21.085],[76.244,21.09],[76.272,21.089],[76.279,21.07],[76.294,21.073],[76.338,21.071],[76.349,21.076],[76.364,21.076],[76.37,21.073],[76.38,21.075],[76.39,21.086],[76.412,21.088],[76.41,21.102],[76.43,21.102],[76.437,21.1],[76.44,21.106],[76.456,21.108],[76.451,21.12],[76.456,21.124],[76.457,21.133],[76.469,21.133],[76.467,21.144],[76.478,21.147],[76.48,21.182],[76.493,21.194],[76.502,21.187],[76.509,21.19],[76.53,21.182],[76.535,21.186],[76.55,21.192],[76.561,21.199],[76.599,21.191],[76.614,21.193],[76.623,21.185],[76.636,21.201],[76.634,21.214],[76.636,21.224],[76.642,21.237],[76.649,21.245],[76.661,21.241],[76.663,21.28],[76.621,21.332],[76.656,21.358],[76.664,21.363],[76.683,21.378],[76.714,21.396],[76.726,21.405],[76.74,21.411],[76.738,21.422],[76.744,21.44],[76.753,21.443],[76.764,21.453],[76.777,21.457],[76.786,21.465],[76.788,21.478],[76.794,21.48],[76.796,21.489],[76.781,21.505],[76.773,21.506],[76.763,21.521],[76.77,21.527],[76.779,21.528],[76.788,21.535],[76.789,21.54],[76.783,21.549],[76.781,21.561],[76.784,21.574],[76.791,21.582],[76.794,21.592],[76.799,21.595],[76.827,21.588],[76.84,21.595],[76.843,21.606],[76.855,21.613],[76.869,21.609],[76.886,21.6],[76.897,21.596],[76.909,21.603],[76.913,21.612],[76.929,21.624],[76.943,21.632],[76.954,21.642],[76.975,21.653],[76.978,21.658],[76.992,21.665],[77.008,21.68],[77.044,21.7],[77.062,21.707],[77.07,21.717],[77.078,21.72],[77.086,21.714],[77.108,21.718],[77.117,21.721],[77.13,21.722],[77.14,21.719],[77.148,21.712],[77.165,21.711],[77.17,21.722],[77.176,21.726],[77.191,21.721],[77.188,21.701],[77.199,21.698],[77.21,21.69],[77.228,21.699],[77.227,21.717],[77.244,21.716],[77.26,21.714],[77.27,21.727],[77.287,21.722],[77.291,21.733],[77.284,21.737],[77.287,21.745],[77.28,21.749],[77.281,21.759],[77.29,21.76],[77.301,21.756],[77.316,21.756],[77.324,21.753],[77.345,21.758],[77.359,21.754],[77.406,21.752],[77.427,21.757],[77.456,21.76],[77.479,21.77],[77.479,21.754],[77.493,21.747],[77.501,21.747],[77.512,21.732],[77.523,21.724],[77.525,21.713],[77.542,21.706],[77.549,21.692],[77.551,21.681],[77.562,21.666],[77.563,21.644],[77.576,21.621],[77.573,21.617],[77.576,21.577],[77.574,21.564],[77.577,21.555],[77.583,21.554],[77.595,21.559],[77.609,21.548],[77.612,21.539],[77.595,21.527],[77.575,21.526],[77.547,21.537],[77.537,21.537],[77.52,21.541],[77.508,21.551],[77.472,21.55],[77.466,21.553],[77.455,21.554],[77.456,21.546],[77.449,21.541],[77.44,21.545],[77.426,21.538],[77.423,21.533],[77.422,21.517],[77.428,21.507],[77.443,21.487],[77.439,21.479],[77.442,21.471],[77.461,21.466],[77.474,21.454],[77.472,21.436],[77.477,21.432],[77.479,21.42],[77.487,21.406],[77.487,21.383],[77.492,21.374],[77.502,21.377],[77.514,21.376],[77.517,21.384],[77.523,21.389],[77.531,21.419],[77.548,21.405],[77.559,21.4],[77.563,21.393],[77.556,21.384],[77.563,21.375],[77.563,21.369],[77.575,21.37],[77.587,21.363],[77.603,21.362],[77.608,21.365],[77.603,21.39],[77.613,21.392],[77.617,21.387],[77.631,21.389],[77.644,21.387],[77.65,21.392],[77.655,21.387],[77.667,21.384],[77.664,21.375],[77.67,21.369],[77.677,21.375],[77.692,21.398],[77.697,21.393],[77.695,21.379],[77.705,21.377],[77.71,21.357],[77.725,21.362],[77.737,21.362],[77.747,21.38],[77.761,21.385],[77.77,21.384],[77.797,21.389],[77.798,21.405],[77.801,21.409],[77.822,21.407],[77.834,21.402],[77.847,21.392],[77.857,21.388],[77.884,21.384],[77.888,21.378],[77.902,21.377],[77.927,21.386],[77.941,21.386],[77.943,21.397],[77.962,21.402],[77.981,21.402],[77.989,21.405],[77.999,21.413],[78.03,21.421],[78.046,21.433],[78.066,21.437],[78.084,21.446],[78.099,21.458],[78.113,21.463],[78.136,21.477],[78.16,21.489],[78.176,21.499],[78.175,21.507],[78.183,21.511],[78.171,21.525],[78.176,21.527],[78.173,21.538],[78.174,21.547],[78.182,21.557],[78.206,21.552],[78.223,21.553],[78.24,21.562],[78.247,21.562],[78.274,21.57],[78.26,21.579],[78.264,21.591],[78.275,21.592],[78.281,21.585],[78.303,21.584],[78.304,21.57],[78.321,21.572],[78.343,21.589],[78.346,21.581],[78.356,21.573],[78.366,21.576],[78.378,21.583],[78.382,21.592],[78.373,21.613],[78.392,21.614],[78.396,21.607],[78.405,21.609],[78.417,21.601],[78.427,21.598],[78.422,21.59],[78.42,21.573],[78.425,21.57],[78.428,21.559],[78.425,21.543],[78.434,21.536],[78.431,21.525],[78.439,21.518],[78.432,21.515],[78.44,21.502],[78.457,21.496],[78.461,21.503],[78.475,21.501],[78.476,21.506],[78.487,21.505],[78.495,21.517],[78.501,21.517],[78.505,21.527],[78.512,21.529],[78.53,21.523],[78.541,21.524],[78.56,21.513],[78.57,21.514],[78.568,21.506],[78.585,21.487],[78.609,21.489],[78.62,21.478],[78.629,21.476],[78.642,21.485],[78.671,21.48],[78.688,21.482],[78.707,21.474],[78.711,21.47],[78.728,21.462],[78.733,21.469],[78.746,21.47],[78.745,21.479],[78.751,21.493],[78.766,21.489],[78.767,21.483],[78.776,21.465],[78.78,21.479],[78.787,21.479],[78.79,21.486],[78.796,21.485],[78.805,21.49],[78.815,21.491],[78.82,21.487],[78.83,21.49],[78.841,21.487],[78.856,21.493],[78.863,21.493],[78.881,21.486],[78.891,21.485],[78.895,21.498],[78.899,21.5],[78.917,21.492],[78.925,21.487],[78.937,21.486],[78.939,21.493],[78.941,21.511],[78.944,21.516],[78.937,21.522],[78.927,21.522],[78.925,21.541],[78.912,21.549],[78.918,21.561],[78.928,21.56],[78.932,21.564],[78.914,21.571],[78.917,21.591],[78.933,21.593],[78.936,21.593],[78.945,21.593],[78.965,21.605],[78.974,21.613],[78.975,21.618],[78.987,21.616],[78.998,21.619],[79.003,21.606],[79.012,21.599],[79.042,21.605],[79.046,21.602],[79.063,21.602],[79.073,21.605],[79.103,21.601],[79.1,21.617],[79.112,21.624],[79.13,21.626],[79.134,21.633],[79.142,21.633],[79.151,21.64],[79.161,21.637],[79.163,21.645],[79.154,21.646],[79.163,21.659],[79.212,21.649],[79.224,21.649],[79.225,21.656],[79.231,21.657],[79.231,21.67],[79.223,21.676],[79.221,21.694],[79.227,21.703],[79.237,21.712],[79.231,21.722],[79.268,21.715],[79.278,21.709],[79.281,21.702],[79.291,21.692],[79.298,21.693],[79.312,21.688],[79.325,21.688],[79.346,21.684],[79.352,21.679],[79.377,21.678],[79.391,21.674],[79.401,21.677],[79.404,21.683],[79.415,21.691],[79.428,21.69],[79.435,21.683],[79.449,21.682],[79.461,21.687],[79.481,21.678],[79.496,21.674],[79.497,21.663],[79.501,21.66],[79.502,21.651],[79.508,21.634],[79.516,21.631],[79.516,21.621],[79.505,21.62],[79.504,21.614],[79.51,21.606],[79.512,21.584],[79.529,21.579],[79.543,21.567],[79.544,21.558],[79.538,21.551],[79.54,21.543],[79.567,21.547],[79.578,21.541],[79.585,21.543],[79.617,21.557],[79.64,21.553],[79.653,21.556],[79.659,21.565],[79.661,21.577],[79.675,21.582],[79.691,21.582],[79.7,21.593],[79.714,21.592],[79.725,21.596],[79.733,21.603],[79.742,21.603],[79.754,21.595],[79.79,21.587],[79.808,21.574],[79.822,21.562],[79.831,21.547],[79.852,21.54],[79.863,21.531],[79.882,21.526],[79.89,21.518],[79.897,21.524],[79.91,21.523],[79.918,21.524],[79.922,21.542],[79.93,21.552],[79.938,21.556],[79.948,21.554],[79.959,21.557],[79.971,21.558],[79.982,21.548],[79.989,21.537],[80.001,21.534],[80.021,21.547],[80.031,21.556],[80.04,21.557],[80.055,21.553],[80.072,21.557],[80.09,21.574],[80.101,21.59],[80.117,21.594],[80.119,21.609],[80.129,21.611],[80.146,21.606],[80.155,21.606],[80.169,21.622],[80.185,21.627],[80.193,21.635],[80.204,21.636],[80.212,21.633],[80.22,21.622],[80.235,21.622],[80.246,21.62],[80.254,21.625],[80.272,21.613],[80.28,21.598],[80.293,21.594],[80.295,21.582],[80.303,21.575],[80.316,21.577],[80.328,21.571],[80.336,21.556],[80.331,21.548],[80.344,21.539],[80.356,21.536],[80.376,21.523],[80.385,21.498],[80.385,21.489],[80.392,21.487],[80.391,21.479],[80.397,21.472],[80.408,21.468],[80.418,21.448],[80.417,21.437],[80.405,21.425],[80.409,21.418],[80.398,21.412],[80.396,21.405],[80.408,21.38],[80.413,21.376],[80.446,21.371],[80.452,21.378],[80.45,21.387],[80.461,21.403],[80.471,21.396],[80.484,21.398],[80.498,21.397],[80.507,21.391],[80.519,21.393],[80.539,21.383],[80.543,21.371],[80.548,21.371],[80.57,21.357],[80.565,21.35],[80.569,21.344],[80.577,21.347],[80.589,21.344],[80.589,21.334],[80.599,21.328],[80.611,21.328],[80.621,21.32],[80.645,21.328],[80.652,21.327],[80.66,21.334],[80.671,21.338],[80.672,21.347],[80.678,21.349],[80.682,21.36],[80.68,21.365],[80.69,21.372],[80.701,21.397],[80.7,21.405],[80.707,21.416],[80.707,21.433],[80.714,21.436],[80.724,21.445],[80.735,21.461],[80.737,21.481],[80.733,21.484],[80.728,21.496],[80.733,21.501],[80.731,21.515],[80.741,21.539],[80.72,21.557],[80.729,21.57],[80.725,21.58],[80.717,21.591],[80.717,21.602],[80.732,21.626],[80.728,21.64],[80.719,21.646],[80.717,21.661],[80.721,21.677],[80.729,21.689],[80.735,21.704],[80.732,21.714],[80.734,21.729],[80.747,21.756],[80.759,21.759],[80.772,21.759],[80.786,21.747],[80.785,21.74],[80.804,21.745],[80.815,21.755],[80.827,21.78],[80.826,21.783],[80.833,21.796],[80.839,21.8],[80.84,21.819],[80.845,21.832],[80.838,21.837],[80.839,21.848],[80.851,21.855],[80.843,21.864],[80.846,21.874],[80.844,21.881],[80.834,21.885],[80.832,21.909],[80.847,21.927],[80.846,21.939],[80.842,21.947],[80.829,21.948],[80.835,21.955],[80.852,21.958],[80.86,21.972],[80.863,21.99],[80.867,22.001],[80.876,22.013],[80.876,22.039],[80.886,22.05],[80.89,22.058],[80.897,22.064],[80.908,22.11],[80.922,22.12],[80.95,22.117],[80.957,22.11],[80.971,22.087],[80.969,22.059],[80.981,22.054],[80.984,22.049],[80.995,22.051],[80.995,22.059],[81.003,22.059],[81.009,22.068],[81.001,22.083],[81.006,22.092],[81.011,22.095],[80.992,22.112],[80.98,22.113],[80.98,22.127],[80.994,22.135],[80.998,22.132],[81.014,22.134],[81.022,22.133],[81.024,22.149],[81.022,22.158],[81.027,22.166],[81.017,22.18],[81.017,22.186],[81.029,22.192],[81.03,22.203],[81.022,22.212],[81.019,22.221],[81.023,22.229],[81.038,22.234],[81.048,22.244],[81.06,22.244],[81.073,22.248],[81.077,22.24],[81.09,22.247],[81.093,22.254],[81.097,22.269],[81.102,22.278],[81.118,22.291],[81.119,22.311],[81.114,22.324],[81.121,22.341],[81.113,22.353],[81.109,22.374],[81.104,22.383],[81.106,22.387],[81.11,22.416],[81.11,22.436],[81.121,22.446],[81.141,22.454],[81.153,22.454],[81.156,22.456],[81.161,22.47],[81.172,22.487],[81.194,22.491],[81.2,22.484],[81.2,22.463],[81.208,22.457],[81.232,22.452],[81.248,22.459],[81.262,22.472],[81.26,22.485],[81.262,22.493],[81.273,22.493],[81.281,22.503],[81.299,22.491],[81.307,22.482],[81.315,22.488],[81.322,22.488],[81.318,22.502],[81.319,22.517],[81.327,22.526],[81.338,22.52],[81.351,22.518],[81.354,22.511],[81.361,22.515],[81.372,22.515],[81.382,22.51],[81.386,22.499],[81.384,22.49],[81.391,22.478],[81.388,22.459],[81.396,22.44],[81.407,22.441],[81.423,22.448],[81.429,22.457],[81.423,22.471],[81.428,22.48],[81.439,22.482],[81.445,22.468],[81.45,22.471],[81.443,22.479],[81.451,22.487],[81.463,22.493],[81.473,22.494],[81.483,22.488],[81.489,22.503],[81.497,22.512],[81.496,22.519],[81.509,22.526],[81.518,22.52],[81.523,22.532],[81.522,22.539],[81.533,22.539],[81.547,22.528],[81.563,22.534],[81.563,22.548],[81.567,22.55],[81.586,22.544],[81.592,22.545],[81.596,22.537],[81.605,22.535],[81.613,22.539],[81.622,22.538],[81.629,22.544],[81.624,22.556],[81.629,22.563],[81.636,22.56],[81.653,22.563],[81.66,22.57],[81.649,22.585],[81.646,22.593],[81.647,22.613],[81.653,22.619],[81.661,22.619],[81.662,22.627],[81.672,22.633],[81.683,22.647],[81.689,22.648],[81.701,22.645],[81.713,22.648],[81.723,22.657],[81.725,22.673],[81.729,22.676],[81.743,22.673],[81.755,22.646],[81.769,22.664],[81.772,22.676],[81.769,22.686],[81.757,22.708],[81.752,22.727],[81.755,22.733],[81.768,22.736],[81.77,22.747],[81.779,22.751],[81.788,22.764],[81.794,22.766],[81.784,22.779],[81.781,22.79],[81.784,22.799],[81.782,22.811],[81.769,22.828],[81.767,22.834],[81.777,22.855],[81.775,22.864],[81.776,22.874],[81.818,22.882],[81.833,22.881],[81.842,22.888],[81.853,22.891],[81.862,22.889],[81.869,22.895],[81.869,22.917],[81.878,22.91],[81.89,22.923],[81.898,22.926],[81.919,22.947],[81.946,22.957],[81.946,22.974],[81.95,22.983],[81.945,22.989],[81.945,22.996],[81.939,23.005],[81.937,23.017],[81.93,23.021],[81.931,23.026],[81.925,23.031],[81.921,23.041],[81.929,23.051],[81.93,23.062],[81.937,23.062],[81.947,23.069],[81.946,23.077],[81.958,23.075],[81.969,23.081],[81.997,23.085],[82.008,23.079],[82.02,23.083],[82.023,23.08],[82.036,23.081],[82.055,23.108],[82.067,23.116],[82.077,23.113],[82.092,23.112],[82.093,23.109],[82.111,23.109],[82.123,23.104],[82.137,23.112],[82.137,23.129],[82.145,23.135],[82.156,23.138],[82.161,23.143],[82.16,23.162],[82.145,23.163],[82.149,23.176],[82.143,23.179],[82.143,23.187],[82.149,23.191],[82.153,23.212],[82.146,23.227],[82.153,23.231],[82.16,23.247],[82.166,23.247],[82.172,23.258],[82.174,23.269],[82.193,23.277],[82.192,23.287],[82.199,23.312],[82.192,23.327],[82.185,23.327],[82.168,23.333],[82.162,23.343],[82.146,23.361],[82.141,23.362],[82.125,23.354],[82.119,23.354],[82.11,23.363],[82.113,23.371],[82.113,23.386],[82.102,23.398],[82.091,23.398],[82.07,23.391],[82.064,23.393],[82.057,23.377],[82.045,23.38],[82.039,23.388],[82.033,23.383],[82.021,23.389],[82.029,23.4],[82.024,23.407],[82.032,23.411],[82.025,23.425],[82.009,23.412],[81.999,23.422],[81.985,23.415],[81.977,23.425],[81.982,23.431],[81.976,23.452],[81.97,23.456],[81.965,23.466],[81.958,23.465],[81.954,23.472],[81.958,23.5],[81.948,23.501],[81.942,23.506],[81.935,23.518],[81.923,23.533],[81.908,23.535],[81.904,23.53],[81.894,23.524],[81.881,23.515],[81.869,23.513],[81.864,23.518],[81.843,23.514],[81.837,23.511],[81.821,23.515],[81.818,23.523],[81.82,23.53],[81.817,23.541],[81.81,23.549],[81.758,23.55],[81.753,23.568],[81.736,23.566],[81.725,23.557],[81.722,23.542],[81.717,23.542],[81.699,23.522],[81.69,23.528],[81.668,23.533],[81.659,23.529],[81.662,23.514],[81.658,23.505],[81.649,23.496],[81.649,23.49],[81.639,23.478],[81.627,23.482],[81.623,23.49],[81.621,23.502],[81.612,23.511],[81.614,23.546],[81.61,23.556],[81.584,23.554],[81.577,23.585],[81.585,23.594],[81.592,23.597],[81.603,23.593],[81.611,23.602],[81.608,23.613],[81.614,23.622],[81.62,23.651],[81.618,23.662],[81.643,23.658],[81.655,23.663],[81.657,23.683],[81.684,23.691],[81.685,23.7],[81.696,23.721],[81.688,23.726],[81.687,23.731],[81.678,23.74],[81.686,23.747],[81.676,23.757],[81.652,23.765],[81.644,23.773],[81.65,23.785],[81.651,23.799],[81.634,23.836],[81.616,23.833],[81.612,23.843],[81.603,23.854],[81.606,23.862],[81.617,23.863],[81.621,23.872],[81.604,23.882],[81.612,23.892],[81.61,23.904],[81.621,23.907],[81.631,23.906],[81.638,23.911],[81.659,23.918],[81.667,23.925],[81.673,23.913],[81.683,23.911],[81.688,23.907],[81.69,23.885],[81.702,23.886],[81.704,23.877],[81.71,23.872],[81.707,23.862],[81.72,23.862],[81.732,23.857],[81.725,23.845],[81.738,23.839],[81.743,23.834],[81.752,23.832],[81.773,23.816],[81.791,23.809],[81.796,23.815],[81.809,23.813],[81.815,23.806],[81.823,23.808],[81.827,23.814],[81.837,23.816],[81.837,23.821],[81.863,23.824],[81.868,23.834],[81.888,23.836],[81.892,23.841],[81.905,23.845],[81.915,23.859],[81.921,23.871],[81.94,23.867],[81.939,23.862],[81.954,23.857],[81.956,23.853],[81.981,23.861],[82,23.863],[82.009,23.861],[82.02,23.849],[82.033,23.847],[82.045,23.841],[82.039,23.833],[82.04,23.826],[82.055,23.82],[82.082,23.816],[82.094,23.817],[82.105,23.82],[82.115,23.818],[82.122,23.823],[82.144,23.816],[82.162,23.822],[82.171,23.818],[82.178,23.821],[82.181,23.836],[82.199,23.849],[82.208,23.852],[82.215,23.841],[82.208,23.835],[82.207,23.827],[82.225,23.821],[82.228,23.807],[82.238,23.806],[82.252,23.817],[82.262,23.821],[82.283,23.817],[82.296,23.808],[82.303,23.813],[82.316,23.812],[82.335,23.803],[82.339,23.808],[82.35,23.805],[82.374,23.812],[82.391,23.805],[82.393,23.8],[82.416,23.804],[82.444,23.806],[82.453,23.813],[82.471,23.811],[82.483,23.802],[82.489,23.79],[82.497,23.785],[82.511,23.786],[82.525,23.784],[82.538,23.794],[82.551,23.793],[82.548,23.809],[82.539,23.816],[82.539,23.823],[82.554,23.826],[82.565,23.821],[82.573,23.824],[82.591,23.822],[82.604,23.832],[82.631,23.839],[82.652,23.856],[82.66,23.855],[82.668,23.872],[82.651,23.887],[82.662,23.908],[82.673,23.906],[82.684,23.91],[82.689,23.921],[82.699,23.925],[82.715,23.921],[82.752,23.92],[82.756,23.926],[82.755,23.934],[82.778,23.937],[82.799,23.951],[82.802,23.962],[82.81,23.963]],[[79.396,25.032],[79.394,25.036],[79.374,25.045],[79.368,25.052],[79.364,25.041],[79.356,25.04],[79.364,25.06],[79.379,25.064],[79.376,25.071],[79.378,25.084],[79.374,25.092],[79.379,25.099],[79.374,25.104],[79.362,25.106],[79.352,25.12],[79.353,25.128],[79.36,25.144],[79.373,25.14],[79.365,25.128],[79.381,25.122],[79.381,25.107],[79.386,25.103],[79.389,25.092],[79.387,25.086],[79.399,25.083],[79.405,25.076],[79.407,25.065],[79.426,25.059],[79.424,25.045],[79.409,25.034],[79.396,25.032]],[[79.365,25.171],[79.354,25.176],[79.36,25.188],[79.372,25.179],[79.365,25.171]]]},"properties":{"ST_NM":"Madhya Pradesh","id":"madhya-pradesh"}},{"type":"Feature","geometry":{"type":"MultiPolygon","coordinates":[[[[93.682,7.401],[93.676,7.412],[93.671,7.41],[93.675,7.4],[93.682,7.401]]],[[[93.837,7.24],[93.826,7.243],[93.82,7.237],[93.808,7.237],[93.798,7.228],[93.797,7.214],[93.786,7.212],[93.781,7.215],[93.767,7.208],[93.755,7.21],[93.753,7.215],[93.744,7.213],[93.74,7.209],[93.744,7.199],[93.734,7.202],[93.722,7.189],[93.708,7.189],[93.705,7.193],[93.695,7.193],[93.688,7.19],[93.68,7.193],[93.664,7.178],[93.663,7.164],[93.668,7.154],[93.666,7.142],[93.656,7.14],[93.654,7.131],[93.646,7.13],[93.646,7.118],[93.651,7.113],[93.656,7.119],[93.665,7.115],[93.655,7.104],[93.647,7.102],[93.648,7.094],[93.652,7.086],[93.66,7.08],[93.654,7.073],[93.661,7.066],[93.657,7.048],[93.658,7.041],[93.665,7.037],[93.661,7.029],[93.663,7.02],[93.66,7.004],[93.665,7.004],[93.67,7.018],[93.678,7.019],[93.694,7.013],[93.699,6.999],[93.704,6.995],[93.718,6.991],[93.726,6.978],[93.724,6.971],[93.728,6.96],[93.737,6.964],[93.741,6.956],[93.744,6.939],[93.742,6.929],[93.734,6.927],[93.744,6.908],[93.756,6.917],[93.755,6.908],[93.765,6.894],[93.77,6.891],[93.768,6.87],[93.765,6.865],[93.773,6.856],[93.783,6.855],[93.786,6.845],[93.78,6.835],[93.78,6.829],[93.789,6.823],[93.797,6.811],[93.802,6.821],[93.808,6.822],[93.814,6.811],[93.809,6.809],[93.803,6.796],[93.812,6.791],[93.803,6.785],[93.807,6.776],[93.8,6.769],[93.801,6.763],[93.814,6.757],[93.829,6.755],[93.833,6.769],[93.84,6.778],[93.843,6.79],[93.84,6.801],[93.846,6.817],[93.86,6.816],[93.875,6.802],[93.892,6.807],[93.897,6.816],[93.895,6.821],[93.904,6.835],[93.899,6.841],[93.89,6.841],[93.888,6.846],[93.887,6.864],[93.894,6.872],[93.895,6.879],[93.89,6.893],[93.89,6.902],[93.895,6.907],[93.902,6.906],[93.909,6.913],[93.903,6.928],[93.911,6.934],[93.911,6.944],[93.921,6.955],[93.933,6.95],[93.939,6.958],[93.931,6.962],[93.923,6.973],[93.922,6.987],[93.91,6.994],[93.912,7.006],[93.918,7.01],[93.925,7.009],[93.928,7],[93.939,6.993],[93.943,6.999],[93.941,7.008],[93.933,7.011],[93.923,7.028],[93.916,7.024],[93.907,7.04],[93.911,7.046],[93.898,7.081],[93.887,7.083],[93.88,7.091],[93.876,7.106],[93.881,7.123],[93.875,7.131],[93.874,7.141],[93.876,7.154],[93.867,7.175],[93.871,7.186],[93.867,7.195],[93.869,7.205],[93.864,7.205],[93.856,7.219],[93.839,7.216],[93.831,7.227],[93.838,7.234],[93.837,7.24]]],[[[93.7,7.446],[93.693,7.447],[93.697,7.422],[93.694,7.408],[93.704,7.403],[93.706,7.384],[93.697,7.386],[93.696,7.396],[93.679,7.394],[93.671,7.39],[93.668,7.379],[93.659,7.374],[93.655,7.383],[93.65,7.383],[93.637,7.371],[93.628,7.376],[93.62,7.372],[93.619,7.363],[93.621,7.338],[93.626,7.334],[93.625,7.323],[93.609,7.312],[93.617,7.306],[93.623,7.289],[93.622,7.276],[93.617,7.27],[93.627,7.258],[93.627,7.254],[93.636,7.244],[93.642,7.246],[93.649,7.255],[93.658,7.261],[93.66,7.27],[93.666,7.279],[93.667,7.287],[93.675,7.293],[93.686,7.297],[93.694,7.306],[93.713,7.312],[93.718,7.326],[93.723,7.332],[93.725,7.342],[93.729,7.349],[93.742,7.362],[93.743,7.377],[93.712,7.399],[93.709,7.405],[93.709,7.423],[93.708,7.432],[93.7,7.446]]],[[[93.371,8.022],[93.361,8.021],[93.356,8.014],[93.345,8.009],[93.339,8.017],[93.334,8.012],[93.324,8.011],[93.317,8.002],[93.312,7.991],[93.314,7.979],[93.307,7.971],[93.301,7.961],[93.303,7.951],[93.308,7.944],[93.313,7.929],[93.32,7.926],[93.323,7.937],[93.331,7.937],[93.329,7.948],[93.334,7.955],[93.342,7.96],[93.353,7.96],[93.35,7.954],[93.353,7.948],[93.353,7.935],[93.344,7.93],[93.333,7.918],[93.336,7.911],[93.336,7.901],[93.344,7.892],[93.368,7.884],[93.382,7.893],[93.387,7.903],[93.398,7.903],[93.401,7.906],[93.416,7.908],[93.432,7.9],[93.442,7.885],[93.443,7.875],[93.451,7.874],[93.46,7.885],[93.464,7.894],[93.455,7.918],[93.456,7.923],[93.451,7.937],[93.426,7.957],[93.422,7.967],[93.413,7.961],[93.404,7.961],[93.399,7.969],[93.393,7.974],[93.395,7.984],[93.391,7.993],[93.398,8.007],[93.397,8.013],[93.39,8.017],[93.371,8.022]]],[[[93.537,8.028],[93.544,7.991],[93.538,7.996],[93.536,8.003],[93.529,8.014],[93.518,8.021],[93.521,8.007],[93.518,8.006],[93.512,7.993],[93.496,7.995],[93.499,7.986],[93.507,7.981],[93.515,7.971],[93.527,7.965],[93.529,7.96],[93.544,7.95],[93.56,7.935],[93.567,7.934],[93.571,7.94],[93.571,7.96],[93.569,7.967],[93.573,7.973],[93.57,7.979],[93.572,7.987],[93.57,7.998],[93.556,8.017],[93.554,8.025],[93.537,8.028]]],[[[93.57,8.127],[93.569,8.111],[93.56,8.097],[93.578,8.074],[93.579,8.065],[93.565,8.074],[93.565,8.063],[93.584,8.04],[93.59,8.046],[93.587,8.061],[93.58,8.073],[93.581,8.096],[93.578,8.114],[93.57,8.127]]],[[[93.117,8.357],[93.103,8.348],[93.097,8.351],[93.085,8.34],[93.085,8.326],[93.076,8.307],[93.074,8.297],[93.075,8.279],[93.08,8.269],[93.09,8.256],[93.094,8.245],[93.112,8.225],[93.122,8.222],[93.147,8.208],[93.156,8.203],[93.162,8.203],[93.179,8.196],[93.191,8.197],[93.195,8.214],[93.184,8.226],[93.174,8.229],[93.147,8.242],[93.126,8.263],[93.116,8.276],[93.116,8.286],[93.123,8.304],[93.121,8.312],[93.13,8.328],[93.132,8.349],[93.122,8.349],[93.117,8.357]]],[[[93.229,8.262],[93.219,8.264],[93.212,8.258],[93.211,8.249],[93.215,8.239],[93.224,8.232],[93.229,8.225],[93.24,8.228],[93.239,8.242],[93.229,8.262]]],[[[93.048,8.442],[93.046,8.45],[93.046,8.463],[93.034,8.472],[93.027,8.463],[93.026,8.454],[93.034,8.443],[93.048,8.442]]],[[[93.608,8.572],[93.601,8.562],[93.601,8.546],[93.607,8.539],[93.612,8.527],[93.616,8.509],[93.614,8.499],[93.62,8.489],[93.61,8.482],[93.614,8.465],[93.609,8.457],[93.611,8.45],[93.61,8.435],[93.617,8.44],[93.612,8.451],[93.617,8.469],[93.622,8.473],[93.632,8.469],[93.629,8.485],[93.622,8.507],[93.628,8.514],[93.623,8.519],[93.626,8.525],[93.615,8.529],[93.608,8.549],[93.611,8.567],[93.608,8.572]]],[[[92.792,9.239],[92.779,9.251],[92.776,9.249],[92.772,9.232],[92.764,9.217],[92.749,9.217],[92.728,9.221],[92.72,9.219],[92.717,9.21],[92.717,9.195],[92.718,9.174],[92.716,9.156],[92.718,9.148],[92.724,9.139],[92.729,9.126],[92.736,9.126],[92.753,9.129],[92.76,9.127],[92.768,9.13],[92.775,9.124],[92.785,9.121],[92.8,9.123],[92.809,9.129],[92.814,9.137],[92.827,9.141],[92.825,9.153],[92.829,9.17],[92.822,9.182],[92.823,9.191],[92.817,9.211],[92.813,9.219],[92.792,9.239]]],[[[92.521,10.898],[92.513,10.898],[92.506,10.89],[92.492,10.89],[92.488,10.882],[92.479,10.871],[92.471,10.868],[92.458,10.86],[92.462,10.856],[92.459,10.839],[92.45,10.84],[92.439,10.826],[92.428,10.819],[92.423,10.802],[92.409,10.786],[92.397,10.779],[92.387,10.785],[92.378,10.783],[92.378,10.771],[92.382,10.763],[92.379,10.755],[92.379,10.742],[92.384,10.722],[92.381,10.708],[92.383,10.68],[92.385,10.67],[92.397,10.669],[92.411,10.646],[92.419,10.622],[92.42,10.613],[92.413,10.608],[92.409,10.582],[92.396,10.566],[92.394,10.557],[92.384,10.545],[92.382,10.539],[92.392,10.532],[92.408,10.535],[92.419,10.55],[92.429,10.551],[92.452,10.545],[92.463,10.537],[92.481,10.52],[92.495,10.517],[92.499,10.514],[92.513,10.514],[92.531,10.521],[92.534,10.532],[92.541,10.538],[92.546,10.555],[92.553,10.559],[92.569,10.578],[92.565,10.587],[92.542,10.595],[92.539,10.605],[92.54,10.616],[92.545,10.629],[92.554,10.642],[92.57,10.655],[92.578,10.659],[92.576,10.672],[92.586,10.681],[92.597,10.681],[92.597,10.707],[92.59,10.719],[92.588,10.734],[92.583,10.741],[92.583,10.761],[92.587,10.782],[92.586,10.79],[92.575,10.797],[92.572,10.804],[92.562,10.81],[92.561,10.824],[92.563,10.829],[92.557,10.846],[92.56,10.86],[92.554,10.869],[92.535,10.885],[92.53,10.886],[92.521,10.898]]],[[[92.613,10.928],[92.617,10.933],[92.608,10.939],[92.605,10.935],[92.613,10.928]]],[[[92.222,10.985],[92.211,10.981],[92.216,10.975],[92.224,10.978],[92.222,10.985]]],[[[92.691,11.244],[92.694,11.253],[92.705,11.264],[92.706,11.287],[92.694,11.285],[92.692,11.272],[92.696,11.265],[92.689,11.249],[92.691,11.244]]],[[[93.512,8.235],[93.507,8.232],[93.485,8.224],[93.482,8.22],[93.483,8.211],[93.48,8.198],[93.471,8.193],[93.467,8.185],[93.45,8.18],[93.446,8.156],[93.446,8.146],[93.455,8.143],[93.458,8.129],[93.45,8.125],[93.455,8.118],[93.457,8.108],[93.461,8.099],[93.478,8.094],[93.473,8.087],[93.476,8.065],[93.475,8.057],[93.484,8.055],[93.485,8.068],[93.49,8.067],[93.502,8.078],[93.502,8.085],[93.52,8.079],[93.522,8.072],[93.514,8.06],[93.51,8.048],[93.501,8.049],[93.497,8.042],[93.491,8.04],[93.48,8.048],[93.476,8.046],[93.477,8.023],[93.483,8.002],[93.495,8.001],[93.495,8.025],[93.497,8.036],[93.516,8.036],[93.519,8.052],[93.528,8.05],[93.532,8.04],[93.539,8.044],[93.535,8.049],[93.541,8.07],[93.54,8.081],[93.536,8.089],[93.522,8.098],[93.514,8.12],[93.508,8.13],[93.503,8.131],[93.501,8.139],[93.491,8.148],[93.496,8.151],[93.495,8.166],[93.499,8.168],[93.505,8.181],[93.514,8.189],[93.517,8.186],[93.507,8.178],[93.512,8.174],[93.534,8.198],[93.536,8.207],[93.536,8.225],[93.533,8.229],[93.512,8.235]]],[[[92.214,11.595],[92.212,11.59],[92.204,11.587],[92.212,11.574],[92.205,11.557],[92.205,11.548],[92.213,11.531],[92.233,11.526],[92.246,11.527],[92.259,11.518],[92.268,11.523],[92.272,11.535],[92.267,11.549],[92.266,11.572],[92.268,11.585],[92.261,11.591],[92.233,11.593],[92.227,11.588],[92.214,11.595]]],[[[93.017,11.845],[93.012,11.839],[93.013,11.832],[93.019,11.832],[93.044,11.815],[93.057,11.815],[93.07,11.835],[93.062,11.844],[93.043,11.841],[93.036,11.836],[93.03,11.837],[93.017,11.845]]],[[[92.719,11.935],[92.715,11.926],[92.714,11.911],[92.723,11.91],[92.723,11.925],[92.719,11.935]]],[[[92.595,11.976],[92.587,11.977],[92.595,11.963],[92.596,11.93],[92.608,11.941],[92.6,11.972],[92.595,11.976]]],[[[92.762,11.966],[92.755,11.967],[92.737,11.956],[92.745,11.946],[92.764,11.953],[92.762,11.966]]],[[[92.614,11.553],[92.605,11.548],[92.607,11.536],[92.617,11.542],[92.614,11.553]]],[[[92.591,11.564],[92.584,11.552],[92.588,11.54],[92.595,11.539],[92.596,11.55],[92.591,11.564]]],[[[92.613,11.583],[92.61,11.589],[92.6,11.586],[92.599,11.568],[92.617,11.573],[92.613,11.583]]],[[[92.542,11.603],[92.536,11.607],[92.531,11.592],[92.534,11.583],[92.531,11.571],[92.534,11.564],[92.553,11.562],[92.554,11.572],[92.56,11.572],[92.562,11.593],[92.556,11.585],[92.543,11.591],[92.542,11.603]]],[[[93.12,12.149],[93.109,12.142],[93.115,12.132],[93.121,12.141],[93.12,12.149]]],[[[92.966,12.041],[92.961,12.039],[92.959,12.031],[92.945,12.01],[92.928,12.006],[92.925,11.995],[92.933,11.985],[92.938,11.986],[92.954,11.984],[92.96,11.981],[92.967,11.957],[92.973,11.949],[92.984,11.946],[92.99,11.952],[92.997,11.947],[93,11.937],[93.005,11.933],[93.007,11.925],[93.022,11.901],[93.024,11.89],[93.037,11.882],[93.044,11.885],[93.05,11.893],[93.053,11.9],[93.046,11.912],[93.045,11.924],[93.036,11.948],[93.027,11.952],[93.025,11.965],[93.017,11.979],[93.005,12.002],[93.008,12.016],[92.995,12.038],[92.988,12.039],[92.982,12.044],[92.972,12.044],[92.966,12.041]]],[[[92.999,12.106],[92.985,12.111],[92.977,12.107],[92.971,12.107],[92.964,12.112],[92.957,12.109],[92.958,12.1],[92.954,12.08],[92.956,12.07],[92.968,12.061],[92.971,12.055],[92.995,12.042],[93.004,12.048],[93.001,12.064],[93,12.085],[93.005,12.104],[92.999,12.106]]],[[[92.95,12.085],[92.95,12.092],[92.956,12.099],[92.948,12.115],[92.948,12.091],[92.95,12.085]]],[[[93.026,12.146],[93.025,12.155],[93.02,12.157],[93.009,12.15],[93.004,12.14],[93.002,12.125],[93.007,12.117],[93.008,12.099],[93.006,12.078],[93.024,12.072],[93.033,12.061],[93.039,12.048],[93.046,12.049],[93.05,12.056],[93.052,12.07],[93.05,12.078],[93.043,12.083],[93.034,12.095],[93.028,12.12],[93.033,12.125],[93.029,12.135],[93.022,12.141],[93.026,12.146]]],[[[92.987,12.16],[92.973,12.153],[92.958,12.153],[92.952,12.147],[92.954,12.123],[92.962,12.114],[92.973,12.115],[92.977,12.108],[92.987,12.112],[93.003,12.112],[93.004,12.118],[92.997,12.129],[92.997,12.158],[92.987,12.16]]],[[[92.935,12.224],[92.927,12.222],[92.924,12.208],[92.938,12.215],[92.935,12.224]]],[[[93.072,12.21],[93.067,12.212],[93.056,12.194],[93.038,12.146],[93.036,12.131],[93.048,12.125],[93.057,12.124],[93.067,12.13],[93.06,12.112],[93.056,12.109],[93.065,12.098],[93.067,12.09],[93.074,12.085],[93.085,12.091],[93.086,12.114],[93.081,12.119],[93.087,12.128],[93.083,12.132],[93.094,12.147],[93.083,12.157],[93.088,12.171],[93.085,12.184],[93.08,12.187],[93.083,12.195],[93.071,12.2],[93.072,12.21]]],[[[92.639,11.511],[92.631,11.514],[92.624,11.5],[92.617,11.492],[92.61,11.459],[92.617,11.447],[92.624,11.444],[92.628,11.435],[92.622,11.432],[92.624,11.42],[92.622,11.405],[92.617,11.401],[92.595,11.4],[92.587,11.401],[92.591,11.387],[92.589,11.375],[92.581,11.371],[92.588,11.353],[92.601,11.346],[92.625,11.35],[92.637,11.347],[92.647,11.357],[92.663,11.356],[92.666,11.361],[92.677,11.363],[92.689,11.37],[92.689,11.385],[92.671,11.397],[92.663,11.395],[92.653,11.41],[92.667,11.415],[92.674,11.42],[92.671,11.426],[92.684,11.433],[92.683,11.443],[92.679,11.455],[92.674,11.462],[92.677,11.471],[92.669,11.48],[92.668,11.489],[92.659,11.489],[92.65,11.492],[92.642,11.499],[92.645,11.51],[92.639,11.511]]],[[[92.558,11.541],[92.551,11.532],[92.56,11.517],[92.566,11.518],[92.567,11.528],[92.561,11.531],[92.558,11.541]]],[[[92.677,12.541],[92.672,12.541],[92.669,12.531],[92.678,12.522],[92.682,12.537],[92.677,12.541]]],[[[92.954,12.434],[92.948,12.43],[92.944,12.419],[92.937,12.422],[92.932,12.419],[92.925,12.404],[92.924,12.394],[92.926,12.386],[92.918,12.377],[92.92,12.37],[92.931,12.36],[92.936,12.377],[92.941,12.382],[92.942,12.401],[92.951,12.409],[92.959,12.422],[92.954,12.434]]],[[[92.887,12.408],[92.882,12.399],[92.854,12.41],[92.845,12.406],[92.842,12.401],[92.86,12.381],[92.867,12.378],[92.872,12.385],[92.884,12.381],[92.882,12.389],[92.889,12.393],[92.887,12.408]]],[[[92.78,12.859],[92.77,12.859],[92.767,12.852],[92.775,12.842],[92.774,12.829],[92.784,12.825],[92.785,12.832],[92.78,12.84],[92.78,12.85],[92.78,12.859]]],[[[92.707,12.83],[92.705,12.82],[92.7,12.814],[92.699,12.804],[92.693,12.799],[92.699,12.786],[92.709,12.773],[92.712,12.738],[92.707,12.732],[92.712,12.721],[92.718,12.723],[92.716,12.735],[92.718,12.75],[92.721,12.76],[92.711,12.779],[92.713,12.788],[92.711,12.819],[92.714,12.828],[92.707,12.83]]],[[[92.726,12.866],[92.719,12.865],[92.715,12.853],[92.707,12.837],[92.712,12.832],[92.717,12.835],[92.729,12.862],[92.726,12.866]]],[[[92.719,13.099],[92.703,13.095],[92.695,13.092],[92.699,13.072],[92.708,13.089],[92.717,13.094],[92.719,13.099]]],[[[93.023,13.329],[93.015,13.326],[93.014,13.309],[93.018,13.307],[93.023,13.329]]],[[[92.928,13.024],[92.921,13.022],[92.915,13.015],[92.919,13.004],[92.935,12.996],[92.942,12.997],[92.938,13.009],[92.941,13.019],[92.936,13.026],[92.928,13.024]]],[[[93.066,13.652],[93.062,13.655],[93.042,13.637],[93.046,13.623],[93.053,13.636],[93.057,13.647],[93.066,13.652]]],[[[93.019,13.671],[93.015,13.659],[93.004,13.664],[92.983,13.663],[92.981,13.65],[92.985,13.643],[92.995,13.645],[93.003,13.653],[93.012,13.647],[93.018,13.632],[93.022,13.628],[93.031,13.634],[93.024,13.647],[93.022,13.663],[93.019,13.671]]],[[[93.055,13.379],[93.05,13.378],[93.036,13.372],[93.04,13.369],[93.038,13.361],[93.046,13.348],[93.04,13.338],[93.039,13.323],[93.046,13.322],[93.053,13.329],[93.061,13.323],[93.063,13.31],[93.068,13.307],[93.07,13.323],[93.076,13.331],[93.089,13.336],[93.085,13.344],[93.078,13.341],[93.07,13.347],[93.061,13.361],[93.055,13.379]]],[[[92.843,13.436],[92.825,13.439],[92.82,13.427],[92.822,13.421],[92.831,13.419],[92.845,13.432],[92.843,13.436]]],[[[92.695,12.991],[92.687,12.99],[92.682,12.985],[92.679,12.976],[92.671,12.968],[92.668,12.957],[92.672,12.95],[92.679,12.947],[92.675,12.935],[92.672,12.931],[92.669,12.917],[92.67,12.908],[92.664,12.902],[92.666,12.897],[92.664,12.882],[92.648,12.861],[92.65,12.846],[92.659,12.83],[92.66,12.818],[92.665,12.812],[92.663,12.794],[92.669,12.789],[92.674,12.809],[92.687,12.815],[92.682,12.83],[92.692,12.835],[92.703,12.845],[92.703,12.853],[92.714,12.863],[92.718,12.875],[92.718,12.881],[92.722,12.902],[92.718,12.916],[92.721,12.945],[92.716,12.948],[92.719,12.962],[92.718,12.982],[92.71,12.988],[92.7,12.988],[92.695,12.991]]],[[[92.788,12.884],[92.789,12.888],[92.791,12.891],[92.782,12.893],[92.781,12.884],[92.788,12.884]]],[[[92.791,12.915],[92.774,12.906],[92.783,12.895],[92.792,12.892],[92.8,12.898],[92.791,12.915]]],[[[92.865,12.931],[92.858,12.928],[92.866,12.919],[92.872,12.919],[92.865,12.931]]],[[[93.005,12.997],[92.991,12.991],[92.981,12.976],[92.975,12.974],[92.971,12.967],[92.966,12.969],[92.961,12.979],[92.961,12.988],[92.951,12.981],[92.96,12.975],[92.964,12.964],[92.957,12.956],[92.971,12.955],[92.972,12.936],[92.981,12.935],[92.979,12.943],[92.979,12.958],[92.975,12.964],[92.986,12.975],[92.992,12.986],[92.998,12.989],[93.005,12.997]]],[[[93.03,13.568],[93.025,13.575],[93.017,13.566],[93.014,13.556],[93.015,13.544],[93.008,13.542],[93.003,13.556],[92.989,13.566],[92.981,13.55],[92.984,13.54],[92.989,13.533],[92.985,13.528],[92.972,13.53],[92.972,13.536],[92.966,13.544],[92.953,13.543],[92.948,13.532],[92.931,13.539],[92.919,13.537],[92.913,13.527],[92.927,13.521],[92.925,13.514],[92.933,13.499],[92.928,13.491],[92.915,13.5],[92.905,13.497],[92.903,13.485],[92.895,13.475],[92.885,13.478],[92.871,13.472],[92.87,13.465],[92.875,13.46],[92.873,13.447],[92.88,13.446],[92.884,13.432],[92.872,13.422],[92.881,13.406],[92.878,13.397],[92.869,13.406],[92.865,13.4],[92.858,13.408],[92.848,13.412],[92.841,13.399],[92.841,13.392],[92.864,13.383],[92.853,13.378],[92.847,13.37],[92.84,13.377],[92.835,13.367],[92.834,13.338],[92.826,13.329],[92.827,13.308],[92.839,13.308],[92.842,13.302],[92.834,13.294],[92.836,13.286],[92.824,13.288],[92.821,13.28],[92.826,13.27],[92.834,13.272],[92.838,13.262],[92.849,13.263],[92.853,13.257],[92.848,13.239],[92.842,13.238],[92.835,13.243],[92.827,13.237],[92.829,13.223],[92.832,13.214],[92.821,13.201],[92.823,13.194],[92.818,13.185],[92.834,13.175],[92.833,13.17],[92.823,13.175],[92.816,13.171],[92.812,13.164],[92.812,13.154],[92.82,13.145],[92.83,13.151],[92.843,13.146],[92.839,13.137],[92.843,13.131],[92.83,13.126],[92.829,13.13],[92.809,13.127],[92.816,13.115],[92.821,13.112],[92.819,13.103],[92.807,13.099],[92.804,13.087],[92.811,13.081],[92.804,13.075],[92.8,13.092],[92.794,13.09],[92.796,13.081],[92.796,13.07],[92.791,13.053],[92.795,13.049],[92.791,13.038],[92.793,13.027],[92.788,13.019],[92.791,13.013],[92.804,13.008],[92.823,13.013],[92.822,13.004],[92.808,12.998],[92.818,12.988],[92.806,12.983],[92.8,12.992],[92.793,12.986],[92.793,12.977],[92.79,12.953],[92.8,12.946],[92.797,12.93],[92.792,12.929],[92.801,12.9],[92.811,12.9],[92.826,12.895],[92.827,12.888],[92.837,12.892],[92.843,12.89],[92.842,12.877],[92.871,12.883],[92.868,12.89],[92.874,12.909],[92.869,12.909],[92.859,12.902],[92.856,12.905],[92.859,12.918],[92.856,12.927],[92.859,12.935],[92.87,12.935],[92.876,12.945],[92.872,12.953],[92.876,12.958],[92.873,12.964],[92.88,12.97],[92.882,12.979],[92.895,12.996],[92.897,12.987],[92.905,12.981],[92.908,12.95],[92.912,12.947],[92.917,12.961],[92.926,12.959],[92.937,12.975],[92.92,12.984],[92.911,12.99],[92.905,13.003],[92.907,13.007],[92.902,13.023],[92.908,13.034],[92.914,13.052],[92.909,13.057],[92.913,13.075],[92.919,13.059],[92.941,13.063],[92.941,13.054],[92.933,13.048],[92.935,13.04],[92.95,13.029],[92.954,13.019],[92.959,13.016],[92.967,13.018],[92.965,13.026],[92.97,13.03],[92.984,13.027],[92.994,13.036],[93.005,13.031],[93.012,13.05],[93.021,13.055],[93.029,13.067],[93.025,13.077],[93.033,13.082],[93.034,13.099],[93.03,13.115],[93.03,13.129],[93.036,13.141],[93.033,13.165],[93.035,13.172],[93.031,13.178],[93.036,13.196],[93.044,13.21],[93.041,13.223],[93.055,13.233],[93.054,13.244],[93.057,13.26],[93.052,13.263],[93.044,13.259],[93.039,13.269],[93.046,13.279],[93.039,13.281],[93.032,13.276],[93.024,13.276],[93.009,13.282],[93.016,13.294],[93.007,13.303],[92.994,13.301],[92.997,13.315],[92.985,13.318],[92.977,13.325],[92.97,13.324],[92.956,13.335],[92.956,13.343],[92.967,13.36],[92.982,13.329],[92.988,13.342],[93.003,13.354],[93.018,13.351],[93.026,13.347],[93.039,13.351],[93.039,13.358],[93.033,13.362],[93.04,13.368],[93.036,13.37],[93.034,13.376],[93.04,13.375],[93.048,13.38],[93.051,13.39],[93.062,13.392],[93.057,13.398],[93.057,13.413],[93.048,13.404],[93.042,13.411],[93.034,13.418],[93.028,13.428],[93.015,13.432],[93.007,13.425],[93.005,13.432],[93.012,13.435],[93.019,13.432],[93.031,13.433],[93.034,13.444],[93.031,13.45],[93.031,13.465],[93.033,13.484],[93.038,13.486],[93.038,13.499],[93.042,13.505],[93.041,13.521],[93.043,13.526],[93.037,13.551],[93.03,13.568]]],[[[92.735,12.24],[92.729,12.243],[92.721,12.233],[92.721,12.214],[92.723,12.207],[92.721,12.198],[92.729,12.193],[92.732,12.185],[92.747,12.181],[92.763,12.183],[92.767,12.199],[92.762,12.199],[92.76,12.214],[92.761,12.228],[92.745,12.23],[92.729,12.215],[92.73,12.232],[92.735,12.24]]],[[[92.81,12.313],[92.801,12.312],[92.795,12.304],[92.783,12.311],[92.768,12.309],[92.767,12.298],[92.774,12.295],[92.781,12.287],[92.775,12.28],[92.763,12.264],[92.749,12.274],[92.748,12.263],[92.742,12.244],[92.746,12.235],[92.751,12.233],[92.762,12.24],[92.77,12.239],[92.768,12.226],[92.77,12.214],[92.766,12.206],[92.769,12.201],[92.767,12.195],[92.769,12.184],[92.761,12.169],[92.763,12.165],[92.757,12.154],[92.759,12.146],[92.746,12.124],[92.744,12.112],[92.738,12.099],[92.739,12.08],[92.743,12.075],[92.755,12.076],[92.763,12.064],[92.782,12.072],[92.792,12.081],[92.791,12.086],[92.8,12.091],[92.801,12.096],[92.793,12.104],[92.8,12.108],[92.809,12.103],[92.818,12.114],[92.807,12.125],[92.818,12.128],[92.815,12.139],[92.828,12.158],[92.83,12.167],[92.842,12.157],[92.842,12.15],[92.849,12.151],[92.855,12.159],[92.855,12.17],[92.857,12.186],[92.855,12.192],[92.846,12.198],[92.861,12.2],[92.868,12.193],[92.882,12.193],[92.883,12.203],[92.874,12.206],[92.87,12.226],[92.861,12.237],[92.858,12.247],[92.864,12.252],[92.877,12.252],[92.888,12.259],[92.891,12.267],[92.878,12.277],[92.88,12.282],[92.873,12.288],[92.869,12.301],[92.854,12.305],[92.837,12.304],[92.834,12.3],[92.81,12.313]]],[[[92.9,12.256],[92.887,12.253],[92.884,12.239],[92.879,12.238],[92.877,12.249],[92.872,12.249],[92.868,12.239],[92.873,12.229],[92.873,12.22],[92.877,12.209],[92.883,12.211],[92.891,12.226],[92.903,12.223],[92.914,12.232],[92.91,12.241],[92.9,12.256]]],[[[93.104,12.251],[93.098,12.247],[93.093,12.24],[93.081,12.242],[93.083,12.258],[93.074,12.262],[93.071,12.251],[93.065,12.242],[93.062,12.23],[93.08,12.226],[93.088,12.236],[93.094,12.222],[93.091,12.214],[93.1,12.208],[93.101,12.222],[93.099,12.233],[93.102,12.237],[93.104,12.251]]],[[[92.696,12.239],[92.688,12.235],[92.683,12.22],[92.686,12.214],[92.678,12.212],[92.672,12.217],[92.668,12.206],[92.664,12.203],[92.656,12.181],[92.652,12.182],[92.659,12.2],[92.655,12.2],[92.644,12.179],[92.639,12.155],[92.63,12.125],[92.631,12.122],[92.624,12.108],[92.619,12.086],[92.619,12.064],[92.625,12.06],[92.622,12.049],[92.627,12.042],[92.622,12.037],[92.624,12.028],[92.618,12.021],[92.612,11.999],[92.616,11.993],[92.612,11.989],[92.611,11.971],[92.613,11.963],[92.608,11.928],[92.616,11.929],[92.621,11.925],[92.61,11.913],[92.608,11.896],[92.613,11.853],[92.613,11.841],[92.606,11.835],[92.601,11.849],[92.602,11.858],[92.593,11.867],[92.583,11.865],[92.58,11.914],[92.569,11.913],[92.567,11.921],[92.572,11.928],[92.564,11.943],[92.554,11.929],[92.559,11.924],[92.556,11.917],[92.549,11.923],[92.535,11.912],[92.538,11.904],[92.528,11.896],[92.526,11.888],[92.532,11.885],[92.532,11.869],[92.523,11.87],[92.521,11.864],[92.524,11.855],[92.514,11.848],[92.522,11.843],[92.518,11.836],[92.522,11.827],[92.528,11.831],[92.531,11.839],[92.54,11.842],[92.551,11.85],[92.55,11.823],[92.552,11.785],[92.555,11.774],[92.551,11.757],[92.552,11.752],[92.551,11.737],[92.553,11.718],[92.56,11.695],[92.564,11.692],[92.571,11.699],[92.573,11.712],[92.572,11.729],[92.582,11.735],[92.592,11.731],[92.593,11.719],[92.592,11.705],[92.598,11.692],[92.597,11.679],[92.591,11.671],[92.607,11.641],[92.617,11.633],[92.629,11.629],[92.631,11.64],[92.629,11.645],[92.634,11.652],[92.643,11.64],[92.644,11.625],[92.639,11.612],[92.63,11.616],[92.622,11.615],[92.616,11.622],[92.608,11.621],[92.605,11.608],[92.61,11.594],[92.618,11.588],[92.62,11.563],[92.628,11.577],[92.633,11.581],[92.649,11.572],[92.643,11.56],[92.652,11.549],[92.645,11.538],[92.645,11.524],[92.663,11.507],[92.671,11.505],[92.675,11.512],[92.699,11.507],[92.704,11.493],[92.711,11.488],[92.721,11.514],[92.726,11.518],[92.722,11.529],[92.73,11.543],[92.733,11.554],[92.729,11.56],[92.738,11.571],[92.743,11.59],[92.739,11.593],[92.751,11.609],[92.751,11.633],[92.746,11.64],[92.747,11.645],[92.754,11.648],[92.755,11.664],[92.746,11.669],[92.748,11.674],[92.731,11.681],[92.718,11.682],[92.714,11.678],[92.715,11.666],[92.729,11.662],[92.729,11.657],[92.718,11.652],[92.709,11.651],[92.711,11.643],[92.692,11.634],[92.696,11.629],[92.697,11.619],[92.692,11.615],[92.678,11.613],[92.68,11.62],[92.673,11.624],[92.667,11.636],[92.662,11.657],[92.666,11.662],[92.684,11.66],[92.695,11.667],[92.703,11.683],[92.701,11.696],[92.706,11.701],[92.718,11.704],[92.721,11.698],[92.731,11.698],[92.738,11.691],[92.744,11.693],[92.741,11.71],[92.756,11.708],[92.753,11.718],[92.757,11.73],[92.759,11.744],[92.764,11.752],[92.764,11.768],[92.766,11.779],[92.77,11.785],[92.769,11.798],[92.774,11.813],[92.778,11.829],[92.776,11.834],[92.78,11.843],[92.79,11.884],[92.778,11.893],[92.786,11.916],[92.786,11.926],[92.777,11.936],[92.763,11.94],[92.758,11.934],[92.745,11.932],[92.737,11.918],[92.733,11.908],[92.732,11.893],[92.742,11.882],[92.736,11.872],[92.73,11.869],[92.731,11.854],[92.727,11.845],[92.718,11.832],[92.714,11.821],[92.709,11.825],[92.715,11.843],[92.719,11.845],[92.723,11.859],[92.717,11.869],[92.708,11.86],[92.699,11.866],[92.703,11.876],[92.719,11.877],[92.717,11.884],[92.707,11.882],[92.707,11.889],[92.7,11.892],[92.693,11.9],[92.699,11.904],[92.713,11.903],[92.71,11.916],[92.705,11.928],[92.698,11.932],[92.711,11.941],[92.712,11.947],[92.705,11.958],[92.713,11.959],[92.71,11.973],[92.726,11.973],[92.718,11.981],[92.714,11.994],[92.723,11.998],[92.728,12.004],[92.738,11.997],[92.737,11.989],[92.746,11.978],[92.754,11.987],[92.745,11.995],[92.758,11.996],[92.767,12],[92.767,12.012],[92.749,12.005],[92.748,12.017],[92.732,12.021],[92.736,12.026],[92.734,12.035],[92.747,12.033],[92.747,12.027],[92.756,12.026],[92.761,12.02],[92.767,12.026],[92.778,12.026],[92.776,12.033],[92.782,12.045],[92.777,12.051],[92.771,12.046],[92.761,12.055],[92.755,12.067],[92.74,12.073],[92.733,12.089],[92.734,12.103],[92.743,12.12],[92.743,12.128],[92.756,12.163],[92.756,12.176],[92.743,12.18],[92.731,12.182],[92.717,12.174],[92.706,12.162],[92.699,12.161],[92.701,12.174],[92.708,12.187],[92.712,12.191],[92.707,12.199],[92.709,12.211],[92.705,12.228],[92.696,12.239]]],[[[92.747,12.283],[92.739,12.283],[92.739,12.275],[92.736,12.265],[92.735,12.248],[92.745,12.268],[92.747,12.283]]],[[[92.766,12.273],[92.767,12.285],[92.76,12.293],[92.752,12.278],[92.758,12.27],[92.766,12.273]]],[[[92.71,12.298],[92.704,12.3],[92.701,12.291],[92.702,12.282],[92.699,12.275],[92.703,12.245],[92.71,12.242],[92.718,12.27],[92.722,12.295],[92.71,12.298]]],[[[92.858,12.335],[92.856,12.33],[92.86,12.319],[92.877,12.313],[92.885,12.323],[92.886,12.332],[92.87,12.33],[92.861,12.336],[92.858,12.335]]],[[[92.934,12.303],[92.929,12.306],[92.928,12.283],[92.918,12.283],[92.912,12.293],[92.901,12.288],[92.9,12.275],[92.913,12.274],[92.913,12.267],[92.922,12.259],[92.917,12.25],[92.918,12.234],[92.922,12.229],[92.929,12.238],[92.934,12.249],[92.927,12.253],[92.929,12.261],[92.94,12.273],[92.941,12.28],[92.935,12.285],[92.932,12.293],[92.934,12.303]]],[[[92.901,12.911],[92.896,12.91],[92.896,12.898],[92.885,12.893],[92.878,12.895],[92.87,12.89],[92.874,12.881],[92.844,12.875],[92.839,12.879],[92.842,12.885],[92.828,12.885],[92.821,12.896],[92.802,12.897],[92.79,12.89],[92.791,12.884],[92.791,12.862],[92.782,12.862],[92.78,12.852],[92.781,12.841],[92.785,12.833],[92.784,12.824],[92.78,12.824],[92.753,12.848],[92.74,12.837],[92.737,12.83],[92.722,12.825],[92.72,12.815],[92.72,12.789],[92.725,12.766],[92.729,12.755],[92.729,12.744],[92.737,12.738],[92.74,12.725],[92.738,12.706],[92.728,12.698],[92.735,12.682],[92.732,12.675],[92.742,12.672],[92.751,12.675],[92.762,12.672],[92.768,12.673],[92.783,12.693],[92.788,12.692],[92.795,12.679],[92.795,12.671],[92.787,12.666],[92.799,12.66],[92.793,12.654],[92.785,12.655],[92.78,12.652],[92.776,12.667],[92.751,12.672],[92.743,12.668],[92.74,12.661],[92.732,12.653],[92.735,12.639],[92.721,12.63],[92.714,12.633],[92.71,12.617],[92.704,12.608],[92.7,12.612],[92.694,12.607],[92.686,12.612],[92.684,12.604],[92.7,12.6],[92.707,12.596],[92.704,12.587],[92.708,12.576],[92.705,12.564],[92.709,12.56],[92.708,12.551],[92.7,12.533],[92.699,12.515],[92.702,12.5],[92.708,12.493],[92.703,12.483],[92.701,12.471],[92.701,12.46],[92.705,12.452],[92.701,12.444],[92.702,12.436],[92.698,12.426],[92.7,12.409],[92.697,12.403],[92.699,12.38],[92.705,12.371],[92.699,12.366],[92.701,12.358],[92.699,12.331],[92.708,12.329],[92.706,12.323],[92.714,12.314],[92.719,12.3],[92.73,12.303],[92.748,12.301],[92.757,12.304],[92.77,12.317],[92.79,12.312],[92.793,12.307],[92.802,12.313],[92.81,12.316],[92.831,12.303],[92.837,12.307],[92.847,12.308],[92.855,12.318],[92.86,12.319],[92.854,12.333],[92.858,12.336],[92.862,12.337],[92.871,12.33],[92.882,12.333],[92.879,12.339],[92.886,12.343],[92.885,12.355],[92.87,12.354],[92.867,12.362],[92.86,12.361],[92.859,12.369],[92.846,12.39],[92.837,12.397],[92.84,12.404],[92.834,12.41],[92.828,12.424],[92.837,12.431],[92.845,12.424],[92.856,12.423],[92.864,12.426],[92.873,12.418],[92.886,12.422],[92.897,12.419],[92.888,12.433],[92.868,12.446],[92.88,12.449],[92.881,12.444],[92.908,12.42],[92.905,12.408],[92.914,12.411],[92.919,12.423],[92.918,12.437],[92.919,12.444],[92.93,12.449],[92.941,12.451],[92.945,12.461],[92.956,12.467],[92.954,12.476],[92.947,12.475],[92.942,12.467],[92.93,12.475],[92.938,12.482],[92.944,12.498],[92.961,12.487],[92.968,12.497],[92.966,12.501],[92.953,12.502],[92.963,12.514],[92.972,12.531],[92.974,12.543],[92.969,12.559],[92.958,12.577],[92.96,12.584],[92.956,12.593],[92.955,12.603],[92.948,12.607],[92.947,12.617],[92.942,12.628],[92.946,12.631],[92.956,12.625],[92.956,12.64],[92.961,12.659],[92.96,12.669],[92.964,12.676],[92.962,12.684],[92.965,12.694],[92.964,12.707],[92.971,12.714],[92.963,12.726],[92.967,12.739],[92.962,12.747],[92.96,12.755],[92.951,12.757],[92.948,12.77],[92.939,12.767],[92.928,12.775],[92.934,12.785],[92.947,12.793],[92.952,12.806],[92.943,12.826],[92.944,12.833],[92.932,12.834],[92.937,12.826],[92.932,12.821],[92.929,12.835],[92.938,12.851],[92.926,12.859],[92.928,12.865],[92.924,12.884],[92.91,12.894],[92.909,12.909],[92.901,12.911]]]]},"properties":{"ST_NM":"Andaman & Nicobar","id":"andaman-and-nicobar"}},{"type":"Feature","geometry":{"type":"MultiPolygon","coordinates":[[[[69.339,22.386],[69.324,22.379],[69.331,22.374],[69.34,22.38],[69.339,22.386]]],[[[72.362,22.029],[72.345,22.024],[72.32,22.006],[72.301,21.986],[72.293,21.97],[72.294,21.943],[72.3,21.883],[72.31,21.844],[72.321,21.82],[72.327,21.814],[72.352,21.797],[72.361,21.798],[72.375,21.805],[72.388,21.817],[72.391,21.857],[72.4,21.884],[72.408,21.898],[72.433,21.922],[72.439,21.93],[72.445,21.963],[72.443,21.976],[72.438,21.988],[72.429,22.002],[72.409,22.018],[72.389,22.027],[72.362,22.029]]],[[[69.629,22.459],[69.603,22.448],[69.591,22.44],[69.59,22.431],[69.607,22.417],[69.637,22.406],[69.643,22.415],[69.657,22.427],[69.649,22.434],[69.646,22.444],[69.629,22.459]]],[[[73.165,24.096],[73.156,24.104],[73.157,24.109],[73.137,24.123],[73.129,24.123],[73.104,24.15],[73.099,24.159],[73.077,24.179],[73.067,24.195],[73.079,24.205],[73.078,24.219],[73.092,24.223],[73.097,24.231],[73.093,24.238],[73.094,24.247],[73.104,24.255],[73.108,24.264],[73.125,24.273],[73.131,24.289],[73.135,24.308],[73.141,24.311],[73.167,24.299],[73.174,24.308],[73.175,24.33],[73.182,24.343],[73.19,24.333],[73.199,24.332],[73.206,24.351],[73.219,24.364],[73.206,24.375],[73.196,24.376],[73.187,24.371],[73.171,24.356],[73.152,24.354],[73.133,24.367],[73.124,24.368],[73.112,24.373],[73.103,24.387],[73.087,24.387],[73.077,24.397],[73.087,24.412],[73.101,24.427],[73.103,24.433],[73.098,24.448],[73.103,24.456],[73.102,24.471],[73.091,24.475],[73.096,24.49],[73.086,24.498],[73.071,24.492],[73.067,24.484],[73.048,24.475],[73.043,24.469],[73.019,24.465],[73.001,24.469],[73.007,24.475],[73,24.483],[72.987,24.473],[72.986,24.469],[72.969,24.453],[72.975,24.449],[72.974,24.44],[72.981,24.437],[72.973,24.426],[72.971,24.417],[72.962,24.406],[72.949,24.398],[72.974,24.383],[72.978,24.373],[72.954,24.356],[72.938,24.348],[72.919,24.344],[72.911,24.337],[72.891,24.357],[72.87,24.366],[72.85,24.372],[72.837,24.369],[72.815,24.37],[72.804,24.363],[72.771,24.368],[72.733,24.364],[72.724,24.368],[72.72,24.375],[72.7,24.396],[72.689,24.412],[72.68,24.443],[72.687,24.452],[72.688,24.458],[72.681,24.465],[72.656,24.462],[72.614,24.472],[72.576,24.479],[72.547,24.511],[72.537,24.52],[72.534,24.504],[72.52,24.5],[72.515,24.486],[72.505,24.471],[72.504,24.458],[72.493,24.459],[72.5,24.417],[72.475,24.414],[72.457,24.415],[72.458,24.425],[72.453,24.433],[72.451,24.442],[72.434,24.46],[72.43,24.48],[72.444,24.508],[72.442,24.515],[72.413,24.517],[72.392,24.511],[72.38,24.513],[72.377,24.525],[72.368,24.538],[72.368,24.548],[72.358,24.551],[72.354,24.564],[72.341,24.563],[72.331,24.569],[72.324,24.551],[72.302,24.55],[72.296,24.547],[72.29,24.55],[72.286,24.565],[72.275,24.565],[72.269,24.561],[72.253,24.575],[72.246,24.586],[72.255,24.593],[72.264,24.604],[72.276,24.607],[72.29,24.604],[72.295,24.609],[72.303,24.606],[72.308,24.596],[72.318,24.594],[72.331,24.599],[72.339,24.6],[72.344,24.609],[72.343,24.621],[72.348,24.627],[72.335,24.633],[72.32,24.618],[72.315,24.62],[72.305,24.617],[72.296,24.625],[72.289,24.619],[72.283,24.626],[72.263,24.631],[72.255,24.625],[72.249,24.627],[72.234,24.64],[72.227,24.639],[72.217,24.627],[72.187,24.619],[72.165,24.621],[72.161,24.635],[72.15,24.644],[72.128,24.642],[72.125,24.638],[72.109,24.647],[72.098,24.656],[72.09,24.659],[72.086,24.679],[72.093,24.682],[72.088,24.7],[72.085,24.707],[72.058,24.712],[72.049,24.71],[72.043,24.704],[72.012,24.69],[72.001,24.688],[71.994,24.695],[71.984,24.686],[71.983,24.672],[71.988,24.657],[71.978,24.657],[71.964,24.645],[71.955,24.645],[71.94,24.636],[71.939,24.636],[71.926,24.636],[71.915,24.649],[71.912,24.658],[71.92,24.664],[71.92,24.671],[71.908,24.677],[71.888,24.672],[71.885,24.677],[71.872,24.682],[71.858,24.666],[71.857,24.654],[71.865,24.631],[71.856,24.623],[71.852,24.609],[71.839,24.621],[71.832,24.623],[71.816,24.62],[71.803,24.631],[71.81,24.656],[71.802,24.672],[71.792,24.677],[71.772,24.675],[71.762,24.669],[71.736,24.66],[71.731,24.66],[71.708,24.662],[71.697,24.654],[71.691,24.654],[71.678,24.646],[71.662,24.644],[71.655,24.639],[71.644,24.644],[71.639,24.659],[71.63,24.66],[71.624,24.67],[71.612,24.673],[71.608,24.677],[71.59,24.667],[71.585,24.67],[71.578,24.682],[71.573,24.684],[71.561,24.679],[71.542,24.676],[71.529,24.685],[71.513,24.679],[71.478,24.68],[71.462,24.666],[71.45,24.669],[71.427,24.656],[71.423,24.648],[71.398,24.641],[71.394,24.633],[71.384,24.634],[71.378,24.626],[71.359,24.631],[71.348,24.661],[71.314,24.648],[71.299,24.624],[71.288,24.616],[71.2,24.646],[71.171,24.656],[71.112,24.676],[71.097,24.689],[71.085,24.672],[71.074,24.662],[71.049,24.649],[71.008,24.636],[71.007,24.629],[70.999,24.622],[70.986,24.595],[70.99,24.583],[70.992,24.564],[70.987,24.543],[71.002,24.53],[71.005,24.523],[70.996,24.466],[70.998,24.444],[71.004,24.446],[71.015,24.443],[71.037,24.432],[71.045,24.435],[71.067,24.437],[71.103,24.436],[71.126,24.42],[71.12,24.403],[71.106,24.397],[71.084,24.395],[71.066,24.376],[71.058,24.362],[71.049,24.356],[71.02,24.348],[71.003,24.351],[70.986,24.365],[70.955,24.349],[70.947,24.348],[70.914,24.32],[70.878,24.302],[70.874,24.295],[70.875,24.281],[70.882,24.273],[70.909,24.263],[70.907,24.259],[70.889,24.253],[70.877,24.245],[70.852,24.244],[70.837,24.231],[70.827,24.226],[70.806,24.221],[70.775,24.22],[70.758,24.218],[70.74,24.219],[70.714,24.215],[70.695,24.22],[70.668,24.219],[70.644,24.225],[70.586,24.247],[70.571,24.251],[70.574,24.264],[70.585,24.278],[70.584,24.29],[70.579,24.295],[70.582,24.304],[70.562,24.351],[70.564,24.356],[70.58,24.363],[70.599,24.404],[70.603,24.408],[70.573,24.422],[70.558,24.42],[70.539,24.409],[70.515,24.404],[70.472,24.389],[70.44,24.383],[70.412,24.375],[70.399,24.367],[70.392,24.36],[70.377,24.355],[70.369,24.351],[70.354,24.354],[70.347,24.352],[70.327,24.352],[70.285,24.34],[70.259,24.331],[70.254,24.325],[70.237,24.323],[70.218,24.322],[70.2,24.315],[70.166,24.303],[70.139,24.303],[70.11,24.295],[70.067,24.199],[70.051,24.189],[70.039,24.176],[70.025,24.171],[69.946,24.171],[69.732,24.171],[69.696,24.202],[69.594,24.293],[69.559,24.281],[69.505,24.269],[69.491,24.267],[69.47,24.271],[69.443,24.28],[69.405,24.271],[69.375,24.269],[69.367,24.27],[69.313,24.281],[69.194,24.236],[69.095,24.274],[69.083,24.265],[69.034,24.239],[69.024,24.23],[69.013,24.224],[69.003,24.223],[68.985,24.228],[68.973,24.26],[68.965,24.276],[68.946,24.303],[68.913,24.284],[68.907,24.28],[68.898,24.264],[68.89,24.238],[68.88,24.217],[68.875,24.212],[68.857,24.214],[68.848,24.239],[68.844,24.26],[68.843,24.278],[68.831,24.312],[68.808,24.314],[68.765,24.296],[68.768,24.282],[68.769,24.267],[68.766,24.208],[68.764,24.139],[68.76,24.079],[68.755,24.003],[68.754,23.978],[68.75,23.971],[68.655,23.971],[68.49,23.97],[68.397,23.97],[68.386,23.969],[68.378,23.984],[68.368,23.984],[68.345,23.972],[68.336,23.959],[68.339,23.937],[68.334,23.926],[68.328,23.922],[68.319,23.922],[68.289,23.932],[68.28,23.931],[68.271,23.923],[68.259,23.904],[68.25,23.895],[68.231,23.885],[68.217,23.882],[68.208,23.875],[68.199,23.847],[68.198,23.836],[68.198,23.813],[68.202,23.797],[68.202,23.766],[68.185,23.738],[68.18,23.716],[68.172,23.696],[68.162,23.686],[68.13,23.68],[68.125,23.685],[68.106,23.681],[68.097,23.675],[68.094,23.667],[68.095,23.653],[68.099,23.644],[68.119,23.616],[68.142,23.601],[68.179,23.593],[68.215,23.591],[68.231,23.595],[68.238,23.591],[68.264,23.586],[68.274,23.595],[68.288,23.588],[68.299,23.593],[68.299,23.584],[68.31,23.579],[68.326,23.496],[68.405,23.487],[68.413,23.486],[68.428,23.492],[68.442,23.506],[68.442,23.518],[68.435,23.531],[68.446,23.533],[68.448,23.522],[68.459,23.511],[68.479,23.518],[68.481,23.515],[68.468,23.505],[68.446,23.497],[68.436,23.487],[68.418,23.473],[68.423,23.468],[68.439,23.477],[68.443,23.471],[68.432,23.464],[68.413,23.46],[68.412,23.447],[68.4,23.438],[68.4,23.42],[68.408,23.411],[68.419,23.406],[68.427,23.415],[68.433,23.415],[68.446,23.429],[68.442,23.408],[68.445,23.399],[68.459,23.391],[68.459,23.367],[68.485,23.359],[68.501,23.369],[68.513,23.37],[68.517,23.365],[68.538,23.357],[68.556,23.357],[68.565,23.364],[68.559,23.338],[68.564,23.335],[68.588,23.337],[68.598,23.334],[68.611,23.321],[68.582,23.323],[68.582,23.315],[68.573,23.312],[68.57,23.306],[68.562,23.314],[68.544,23.301],[68.532,23.281],[68.538,23.267],[68.536,23.261],[68.544,23.257],[68.541,23.247],[68.55,23.249],[68.562,23.243],[68.566,23.25],[68.552,23.263],[68.569,23.263],[68.586,23.255],[68.597,23.254],[68.61,23.266],[68.612,23.288],[68.618,23.285],[68.622,23.27],[68.623,23.259],[68.629,23.255],[68.611,23.244],[68.606,23.237],[68.592,23.242],[68.581,23.237],[68.584,23.224],[68.603,23.206],[68.609,23.197],[68.62,23.189],[68.617,23.185],[68.63,23.179],[68.631,23.172],[68.644,23.164],[68.657,23.151],[68.683,23.137],[68.728,23.107],[68.742,23.096],[68.748,23.088],[68.761,23.079],[68.776,23.076],[68.802,23.064],[68.834,23.044],[68.867,23.027],[68.89,23.012],[68.928,22.992],[68.932,22.988],[68.955,22.974],[68.987,22.957],[69.015,22.948],[69.028,22.937],[69.044,22.93],[69.063,22.918],[69.079,22.921],[69.077,22.91],[69.108,22.89],[69.117,22.894],[69.122,22.881],[69.137,22.871],[69.161,22.86],[69.173,22.852],[69.181,22.858],[69.192,22.846],[69.195,22.839],[69.21,22.836],[69.224,22.837],[69.255,22.829],[69.269,22.825],[69.287,22.828],[69.302,22.833],[69.322,22.832],[69.339,22.826],[69.345,22.822],[69.357,22.822],[69.392,22.813],[69.41,22.804],[69.431,22.788],[69.438,22.787],[69.448,22.779],[69.459,22.778],[69.458,22.787],[69.452,22.786],[69.435,22.798],[69.431,22.809],[69.457,22.814],[69.461,22.807],[69.469,22.798],[69.477,22.795],[69.483,22.799],[69.498,22.797],[69.509,22.805],[69.531,22.802],[69.546,22.807],[69.557,22.807],[69.568,22.814],[69.576,22.81],[69.58,22.816],[69.591,22.814],[69.601,22.805],[69.609,22.806],[69.618,22.812],[69.626,22.808],[69.634,22.812],[69.647,22.796],[69.666,22.797],[69.672,22.8],[69.713,22.806],[69.722,22.81],[69.724,22.814],[69.742,22.82],[69.748,22.818],[69.769,22.826],[69.781,22.834],[69.784,22.84],[69.795,22.848],[69.805,22.852],[69.812,22.85],[69.827,22.858],[69.856,22.869],[69.879,22.871],[69.899,22.871],[69.91,22.878],[69.913,22.885],[69.939,22.898],[69.97,22.899],[70.013,22.91],[70.029,22.915],[70.048,22.919],[70.071,22.921],[70.08,22.92],[70.085,22.933],[70.061,22.934],[70.063,22.942],[70.056,22.944],[70.053,22.953],[70.063,22.955],[70.108,22.978],[70.122,22.996],[70.125,23.005],[70.133,23.011],[70.138,23.021],[70.153,23.038],[70.165,23.054],[70.169,23.065],[70.175,23.07],[70.183,23.067],[70.187,23.073],[70.183,23.078],[70.19,23.091],[70.195,23.095],[70.198,23.104],[70.207,23.107],[70.208,23.115],[70.216,23.128],[70.225,23.13],[70.225,23.145],[70.238,23.138],[70.244,23.148],[70.245,23.163],[70.26,23.168],[70.265,23.162],[70.28,23.171],[70.308,23.181],[70.309,23.192],[70.301,23.194],[70.301,23.209],[70.312,23.215],[70.322,23.212],[70.332,23.216],[70.34,23.211],[70.354,23.214],[70.358,23.217],[70.377,23.217],[70.384,23.215],[70.408,23.218],[70.423,23.207],[70.464,23.199],[70.476,23.195],[70.48,23.189],[70.487,23.19],[70.496,23.182],[70.505,23.177],[70.525,23.178],[70.554,23.177],[70.567,23.179],[70.582,23.178],[70.613,23.181],[70.636,23.185],[70.647,23.214],[70.667,23.229],[70.679,23.222],[70.687,23.216],[70.697,23.211],[70.701,23.215],[70.712,23.214],[70.718,23.189],[70.715,23.183],[70.704,23.173],[70.712,23.16],[70.713,23.155],[70.687,23.145],[70.684,23.141],[70.688,23.128],[70.689,23.117],[70.638,23.082],[70.629,23.063],[70.622,23.061],[70.609,23.064],[70.597,23.061],[70.593,23.055],[70.602,23.035],[70.587,23.031],[70.572,23.038],[70.561,23.029],[70.548,23],[70.539,22.964],[70.524,22.965],[70.512,22.961],[70.49,22.967],[70.479,22.975],[70.464,22.967],[70.437,22.965],[70.456,22.95],[70.482,22.937],[70.483,22.913],[70.477,22.905],[70.473,22.895],[70.472,22.875],[70.461,22.853],[70.449,22.843],[70.428,22.83],[70.409,22.825],[70.409,22.829],[70.42,22.838],[70.409,22.853],[70.408,22.863],[70.423,22.893],[70.427,22.904],[70.42,22.91],[70.419,22.919],[70.414,22.927],[70.407,22.925],[70.396,22.917],[70.376,22.908],[70.362,22.891],[70.34,22.856],[70.329,22.845],[70.312,22.814],[70.301,22.798],[70.297,22.789],[70.297,22.78],[70.292,22.766],[70.268,22.758],[70.262,22.752],[70.249,22.747],[70.238,22.734],[70.236,22.729],[70.217,22.713],[70.222,22.709],[70.216,22.69],[70.222,22.685],[70.213,22.681],[70.223,22.673],[70.217,22.661],[70.209,22.658],[70.194,22.639],[70.202,22.638],[70.192,22.628],[70.177,22.605],[70.181,22.594],[70.175,22.593],[70.17,22.599],[70.164,22.594],[70.157,22.594],[70.151,22.57],[70.142,22.577],[70.13,22.568],[70.129,22.558],[70.121,22.554],[70.084,22.553],[70.07,22.559],[70.061,22.556],[70.038,22.562],[70.018,22.546],[70.011,22.548],[69.988,22.544],[69.985,22.541],[69.973,22.54],[69.947,22.528],[69.954,22.505],[69.942,22.512],[69.933,22.514],[69.91,22.503],[69.903,22.495],[69.89,22.494],[69.896,22.483],[69.87,22.47],[69.862,22.462],[69.845,22.472],[69.822,22.472],[69.814,22.465],[69.804,22.464],[69.805,22.452],[69.814,22.434],[69.804,22.424],[69.794,22.426],[69.785,22.436],[69.774,22.435],[69.784,22.447],[69.785,22.459],[69.781,22.467],[69.766,22.475],[69.752,22.461],[69.75,22.448],[69.752,22.44],[69.75,22.429],[69.739,22.447],[69.744,22.459],[69.735,22.469],[69.736,22.477],[69.731,22.484],[69.701,22.461],[69.695,22.443],[69.705,22.434],[69.699,22.417],[69.702,22.407],[69.701,22.396],[69.694,22.395],[69.678,22.397],[69.663,22.393],[69.656,22.36],[69.649,22.357],[69.636,22.358],[69.617,22.368],[69.619,22.357],[69.613,22.349],[69.604,22.346],[69.596,22.348],[69.592,22.359],[69.574,22.367],[69.565,22.355],[69.558,22.369],[69.544,22.377],[69.537,22.373],[69.524,22.37],[69.517,22.373],[69.5,22.366],[69.491,22.355],[69.49,22.338],[69.468,22.329],[69.457,22.332],[69.443,22.33],[69.437,22.323],[69.424,22.317],[69.392,22.316],[69.378,22.321],[69.367,22.317],[69.358,22.319],[69.352,22.327],[69.336,22.322],[69.34,22.313],[69.334,22.303],[69.326,22.302],[69.322,22.292],[69.313,22.287],[69.298,22.287],[69.292,22.275],[69.28,22.27],[69.255,22.267],[69.249,22.261],[69.241,22.258],[69.234,22.25],[69.234,22.235],[69.238,22.223],[69.222,22.216],[69.213,22.21],[69.211,22.22],[69.195,22.225],[69.194,22.233],[69.182,22.232],[69.179,22.213],[69.168,22.212],[69.167,22.204],[69.157,22.195],[69.137,22.195],[69.135,22.202],[69.139,22.211],[69.135,22.224],[69.14,22.225],[69.15,22.238],[69.154,22.249],[69.149,22.254],[69.155,22.262],[69.155,22.27],[69.159,22.277],[69.158,22.289],[69.161,22.305],[69.157,22.316],[69.165,22.323],[69.169,22.333],[69.166,22.35],[69.173,22.363],[69.172,22.373],[69.191,22.387],[69.197,22.388],[69.199,22.401],[69.191,22.407],[69.188,22.415],[69.172,22.413],[69.163,22.404],[69.157,22.406],[69.151,22.401],[69.139,22.401],[69.131,22.394],[69.114,22.404],[69.11,22.41],[69.102,22.409],[69.098,22.404],[69.103,22.399],[69.082,22.388],[69.072,22.387],[69.05,22.397],[69.044,22.393],[69.034,22.394],[69.039,22.403],[69.042,22.416],[69.047,22.422],[69.041,22.432],[69.04,22.446],[69.047,22.448],[69.052,22.441],[69.067,22.453],[69.074,22.454],[69.076,22.465],[69.083,22.474],[69.079,22.48],[69.07,22.478],[69.054,22.465],[69.029,22.454],[69.006,22.439],[68.993,22.419],[68.985,22.413],[68.969,22.389],[68.967,22.38],[68.957,22.365],[68.959,22.354],[68.955,22.346],[68.956,22.336],[68.95,22.332],[68.943,22.333],[68.936,22.311],[68.942,22.292],[68.959,22.256],[68.954,22.252],[68.956,22.242],[68.966,22.235],[68.986,22.226],[68.992,22.217],[69.001,22.221],[69.005,22.218],[68.999,22.209],[68.984,22.219],[68.977,22.229],[68.966,22.234],[68.978,22.216],[68.996,22.195],[69.02,22.17],[69.048,22.137],[69.075,22.11],[69.094,22.092],[69.11,22.071],[69.125,22.056],[69.19,21.987],[69.197,21.981],[69.217,21.958],[69.238,21.937],[69.244,21.934],[69.282,21.896],[69.291,21.889],[69.324,21.861],[69.354,21.838],[69.365,21.834],[69.382,21.819],[69.4,21.797],[69.417,21.783],[69.433,21.767],[69.443,21.761],[69.453,21.751],[69.477,21.734],[69.5,21.71],[69.541,21.673],[69.57,21.648],[69.584,21.638],[69.603,21.637],[69.617,21.624],[69.627,21.613],[69.65,21.59],[69.668,21.57],[69.685,21.553],[69.699,21.543],[69.712,21.54],[69.711,21.531],[69.718,21.523],[69.802,21.431],[69.815,21.417],[69.848,21.378],[69.878,21.344],[69.885,21.335],[69.911,21.306],[69.924,21.29],[69.934,21.281],[69.96,21.251],[69.982,21.228],[70.011,21.196],[70.028,21.179],[70.048,21.157],[70.073,21.132],[70.099,21.108],[70.103,21.107],[70.123,21.088],[70.134,21.08],[70.157,21.057],[70.168,21.048],[70.187,21.031],[70.195,21.026],[70.225,21],[70.238,20.993],[70.256,20.975],[70.276,20.962],[70.281,20.956],[70.308,20.939],[70.321,20.928],[70.347,20.915],[70.358,20.906],[70.369,20.899],[70.375,20.903],[70.392,20.894],[70.403,20.886],[70.426,20.863],[70.439,20.853],[70.443,20.854],[70.469,20.839],[70.472,20.841],[70.487,20.835],[70.489,20.829],[70.508,20.822],[70.518,20.814],[70.533,20.809],[70.542,20.803],[70.55,20.808],[70.557,20.809],[70.562,20.815],[70.568,20.809],[70.574,20.816],[70.587,20.813],[70.589,20.802],[70.568,20.802],[70.561,20.807],[70.55,20.806],[70.563,20.794],[70.575,20.791],[70.585,20.784],[70.599,20.778],[70.61,20.777],[70.614,20.771],[70.621,20.772],[70.627,20.768],[70.644,20.779],[70.656,20.777],[70.655,20.769],[70.649,20.763],[70.656,20.759],[70.664,20.761],[70.676,20.757],[70.704,20.738],[70.732,20.727],[70.743,20.72],[70.755,20.722],[70.767,20.72],[70.789,20.711],[70.803,20.701],[70.807,20.701],[70.827,20.691],[70.835,20.697],[70.822,20.699],[70.806,20.706],[70.813,20.715],[70.826,20.712],[70.833,20.698],[70.839,20.705],[70.847,20.707],[70.874,20.704],[70.872,20.718],[70.878,20.728],[70.911,20.737],[70.92,20.743],[70.927,20.737],[70.939,20.732],[70.96,20.737],[70.964,20.729],[70.975,20.727],[70.994,20.736],[71,20.742],[71.007,20.737],[71.015,20.739],[71.044,20.735],[71.05,20.731],[71.06,20.736],[71.071,20.735],[71.08,20.738],[71.078,20.75],[71.093,20.757],[71.112,20.758],[71.119,20.755],[71.128,20.758],[71.135,20.756],[71.149,20.758],[71.15,20.771],[71.157,20.779],[71.167,20.782],[71.185,20.784],[71.202,20.789],[71.209,20.801],[71.233,20.804],[71.24,20.812],[71.248,20.813],[71.268,20.823],[71.284,20.828],[71.295,20.835],[71.304,20.837],[71.322,20.847],[71.331,20.848],[71.347,20.853],[71.354,20.851],[71.377,20.857],[71.382,20.864],[71.374,20.868],[71.38,20.875],[71.394,20.875],[71.397,20.866],[71.405,20.869],[71.42,20.87],[71.426,20.868],[71.441,20.871],[71.45,20.882],[71.462,20.881],[71.477,20.895],[71.48,20.907],[71.495,20.917],[71.497,20.925],[71.511,20.945],[71.522,20.951],[71.532,20.953],[71.538,20.945],[71.55,20.951],[71.565,20.949],[71.568,20.953],[71.58,20.954],[71.582,20.959],[71.605,20.964],[71.613,20.969],[71.629,20.969],[71.635,20.974],[71.629,20.984],[71.649,20.996],[71.659,20.999],[71.68,20.998],[71.685,21.006],[71.699,21.011],[71.711,21.019],[71.724,21.022],[71.742,21.02],[71.753,21.023],[71.762,21.022],[71.764,21.027],[71.779,21.03],[71.774,21.037],[71.747,21.032],[71.746,21.035],[71.757,21.044],[71.751,21.056],[71.761,21.057],[71.766,21.051],[71.772,21.055],[71.777,21.04],[71.786,21.044],[71.792,21.04],[71.805,21.041],[71.798,21.055],[71.801,21.059],[71.82,21.071],[71.831,21.073],[71.82,21.087],[71.825,21.095],[71.831,21.098],[71.838,21.09],[71.848,21.098],[71.857,21.095],[71.843,21.087],[71.84,21.077],[71.851,21.081],[71.861,21.088],[71.878,21.089],[71.894,21.109],[71.922,21.113],[71.937,21.116],[71.94,21.121],[71.95,21.12],[71.96,21.124],[71.974,21.123],[71.971,21.129],[71.989,21.143],[71.979,21.15],[71.989,21.155],[72,21.169],[72,21.176],[72.014,21.183],[72.021,21.177],[72.014,21.164],[72.007,21.162],[72.008,21.156],[71.997,21.147],[71.997,21.14],[72.007,21.139],[72.011,21.149],[72.017,21.154],[72.045,21.164],[72.05,21.169],[72.064,21.178],[72.074,21.181],[72.086,21.19],[72.112,21.2],[72.11,21.21],[72.1,21.221],[72.091,21.228],[72.085,21.236],[72.084,21.246],[72.098,21.263],[72.098,21.279],[72.104,21.281],[72.112,21.293],[72.112,21.304],[72.133,21.339],[72.156,21.36],[72.157,21.364],[72.168,21.376],[72.17,21.384],[72.176,21.392],[72.211,21.421],[72.226,21.442],[72.235,21.456],[72.237,21.465],[72.244,21.474],[72.253,21.496],[72.257,21.497],[72.266,21.52],[72.269,21.522],[72.272,21.545],[72.277,21.565],[72.286,21.581],[72.29,21.584],[72.299,21.603],[72.305,21.61],[72.309,21.625],[72.309,21.639],[72.298,21.66],[72.3,21.667],[72.293,21.67],[72.29,21.681],[72.28,21.694],[72.255,21.693],[72.254,21.686],[72.235,21.697],[72.228,21.697],[72.232,21.707],[72.222,21.72],[72.219,21.736],[72.194,21.75],[72.189,21.768],[72.177,21.804],[72.162,21.807],[72.177,21.815],[72.186,21.825],[72.192,21.827],[72.22,21.819],[72.236,21.812],[72.243,21.83],[72.217,21.867],[72.209,21.886],[72.205,21.897],[72.203,21.914],[72.206,21.923],[72.209,21.942],[72.207,21.951],[72.212,21.962],[72.237,21.971],[72.242,21.976],[72.244,22],[72.247,22.013],[72.24,22.021],[72.237,22.039],[72.225,22.055],[72.23,22.058],[72.23,22.066],[72.25,22.068],[72.263,22.066],[72.269,22.06],[72.281,22.08],[72.289,22.101],[72.309,22.147],[72.324,22.144],[72.339,22.177],[72.334,22.192],[72.339,22.214],[72.358,22.248],[72.363,22.271],[72.362,22.295],[72.37,22.306],[72.373,22.316],[72.394,22.306],[72.406,22.306],[72.419,22.302],[72.421,22.28],[72.418,22.275],[72.406,22.267],[72.403,22.257],[72.406,22.249],[72.408,22.23],[72.427,22.21],[72.438,22.223],[72.465,22.26],[72.48,22.267],[72.481,22.272],[72.5,22.278],[72.517,22.306],[72.516,22.321],[72.528,22.312],[72.537,22.302],[72.557,22.295],[72.58,22.301],[72.649,22.285],[72.659,22.279],[72.682,22.276],[72.687,22.272],[72.698,22.275],[72.702,22.281],[72.716,22.274],[72.737,22.275],[72.739,22.269],[72.747,22.264],[72.751,22.255],[72.752,22.237],[72.756,22.232],[72.764,22.234],[72.779,22.243],[72.793,22.255],[72.813,22.267],[72.826,22.272],[72.84,22.281],[72.86,22.282],[72.872,22.285],[72.884,22.273],[72.892,22.267],[72.911,22.267],[72.912,22.273],[72.907,22.289],[72.913,22.302],[72.928,22.312],[72.94,22.309],[72.945,22.304],[72.949,22.295],[72.943,22.288],[72.932,22.289],[72.926,22.27],[72.922,22.266],[72.921,22.255],[72.913,22.24],[72.902,22.233],[72.889,22.231],[72.875,22.221],[72.856,22.224],[72.844,22.234],[72.837,22.234],[72.809,22.224],[72.789,22.209],[72.786,22.203],[72.777,22.198],[72.758,22.174],[72.744,22.174],[72.728,22.181],[72.707,22.186],[72.697,22.186],[72.683,22.197],[72.672,22.202],[72.656,22.213],[72.648,22.216],[72.621,22.217],[72.605,22.213],[72.593,22.207],[72.58,22.197],[72.567,22.182],[72.561,22.173],[72.55,22.149],[72.551,22.141],[72.544,22.129],[72.544,22.107],[72.537,22.097],[72.531,22.078],[72.523,22.041],[72.517,22],[72.522,21.992],[72.509,21.944],[72.508,21.934],[72.509,21.914],[72.515,21.885],[72.522,21.88],[72.558,21.879],[72.583,21.89],[72.585,21.897],[72.582,21.918],[72.595,21.931],[72.614,21.945],[72.638,21.961],[72.656,21.962],[72.667,21.956],[72.653,21.949],[72.643,21.942],[72.632,21.916],[72.627,21.888],[72.624,21.88],[72.621,21.829],[72.619,21.825],[72.619,21.81],[72.607,21.809],[72.596,21.804],[72.602,21.79],[72.602,21.781],[72.585,21.773],[72.586,21.758],[72.597,21.75],[72.586,21.745],[72.579,21.74],[72.57,21.74],[72.558,21.735],[72.549,21.736],[72.54,21.729],[72.532,21.708],[72.528,21.678],[72.534,21.672],[72.553,21.662],[72.564,21.664],[72.593,21.676],[72.624,21.682],[72.645,21.679],[72.659,21.68],[72.666,21.686],[72.676,21.682],[72.693,21.678],[72.7,21.683],[72.728,21.686],[72.753,21.679],[72.762,21.67],[72.79,21.663],[72.801,21.658],[72.807,21.651],[72.782,21.642],[72.778,21.645],[72.754,21.646],[72.746,21.641],[72.731,21.637],[72.719,21.638],[72.711,21.643],[72.7,21.645],[72.693,21.638],[72.675,21.627],[72.659,21.627],[72.651,21.617],[72.635,21.618],[72.628,21.605],[72.626,21.593],[72.621,21.594],[72.612,21.585],[72.611,21.577],[72.617,21.568],[72.614,21.559],[72.618,21.551],[72.635,21.535],[72.652,21.538],[72.659,21.549],[72.665,21.54],[72.685,21.544],[72.692,21.535],[72.704,21.534],[72.711,21.537],[72.718,21.531],[72.706,21.527],[72.681,21.497],[72.67,21.483],[72.666,21.473],[72.653,21.46],[72.651,21.453],[72.661,21.45],[72.68,21.452],[72.694,21.467],[72.692,21.452],[72.681,21.435],[72.673,21.426],[72.652,21.384],[72.649,21.373],[72.652,21.353],[72.654,21.346],[72.648,21.343],[72.632,21.343],[72.624,21.337],[72.621,21.324],[72.601,21.323],[72.598,21.305],[72.6,21.29],[72.609,21.28],[72.609,21.269],[72.62,21.254],[72.622,21.242],[72.631,21.234],[72.645,21.225],[72.654,21.225],[72.655,21.217],[72.638,21.211],[72.639,21.203],[72.636,21.195],[72.632,21.175],[72.629,21.144],[72.625,21.13],[72.619,21.114],[72.621,21.099],[72.627,21.085],[72.632,21.082],[72.654,21.076],[72.663,21.09],[72.665,21.1],[72.702,21.096],[72.693,21.081],[72.693,21.066],[72.699,21.061],[72.712,21.065],[72.728,21.067],[72.746,21.061],[72.755,21.052],[72.742,21.052],[72.726,21.053],[72.721,21.048],[72.722,21.034],[72.728,21.007],[72.733,21],[72.741,20.98],[72.747,20.956],[72.765,20.921],[72.786,20.916],[72.792,20.897],[72.831,20.807],[72.84,20.804],[72.836,20.787],[72.843,20.777],[72.849,20.748],[72.849,20.737],[72.854,20.715],[72.867,20.681],[72.873,20.656],[72.879,20.649],[72.89,20.616],[72.898,20.583],[72.897,20.568],[72.887,20.546],[72.887,20.533],[72.883,20.531],[72.886,20.514],[72.884,20.502],[72.877,20.495],[72.869,20.492],[72.856,20.467],[72.863,20.464],[72.888,20.461],[72.889,20.449],[72.895,20.444],[72.89,20.439],[72.879,20.442],[72.87,20.44],[72.865,20.429],[72.857,20.419],[72.87,20.414],[72.882,20.419],[72.898,20.421],[72.904,20.415],[72.903,20.406],[72.892,20.399],[72.883,20.398],[72.887,20.385],[72.896,20.38],[72.891,20.373],[72.877,20.37],[72.856,20.372],[72.846,20.375],[72.836,20.373],[72.83,20.368],[72.821,20.368],[72.811,20.355],[72.801,20.352],[72.79,20.352],[72.778,20.337],[72.775,20.327],[72.773,20.303],[72.762,20.301],[72.755,20.292],[72.753,20.261],[72.741,20.247],[72.741,20.237],[72.745,20.226],[72.746,20.202],[72.742,20.185],[72.742,20.169],[72.74,20.163],[72.737,20.135],[72.754,20.131],[72.775,20.132],[72.794,20.123],[72.793,20.13],[72.787,20.139],[72.789,20.149],[72.81,20.152],[72.82,20.144],[72.822,20.154],[72.817,20.156],[72.82,20.176],[72.817,20.183],[72.821,20.188],[72.834,20.192],[72.831,20.197],[72.839,20.209],[72.861,20.207],[72.859,20.225],[72.87,20.228],[72.879,20.227],[72.89,20.22],[72.899,20.228],[72.908,20.223],[72.915,20.224],[72.933,20.216],[72.95,20.216],[72.962,20.209],[72.963,20.209],[72.965,20.212],[72.966,20.219],[72.966,20.221],[72.966,20.222],[72.954,20.237],[72.937,20.243],[72.931,20.243],[72.924,20.255],[72.912,20.269],[72.917,20.281],[72.929,20.288],[72.931,20.295],[72.942,20.293],[72.955,20.284],[72.963,20.271],[72.973,20.27],[72.982,20.277],[72.985,20.288],[72.994,20.292],[73.006,20.289],[73.012,20.3],[73.008,20.312],[73.017,20.31],[73.016,20.294],[73.024,20.291],[73.036,20.292],[73.038,20.317],[73.043,20.325],[73.048,20.324],[73.067,20.329],[73.077,20.323],[73.085,20.331],[73.091,20.345],[73.09,20.358],[73.097,20.36],[73.105,20.35],[73.109,20.333],[73.109,20.324],[73.101,20.303],[73.117,20.305],[73.124,20.304],[73.129,20.317],[73.151,20.317],[73.159,20.308],[73.166,20.309],[73.164,20.298],[73.166,20.283],[73.158,20.28],[73.152,20.291],[73.145,20.285],[73.142,20.274],[73.131,20.268],[73.127,20.259],[73.115,20.257],[73.097,20.236],[73.098,20.229],[73.098,20.228],[73.088,20.225],[73.085,20.228],[73.071,20.23],[73.06,20.223],[73.054,20.205],[73.049,20.2],[73.06,20.194],[73.062,20.184],[73.063,20.17],[73.06,20.162],[73.073,20.155],[73.08,20.173],[73.087,20.17],[73.091,20.16],[73.1,20.156],[73.107,20.158],[73.114,20.152],[73.119,20.167],[73.129,20.173],[73.136,20.17],[73.142,20.177],[73.133,20.192],[73.133,20.206],[73.157,20.198],[73.169,20.208],[73.172,20.198],[73.182,20.194],[73.199,20.194],[73.203,20.19],[73.218,20.186],[73.215,20.17],[73.206,20.163],[73.191,20.163],[73.186,20.156],[73.186,20.137],[73.189,20.128],[73.198,20.126],[73.204,20.119],[73.211,20.12],[73.217,20.128],[73.218,20.136],[73.226,20.14],[73.226,20.126],[73.255,20.127],[73.254,20.138],[73.265,20.14],[73.278,20.149],[73.282,20.167],[73.281,20.19],[73.296,20.207],[73.302,20.21],[73.316,20.203],[73.326,20.206],[73.343,20.199],[73.347,20.21],[73.358,20.213],[73.36,20.206],[73.355,20.199],[73.366,20.196],[73.366,20.204],[73.376,20.205],[73.378,20.211],[73.386,20.21],[73.386,20.196],[73.395,20.199],[73.406,20.196],[73.417,20.198],[73.421,20.206],[73.417,20.212],[73.418,20.223],[73.414,20.225],[73.411,20.238],[73.416,20.258],[73.413,20.264],[73.418,20.273],[73.427,20.278],[73.42,20.297],[73.421,20.307],[73.415,20.318],[73.419,20.33],[73.409,20.348],[73.414,20.352],[73.412,20.364],[73.407,20.373],[73.407,20.383],[73.399,20.384],[73.385,20.371],[73.38,20.377],[73.38,20.394],[73.389,20.398],[73.394,20.396],[73.398,20.404],[73.423,20.422],[73.421,20.428],[73.428,20.441],[73.431,20.452],[73.436,20.456],[73.445,20.475],[73.456,20.478],[73.458,20.49],[73.468,20.496],[73.467,20.509],[73.47,20.521],[73.493,20.536],[73.493,20.54],[73.475,20.544],[73.479,20.561],[73.474,20.583],[73.464,20.59],[73.449,20.594],[73.436,20.593],[73.429,20.596],[73.428,20.607],[73.424,20.614],[73.42,20.627],[73.409,20.626],[73.407,20.635],[73.394,20.641],[73.392,20.649],[73.406,20.655],[73.413,20.661],[73.429,20.663],[73.434,20.668],[73.432,20.677],[73.444,20.681],[73.448,20.692],[73.441,20.7],[73.445,20.71],[73.453,20.716],[73.467,20.722],[73.475,20.72],[73.476,20.709],[73.484,20.699],[73.484,20.691],[73.49,20.686],[73.484,20.67],[73.489,20.656],[73.496,20.654],[73.502,20.662],[73.518,20.668],[73.522,20.676],[73.531,20.674],[73.551,20.648],[73.558,20.646],[73.569,20.651],[73.586,20.642],[73.6,20.637],[73.612,20.626],[73.622,20.615],[73.627,20.596],[73.627,20.585],[73.651,20.568],[73.652,20.564],[73.67,20.563],[73.683,20.573],[73.697,20.576],[73.716,20.576],[73.746,20.568],[73.762,20.575],[73.764,20.587],[73.768,20.587],[73.775,20.599],[73.791,20.605],[73.8,20.601],[73.805,20.607],[73.819,20.614],[73.826,20.612],[73.838,20.621],[73.833,20.64],[73.833,20.649],[73.839,20.659],[73.831,20.675],[73.817,20.672],[73.817,20.679],[73.812,20.692],[73.826,20.701],[73.835,20.702],[73.839,20.698],[73.851,20.696],[73.863,20.703],[73.869,20.72],[73.874,20.73],[73.883,20.733],[73.895,20.731],[73.905,20.725],[73.917,20.725],[73.918,20.73],[73.935,20.736],[73.942,20.742],[73.942,20.758],[73.932,20.761],[73.935,20.773],[73.933,20.792],[73.936,20.802],[73.932,20.809],[73.938,20.814],[73.942,20.823],[73.939,20.838],[73.929,20.842],[73.924,20.851],[73.926,20.888],[73.923,20.891],[73.917,20.908],[73.901,20.92],[73.888,20.935],[73.892,20.956],[73.909,20.964],[73.903,20.972],[73.901,20.982],[73.889,20.98],[73.868,20.986],[73.834,21.008],[73.815,21.023],[73.795,21.044],[73.81,21.058],[73.808,21.085],[73.794,21.071],[73.78,21.064],[73.764,21.069],[73.745,21.077],[73.73,21.082],[73.733,21.098],[73.706,21.108],[73.703,21.118],[73.689,21.101],[73.677,21.108],[73.652,21.107],[73.646,21.121],[73.631,21.123],[73.618,21.118],[73.612,21.138],[73.617,21.143],[73.605,21.144],[73.599,21.156],[73.578,21.15],[73.577,21.156],[73.583,21.161],[73.577,21.171],[73.581,21.169],[73.594,21.174],[73.6,21.182],[73.607,21.179],[73.606,21.172],[73.607,21.163],[73.607,21.162],[73.607,21.161],[73.614,21.156],[73.63,21.153],[73.63,21.152],[73.63,21.151],[73.627,21.143],[73.643,21.139],[73.665,21.147],[73.664,21.152],[73.676,21.153],[73.675,21.153],[73.682,21.151],[73.702,21.154],[73.701,21.146],[73.711,21.145],[73.717,21.141],[73.733,21.142],[73.737,21.15],[73.73,21.165],[73.74,21.168],[73.758,21.167],[73.772,21.165],[73.783,21.174],[73.785,21.184],[73.803,21.175],[73.816,21.174],[73.82,21.186],[73.826,21.186],[73.826,21.2],[73.815,21.197],[73.811,21.209],[73.812,21.231],[73.828,21.24],[73.827,21.252],[73.823,21.265],[73.834,21.271],[73.849,21.275],[73.864,21.272],[73.879,21.266],[73.894,21.271],[73.903,21.278],[73.909,21.278],[73.922,21.289],[73.933,21.291],[73.943,21.3],[73.942,21.325],[73.946,21.343],[73.949,21.351],[73.945,21.381],[73.944,21.4],[73.952,21.395],[73.969,21.397],[73.978,21.407],[74.002,21.417],[74.008,21.423],[74.023,21.418],[74.044,21.419],[74.048,21.423],[74.05,21.44],[74.047,21.449],[74.062,21.464],[74.063,21.474],[74.07,21.472],[74.075,21.463],[74.073,21.457],[74.095,21.456],[74.101,21.448],[74.116,21.452],[74.117,21.462],[74.124,21.466],[74.134,21.466],[74.136,21.456],[74.148,21.458],[74.159,21.468],[74.182,21.469],[74.188,21.458],[74.209,21.462],[74.209,21.467],[74.214,21.482],[74.234,21.482],[74.236,21.468],[74.253,21.468],[74.256,21.477],[74.277,21.479],[74.28,21.483],[74.304,21.488],[74.304,21.499],[74.321,21.498],[74.322,21.52],[74.321,21.529],[74.331,21.535],[74.33,21.553],[74.314,21.551],[74.303,21.552],[74.303,21.567],[74.295,21.569],[74.276,21.562],[74.278,21.553],[74.268,21.553],[74.263,21.54],[74.236,21.539],[74.235,21.551],[74.218,21.545],[74.216,21.541],[74.2,21.532],[74.188,21.541],[74.176,21.556],[74.176,21.569],[74.158,21.569],[74.154,21.557],[74.139,21.555],[74.138,21.549],[74.12,21.552],[74.11,21.556],[74.098,21.556],[74.097,21.551],[74.082,21.549],[74.072,21.548],[74.06,21.55],[74.054,21.559],[74.055,21.55],[74.053,21.548],[74.053,21.547],[74.05,21.548],[74.051,21.545],[74.049,21.545],[74.049,21.544],[74.047,21.545],[74.048,21.545],[74.043,21.546],[74.043,21.545],[74.037,21.545],[74.038,21.545],[74.038,21.549],[74.038,21.551],[74.034,21.548],[74.035,21.546],[74.021,21.55],[74.01,21.549],[74.011,21.549],[74,21.545],[74.002,21.542],[73.995,21.538],[73.995,21.539],[73.996,21.539],[73.993,21.541],[73.993,21.542],[73.983,21.54],[73.974,21.543],[73.974,21.539],[73.974,21.538],[73.974,21.537],[73.982,21.522],[73.968,21.523],[73.962,21.527],[73.96,21.541],[73.955,21.54],[73.955,21.535],[73.954,21.534],[73.956,21.525],[73.954,21.524],[73.955,21.52],[73.952,21.518],[73.952,21.517],[73.951,21.515],[73.952,21.513],[73.951,21.513],[73.951,21.512],[73.94,21.515],[73.94,21.514],[73.932,21.512],[73.932,21.513],[73.929,21.52],[73.929,21.523],[73.921,21.523],[73.921,21.52],[73.916,21.519],[73.904,21.524],[73.905,21.519],[73.905,21.516],[73.878,21.504],[73.873,21.51],[73.873,21.511],[73.869,21.511],[73.869,21.513],[73.864,21.512],[73.873,21.506],[73.864,21.5],[73.865,21.499],[73.864,21.498],[73.863,21.498],[73.863,21.499],[73.853,21.497],[73.85,21.503],[73.846,21.508],[73.835,21.52],[73.833,21.538],[73.827,21.545],[73.823,21.564],[73.817,21.58],[73.812,21.603],[73.799,21.604],[73.788,21.616],[73.781,21.619],[73.78,21.628],[73.788,21.634],[73.812,21.64],[73.814,21.643],[73.83,21.643],[73.839,21.633],[73.851,21.645],[73.86,21.642],[73.874,21.647],[73.885,21.654],[73.894,21.671],[73.892,21.692],[73.886,21.707],[73.881,21.715],[73.868,21.718],[73.858,21.726],[73.852,21.736],[73.846,21.737],[73.836,21.747],[73.833,21.755],[73.826,21.758],[73.824,21.765],[73.832,21.771],[73.826,21.811],[73.808,21.81],[73.804,21.819],[73.796,21.824],[73.808,21.838],[73.826,21.843],[73.855,21.843],[73.871,21.841],[73.89,21.856],[73.909,21.857],[73.93,21.864],[73.945,21.874],[73.965,21.884],[74.029,21.911],[74.044,21.923],[74.053,21.927],[74.076,21.932],[74.094,21.938],[74.108,21.944],[74.147,21.953],[74.141,21.964],[74.14,21.973],[74.149,21.975],[74.151,21.987],[74.119,21.999],[74.104,21.998],[74.095,22.011],[74.095,22.019],[74.109,22.022],[74.124,22.036],[74.14,22.04],[74.131,22.046],[74.136,22.053],[74.16,22.059],[74.158,22.07],[74.164,22.073],[74.165,22.083],[74.179,22.085],[74.17,22.092],[74.169,22.101],[74.154,22.1],[74.153,22.106],[74.129,22.095],[74.124,22.098],[74.128,22.124],[74.123,22.127],[74.123,22.136],[74.131,22.144],[74.132,22.163],[74.125,22.164],[74.118,22.187],[74.122,22.194],[74.116,22.216],[74.106,22.22],[74.072,22.219],[74.069,22.233],[74.074,22.238],[74.087,22.241],[74.084,22.247],[74.075,22.247],[74.075,22.266],[74.068,22.265],[74.059,22.275],[74.052,22.294],[74.054,22.304],[74.063,22.307],[74.063,22.327],[74.072,22.336],[74.072,22.343],[74.065,22.354],[74.072,22.361],[74.092,22.361],[74.096,22.371],[74.105,22.372],[74.112,22.367],[74.114,22.358],[74.126,22.356],[74.128,22.333],[74.142,22.327],[74.156,22.327],[74.164,22.324],[74.19,22.32],[74.193,22.333],[74.203,22.349],[74.203,22.364],[74.211,22.36],[74.225,22.357],[74.222,22.365],[74.225,22.37],[74.224,22.38],[74.243,22.376],[74.243,22.382],[74.254,22.386],[74.255,22.396],[74.259,22.398],[74.275,22.392],[74.28,22.395],[74.267,22.405],[74.27,22.413],[74.254,22.422],[74.246,22.415],[74.238,22.422],[74.244,22.434],[74.215,22.441],[74.213,22.431],[74.201,22.436],[74.204,22.446],[74.203,22.469],[74.194,22.475],[74.188,22.476],[74.18,22.462],[74.185,22.452],[74.185,22.443],[74.17,22.439],[74.17,22.432],[74.16,22.431],[74.153,22.443],[74.155,22.454],[74.147,22.454],[74.143,22.447],[74.136,22.447],[74.128,22.434],[74.128,22.422],[74.119,22.419],[74.102,22.435],[74.098,22.45],[74.101,22.452],[74.104,22.465],[74.086,22.47],[74.076,22.464],[74.074,22.478],[74.082,22.485],[74.083,22.507],[74.053,22.509],[74.041,22.489],[74.033,22.49],[74.03,22.508],[74.038,22.514],[74.038,22.535],[74.043,22.544],[74.054,22.549],[74.075,22.551],[74.085,22.545],[74.099,22.538],[74.109,22.54],[74.116,22.536],[74.122,22.528],[74.135,22.52],[74.151,22.521],[74.15,22.529],[74.163,22.538],[74.171,22.547],[74.18,22.548],[74.189,22.553],[74.19,22.569],[74.21,22.565],[74.211,22.575],[74.222,22.583],[74.232,22.612],[74.24,22.612],[74.244,22.621],[74.254,22.622],[74.253,22.634],[74.26,22.638],[74.272,22.639],[74.277,22.646],[74.293,22.638],[74.312,22.637],[74.315,22.634],[74.339,22.64],[74.361,22.634],[74.375,22.636],[74.384,22.647],[74.381,22.658],[74.382,22.668],[74.395,22.686],[74.395,22.7],[74.4,22.71],[74.398,22.715],[74.402,22.732],[74.414,22.744],[74.416,22.754],[74.421,22.757],[74.435,22.782],[74.438,22.791],[74.434,22.808],[74.45,22.808],[74.465,22.816],[74.471,22.842],[74.477,22.855],[74.469,22.869],[74.47,22.878],[74.464,22.888],[74.464,22.898],[74.461,22.908],[74.447,22.921],[74.435,22.914],[74.433,22.918],[74.418,22.917],[74.411,22.912],[74.404,22.899],[74.393,22.897],[74.386,22.905],[74.378,22.907],[74.371,22.922],[74.362,22.926],[74.356,22.94],[74.34,22.953],[74.339,22.964],[74.351,22.974],[74.362,22.977],[74.364,22.981],[74.349,23.007],[74.346,23.025],[74.34,23.033],[74.322,23.041],[74.319,23.059],[74.324,23.061],[74.318,23.073],[74.3,23.086],[74.289,23.088],[74.283,23.095],[74.285,23.102],[74.293,23.118],[74.284,23.126],[74.277,23.141],[74.274,23.158],[74.269,23.164],[74.253,23.172],[74.247,23.184],[74.235,23.18],[74.218,23.184],[74.212,23.19],[74.203,23.19],[74.196,23.18],[74.189,23.178],[74.183,23.168],[74.185,23.157],[74.181,23.152],[74.173,23.156],[74.155,23.156],[74.151,23.168],[74.147,23.173],[74.128,23.176],[74.123,23.185],[74.126,23.204],[74.136,23.211],[74.135,23.216],[74.141,23.223],[74.137,23.229],[74.139,23.241],[74.136,23.245],[74.139,23.266],[74.116,23.274],[74.114,23.284],[74.107,23.294],[74.092,23.298],[74.083,23.296],[74.072,23.299],[74.048,23.293],[74.038,23.295],[74.045,23.306],[74.034,23.305],[74.025,23.321],[74.029,23.332],[74.004,23.336],[73.988,23.336],[73.982,23.338],[73.984,23.353],[73.974,23.373],[73.967,23.375],[73.962,23.381],[73.938,23.368],[73.937,23.357],[73.939,23.344],[73.934,23.339],[73.919,23.335],[73.89,23.336],[73.893,23.348],[73.888,23.356],[73.874,23.364],[73.874,23.375],[73.867,23.378],[73.858,23.396],[73.846,23.407],[73.839,23.419],[73.83,23.426],[73.833,23.436],[73.828,23.447],[73.819,23.438],[73.802,23.437],[73.796,23.432],[73.779,23.431],[73.772,23.439],[73.767,23.453],[73.756,23.45],[73.749,23.44],[73.729,23.423],[73.721,23.41],[73.713,23.414],[73.705,23.438],[73.704,23.451],[73.691,23.458],[73.681,23.453],[73.674,23.454],[73.662,23.449],[73.653,23.442],[73.646,23.441],[73.636,23.449],[73.627,23.45],[73.634,23.461],[73.633,23.469],[73.64,23.483],[73.641,23.496],[73.65,23.496],[73.656,23.507],[73.65,23.519],[73.633,23.529],[73.635,23.538],[73.633,23.555],[73.637,23.566],[73.648,23.574],[73.644,23.588],[73.645,23.604],[73.656,23.621],[73.642,23.627],[73.615,23.652],[73.59,23.654],[73.569,23.653],[73.546,23.626],[73.533,23.62],[73.523,23.607],[73.506,23.619],[73.503,23.625],[73.494,23.632],[73.506,23.639],[73.506,23.647],[73.497,23.649],[73.504,23.657],[73.508,23.695],[73.507,23.703],[73.491,23.707],[73.474,23.705],[73.472,23.719],[73.461,23.727],[73.456,23.734],[73.45,23.733],[73.445,23.755],[73.432,23.756],[73.416,23.77],[73.419,23.775],[73.411,23.78],[73.394,23.783],[73.386,23.777],[73.383,23.769],[73.372,23.77],[73.356,23.785],[73.357,23.794],[73.368,23.814],[73.368,23.839],[73.354,23.852],[73.361,23.873],[73.369,23.88],[73.371,23.891],[73.378,23.896],[73.379,23.905],[73.387,23.916],[73.395,23.919],[73.407,23.916],[73.409,23.921],[73.42,23.925],[73.421,23.931],[73.413,23.946],[73.416,23.97],[73.415,23.986],[73.403,23.991],[73.408,24.008],[73.407,24.017],[73.401,24.031],[73.405,24.041],[73.386,24.065],[73.361,24.082],[73.362,24.105],[73.349,24.107],[73.339,24.099],[73.327,24.11],[73.322,24.089],[73.325,24.077],[73.323,24.07],[73.316,24.058],[73.316,24.053],[73.307,24.046],[73.3,24.047],[73.29,24.034],[73.289,24.027],[73.282,24.019],[73.27,24.021],[73.261,24.018],[73.249,24.003],[73.239,24.004],[73.237,24.012],[73.23,24.016],[73.23,24.022],[73.21,24.029],[73.209,24.034],[73.193,24.041],[73.201,24.05],[73.205,24.061],[73.214,24.078],[73.197,24.086],[73.183,24.09],[73.167,24.095],[73.165,24.096]],[[72.967,20.3],[72.953,20.315],[72.962,20.332],[72.977,20.331],[72.983,20.318],[72.974,20.311],[72.972,20.297],[72.967,20.3]]],[[[69.143,22.476],[69.127,22.475],[69.094,22.461],[69.094,22.446],[69.086,22.43],[69.104,22.433],[69.108,22.437],[69.109,22.452],[69.107,22.459],[69.115,22.467],[69.132,22.466],[69.146,22.462],[69.15,22.468],[69.143,22.476]]],[[[69.826,22.491],[69.826,22.501],[69.818,22.505],[69.795,22.497],[69.785,22.489],[69.801,22.477],[69.81,22.478],[69.812,22.483],[69.826,22.491]]],[[[68.54,23.347],[68.525,23.352],[68.506,23.341],[68.498,23.333],[68.5,23.322],[68.524,23.311],[68.515,23.297],[68.52,23.289],[68.528,23.291],[68.53,23.299],[68.527,23.31],[68.537,23.322],[68.551,23.326],[68.556,23.335],[68.552,23.349],[68.54,23.347]]],[[[69.971,22.57],[69.972,22.587],[69.964,22.586],[69.957,22.576],[69.948,22.574],[69.945,22.568],[69.95,22.56],[69.961,22.549],[69.967,22.546],[69.989,22.548],[70,22.555],[69.987,22.56],[69.98,22.573],[69.973,22.578],[69.971,22.57]]],[[[70.017,22.6],[70.014,22.601],[69.992,22.598],[69.986,22.589],[69.99,22.576],[69.999,22.563],[70.001,22.555],[70.011,22.556],[70.023,22.564],[70.033,22.573],[70.039,22.573],[70.037,22.588],[70.023,22.594],[70.017,22.6]]]]},"properties":{"ST_NM":"Gujarat","id":"gujarat"}},{"type":"Feature","geometry":{"type":"MultiPolygon","coordinates":[[[[73.054,8.273],[73.065,8.284],[73.06,8.29],[73.056,8.282],[73.039,8.272],[73.043,8.264],[73.054,8.273]]],[[[73.648,10.072],[73.637,10.067],[73.641,10.057],[73.648,10.061],[73.648,10.072]]],[[[72.644,10.578],[72.625,10.55],[72.636,10.557],[72.647,10.561],[72.651,10.569],[72.644,10.578]]],[[[73.668,10.818],[73.66,10.812],[73.664,10.806],[73.677,10.804],[73.7,10.812],[73.7,10.816],[73.668,10.818]]],[[[72.204,10.879],[72.195,10.871],[72.188,10.849],[72.2,10.864],[72.204,10.879]]],[[[72.72,11.114],[72.731,11.126],[72.731,11.137],[72.721,11.13],[72.717,11.124],[72.72,11.114]]],[[[72.762,11.183],[72.77,11.206],[72.776,11.214],[72.785,11.243],[72.79,11.256],[72.787,11.259],[72.78,11.243],[72.772,11.217],[72.764,11.193],[72.762,11.183]]],[[[73.008,11.47],[73.012,11.473],[73.01,11.487],[73.003,11.493],[73.008,11.47]]]]},"properties":{"ST_NM":"Lakshadweep","id":"lakshadweep"}},{"type":"Feature","geometry":{"type":"Polygon","coordinates":[[[84.765,19.077],[84.779,19.101],[84.794,19.122],[84.801,19.14],[84.809,19.154],[84.822,19.171],[84.848,19.201],[84.879,19.231],[84.914,19.262],[84.93,19.276],[84.949,19.292],[84.98,19.316],[85.031,19.347],[85.079,19.375],[85.093,19.391],[85.093,19.399],[85.104,19.413],[85.143,19.446],[85.173,19.467],[85.22,19.5],[85.223,19.503],[85.269,19.536],[85.307,19.562],[85.353,19.589],[85.408,19.618],[85.449,19.637],[85.498,19.657],[85.535,19.676],[85.601,19.708],[85.656,19.735],[85.673,19.741],[85.679,19.745],[85.714,19.757],[85.722,19.76],[85.75,19.769],[85.78,19.78],[85.803,19.788],[85.85,19.802],[85.905,19.818],[85.944,19.829],[85.963,19.833],[85.996,19.838],[86.058,19.85],[86.089,19.86],[86.137,19.872],[86.197,19.891],[86.23,19.902],[86.257,19.917],[86.276,19.927],[86.307,19.941],[86.324,19.946],[86.355,19.948],[86.391,19.957],[86.379,19.963],[86.389,19.973],[86.393,19.983],[86.409,19.995],[86.412,20.01],[86.425,20.036],[86.432,20.044],[86.435,20.053],[86.45,20.07],[86.476,20.097],[86.491,20.118],[86.502,20.136],[86.513,20.159],[86.52,20.17],[86.533,20.182],[86.55,20.194],[86.577,20.211],[86.596,20.225],[86.663,20.257],[86.674,20.26],[86.669,20.276],[86.681,20.271],[86.722,20.29],[86.745,20.306],[86.757,20.312],[86.771,20.324],[86.784,20.332],[86.775,20.335],[86.776,20.345],[86.804,20.367],[86.81,20.375],[86.808,20.395],[86.802,20.395],[86.797,20.382],[86.792,20.403],[86.798,20.422],[86.809,20.444],[86.81,20.456],[86.804,20.469],[86.797,20.46],[86.801,20.454],[86.799,20.44],[86.792,20.434],[86.792,20.412],[86.788,20.405],[86.79,20.396],[86.788,20.387],[86.775,20.393],[86.759,20.39],[86.749,20.38],[86.743,20.381],[86.745,20.391],[86.738,20.397],[86.733,20.395],[86.729,20.382],[86.725,20.378],[86.72,20.389],[86.713,20.393],[86.727,20.402],[86.731,20.411],[86.73,20.442],[86.736,20.461],[86.735,20.466],[86.725,20.475],[86.725,20.483],[86.733,20.483],[86.738,20.477],[86.749,20.474],[86.758,20.494],[86.752,20.516],[86.759,20.515],[86.765,20.504],[86.776,20.522],[86.789,20.534],[86.808,20.546],[86.823,20.558],[86.854,20.58],[86.861,20.586],[86.888,20.605],[86.931,20.631],[86.961,20.653],[86.978,20.662],[87.026,20.695],[87.034,20.703],[87.056,20.715],[87.05,20.726],[87.044,20.732],[87.039,20.744],[87.041,20.759],[87.022,20.77],[87.015,20.766],[87.006,20.77],[86.974,20.771],[86.964,20.767],[86.936,20.766],[86.919,20.767],[86.902,20.763],[86.895,20.764],[86.879,20.774],[86.855,20.774],[86.843,20.768],[86.828,20.756],[86.821,20.733],[86.811,20.731],[86.805,20.733],[86.812,20.753],[86.816,20.748],[86.824,20.758],[86.826,20.765],[86.864,20.782],[86.869,20.781],[86.882,20.786],[86.904,20.784],[86.908,20.793],[86.926,20.791],[86.94,20.793],[86.956,20.788],[86.972,20.794],[86.978,20.823],[86.979,20.85],[86.977,20.861],[86.961,20.887],[86.951,20.898],[86.946,20.915],[86.938,20.923],[86.932,20.936],[86.909,20.979],[86.903,20.997],[86.896,21.01],[86.873,21.045],[86.867,21.062],[86.862,21.071],[86.857,21.089],[86.852,21.095],[86.843,21.136],[86.841,21.158],[86.843,21.174],[86.85,21.196],[86.86,21.213],[86.863,21.223],[86.875,21.239],[86.891,21.255],[86.907,21.286],[86.921,21.308],[86.945,21.353],[86.964,21.374],[86.984,21.39],[87.039,21.42],[87.063,21.442],[87.065,21.446],[87.067,21.462],[87.086,21.46],[87.095,21.466],[87.11,21.484],[87.126,21.496],[87.148,21.509],[87.188,21.524],[87.202,21.531],[87.236,21.538],[87.265,21.54],[87.273,21.539],[87.317,21.542],[87.326,21.541],[87.359,21.542],[87.369,21.54],[87.385,21.533],[87.394,21.533],[87.393,21.543],[87.374,21.557],[87.371,21.564],[87.357,21.569],[87.344,21.57],[87.336,21.577],[87.345,21.581],[87.355,21.577],[87.371,21.576],[87.382,21.574],[87.392,21.565],[87.4,21.549],[87.408,21.546],[87.414,21.55],[87.425,21.573],[87.445,21.588],[87.466,21.599],[87.484,21.603],[87.486,21.61],[87.483,21.622],[87.486,21.631],[87.481,21.635],[87.473,21.652],[87.462,21.651],[87.462,21.663],[87.468,21.664],[87.467,21.679],[87.472,21.684],[87.473,21.697],[87.471,21.705],[87.473,21.713],[87.467,21.719],[87.464,21.732],[87.458,21.734],[87.444,21.753],[87.444,21.768],[87.407,21.769],[87.396,21.766],[87.387,21.776],[87.374,21.772],[87.367,21.781],[87.359,21.782],[87.355,21.791],[87.347,21.792],[87.338,21.784],[87.336,21.794],[87.33,21.79],[87.311,21.793],[87.31,21.799],[87.299,21.801],[87.298,21.811],[87.291,21.811],[87.286,21.804],[87.277,21.805],[87.275,21.817],[87.264,21.819],[87.271,21.828],[87.265,21.83],[87.265,21.839],[87.258,21.85],[87.249,21.854],[87.247,21.861],[87.252,21.875],[87.239,21.9],[87.243,21.913],[87.252,21.918],[87.255,21.927],[87.236,21.944],[87.236,21.957],[87.216,21.961],[87.211,21.965],[87.196,21.959],[87.177,21.97],[87.175,21.977],[87.163,21.969],[87.165,21.958],[87.161,21.953],[87.163,21.94],[87.137,21.924],[87.12,21.927],[87.109,21.923],[87.097,21.914],[87.091,21.899],[87.099,21.891],[87.096,21.882],[87.099,21.866],[87.074,21.867],[87.057,21.866],[87.04,21.867],[87.029,21.876],[87.023,21.893],[87.01,21.901],[87.002,21.913],[87.009,21.948],[87.018,21.961],[87.022,21.974],[87.03,21.984],[87.032,21.996],[87.023,22.021],[87.028,22.038],[87.017,22.047],[87.01,22.047],[86.993,22.055],[86.987,22.061],[86.972,22.073],[86.971,22.079],[86.96,22.088],[86.946,22.086],[86.938,22.09],[86.907,22.092],[86.862,22.102],[86.852,22.103],[86.846,22.096],[86.838,22.098],[86.837,22.104],[86.828,22.118],[86.82,22.115],[86.809,22.119],[86.813,22.127],[86.805,22.132],[86.804,22.15],[86.795,22.157],[86.789,22.153],[86.77,22.149],[86.739,22.149],[86.722,22.147],[86.72,22.165],[86.721,22.173],[86.718,22.182],[86.723,22.19],[86.721,22.201],[86.727,22.217],[86.72,22.22],[86.707,22.223],[86.702,22.22],[86.69,22.221],[86.68,22.225],[86.673,22.241],[86.668,22.242],[86.656,22.236],[86.652,22.241],[86.657,22.25],[86.651,22.263],[86.643,22.265],[86.636,22.273],[86.627,22.273],[86.613,22.282],[86.596,22.278],[86.585,22.301],[86.56,22.301],[86.553,22.299],[86.542,22.308],[86.534,22.302],[86.528,22.307],[86.526,22.315],[86.529,22.323],[86.51,22.327],[86.509,22.334],[86.499,22.346],[86.49,22.348],[86.486,22.337],[86.471,22.336],[86.464,22.325],[86.446,22.327],[86.446,22.308],[86.442,22.303],[86.432,22.307],[86.43,22.317],[86.411,22.32],[86.379,22.341],[86.368,22.344],[86.352,22.364],[86.343,22.372],[86.33,22.377],[86.323,22.385],[86.323,22.397],[86.308,22.409],[86.309,22.415],[86.304,22.422],[86.297,22.424],[86.29,22.434],[86.283,22.448],[86.269,22.442],[86.238,22.452],[86.226,22.453],[86.212,22.471],[86.197,22.472],[86.18,22.479],[86.15,22.483],[86.124,22.489],[86.118,22.487],[86.104,22.501],[86.089,22.529],[86.078,22.544],[86.07,22.55],[86.069,22.556],[86.051,22.563],[86.045,22.568],[86.032,22.555],[86.024,22.545],[86.034,22.534],[86.029,22.524],[86.023,22.528],[85.998,22.513],[85.99,22.517],[85.973,22.506],[85.972,22.492],[85.963,22.482],[85.96,22.461],[85.97,22.46],[85.968,22.451],[85.981,22.441],[85.986,22.435],[86.006,22.425],[86.014,22.429],[86.018,22.426],[86.023,22.398],[86.027,22.395],[86.029,22.386],[86.024,22.364],[86.014,22.352],[85.998,22.345],[86.006,22.335],[86.014,22.34],[86.029,22.334],[86.014,22.322],[86.017,22.313],[86.031,22.307],[86.043,22.312],[86.049,22.308],[86.028,22.302],[86.017,22.297],[86.009,22.288],[86.005,22.279],[85.988,22.267],[85.99,22.254],[85.974,22.247],[85.986,22.237],[85.992,22.226],[86.003,22.214],[86.016,22.207],[86.031,22.193],[86.03,22.188],[86.017,22.171],[86.015,22.161],[86.005,22.15],[86.003,22.14],[85.997,22.132],[86.009,22.118],[85.994,22.094],[85.988,22.088],[85.984,22.076],[85.976,22.071],[85.965,22.052],[85.944,22.02],[85.931,22.023],[85.914,21.996],[85.912,21.987],[85.914,21.98],[85.906,21.973],[85.901,21.983],[85.884,21.979],[85.852,21.983],[85.826,21.975],[85.821,21.983],[85.805,21.989],[85.784,21.984],[85.766,21.995],[85.761,22.008],[85.767,22.021],[85.783,22.031],[85.785,22.04],[85.777,22.056],[85.796,22.081],[85.815,22.074],[85.823,22.074],[85.838,22.08],[85.836,22.091],[85.817,22.099],[85.823,22.106],[85.807,22.116],[85.79,22.104],[85.787,22.099],[85.768,22.093],[85.757,22.084],[85.757,22.079],[85.73,22.065],[85.713,22.062],[85.71,22.059],[85.699,22.062],[85.69,22.061],[85.687,22.054],[85.679,22.056],[85.68,22.063],[85.674,22.067],[85.658,22.085],[85.656,22.093],[85.645,22.095],[85.64,22.089],[85.627,22.081],[85.599,22.078],[85.588,22.085],[85.574,22.09],[85.568,22.088],[85.563,22.095],[85.547,22.09],[85.541,22.098],[85.527,22.109],[85.512,22.117],[85.495,22.119],[85.485,22.127],[85.477,22.128],[85.464,22.139],[85.412,22.162],[85.397,22.163],[85.394,22.158],[85.385,22.156],[85.371,22.161],[85.36,22.144],[85.364,22.14],[85.359,22.124],[85.353,22.129],[85.323,22.127],[85.319,22.121],[85.311,22.119],[85.301,22.107],[85.281,22.09],[85.275,22.082],[85.273,22.074],[85.263,22.059],[85.26,22.047],[85.252,22.027],[85.239,22.009],[85.229,22.012],[85.222,22.018],[85.217,22.035],[85.22,22.039],[85.214,22.049],[85.197,22.056],[85.187,22.058],[85.182,22.072],[85.173,22.074],[85.168,22.068],[85.153,22.079],[85.145,22.08],[85.127,22.075],[85.122,22.071],[85.113,22.079],[85.114,22.083],[85.101,22.094],[85.1,22.104],[85.09,22.106],[85.055,22.116],[85.042,22.116],[85.029,22.109],[85.024,22.109],[85.015,22.101],[85.012,22.09],[85.002,22.084],[84.991,22.081],[84.984,22.086],[84.984,22.093],[84.984,22.095],[85.004,22.109],[85.025,22.118],[85.034,22.138],[85.035,22.146],[85.029,22.157],[85.03,22.162],[85.051,22.18],[85.054,22.185],[85.052,22.195],[85.066,22.222],[85.073,22.238],[85.07,22.243],[85.078,22.258],[85.071,22.27],[85.072,22.276],[85.091,22.289],[85.107,22.296],[85.117,22.295],[85.116,22.308],[85.118,22.318],[85.108,22.321],[85.094,22.315],[85.089,22.32],[85.096,22.345],[85.083,22.345],[85.077,22.356],[85.08,22.37],[85.086,22.381],[85.088,22.388],[85.083,22.406],[85.077,22.418],[85.066,22.43],[85.067,22.44],[85.06,22.449],[85.064,22.455],[85.077,22.464],[85.078,22.477],[85.057,22.486],[85.051,22.482],[85.037,22.481],[85.031,22.473],[85.02,22.472],[84.971,22.452],[84.963,22.45],[84.954,22.459],[84.944,22.454],[84.938,22.446],[84.922,22.444],[84.926,22.435],[84.909,22.423],[84.886,22.42],[84.889,22.428],[84.88,22.449],[84.866,22.44],[84.836,22.432],[84.818,22.437],[84.817,22.444],[84.81,22.453],[84.803,22.448],[84.794,22.447],[84.759,22.447],[84.753,22.434],[84.75,22.419],[84.718,22.42],[84.699,22.416],[84.676,22.421],[84.667,22.42],[84.638,22.432],[84.629,22.435],[84.622,22.432],[84.603,22.429],[84.594,22.43],[84.568,22.428],[84.548,22.422],[84.546,22.425],[84.53,22.426],[84.525,22.42],[84.503,22.42],[84.487,22.414],[84.481,22.414],[84.475,22.408],[84.479,22.394],[84.477,22.387],[84.461,22.379],[84.453,22.382],[84.438,22.377],[84.429,22.371],[84.43,22.353],[84.423,22.354],[84.4,22.346],[84.394,22.349],[84.383,22.349],[84.377,22.353],[84.367,22.353],[84.366,22.348],[84.338,22.347],[84.317,22.342],[84.311,22.345],[84.291,22.343],[84.29,22.347],[84.279,22.349],[84.269,22.355],[84.256,22.374],[84.25,22.379],[84.237,22.38],[84.214,22.378],[84.197,22.378],[84.185,22.39],[84.166,22.4],[84.154,22.411],[84.152,22.413],[84.141,22.426],[84.139,22.449],[84.143,22.457],[84.142,22.472],[84.134,22.478],[84.113,22.477],[84.107,22.484],[84.09,22.49],[84.075,22.499],[84.076,22.506],[84.065,22.508],[84.058,22.516],[84.04,22.516],[84.028,22.52],[84.026,22.526],[84.012,22.524],[84.009,22.526],[84.004,22.532],[83.982,22.523],[83.981,22.516],[83.975,22.512],[83.985,22.5],[83.998,22.498],[84.003,22.493],[84.019,22.488],[84.027,22.475],[84.041,22.473],[84.047,22.469],[84.046,22.463],[84.047,22.437],[84.039,22.43],[84.031,22.427],[84.014,22.397],[84.005,22.374],[83.983,22.367],[83.971,22.359],[83.957,22.363],[83.944,22.355],[83.933,22.354],[83.923,22.358],[83.907,22.351],[83.897,22.338],[83.879,22.335],[83.866,22.343],[83.854,22.336],[83.852,22.328],[83.836,22.323],[83.83,22.323],[83.821,22.312],[83.826,22.305],[83.823,22.301],[83.825,22.292],[83.803,22.29],[83.795,22.286],[83.791,22.276],[83.78,22.274],[83.773,22.256],[83.76,22.251],[83.758,22.24],[83.743,22.24],[83.73,22.243],[83.712,22.243],[83.706,22.247],[83.692,22.243],[83.666,22.233],[83.655,22.22],[83.65,22.223],[83.628,22.204],[83.613,22.178],[83.608,22.154],[83.594,22.14],[83.583,22.124],[83.576,22.121],[83.563,22.103],[83.563,22.095],[83.575,22.091],[83.594,22.073],[83.607,22.067],[83.602,22.059],[83.59,22.055],[83.55,22.054],[83.545,22.058],[83.537,22.044],[83.536,22.031],[83.54,22.02],[83.556,22.007],[83.544,21.995],[83.544,21.988],[83.537,21.978],[83.542,21.962],[83.562,21.948],[83.557,21.935],[83.59,21.93],[83.606,21.914],[83.603,21.909],[83.586,21.903],[83.586,21.893],[83.578,21.888],[83.574,21.875],[83.591,21.851],[83.588,21.845],[83.576,21.831],[83.553,21.841],[83.542,21.839],[83.532,21.832],[83.533,21.825],[83.541,21.821],[83.539,21.812],[83.544,21.805],[83.542,21.798],[83.526,21.798],[83.507,21.807],[83.493,21.818],[83.488,21.807],[83.488,21.797],[83.483,21.792],[83.469,21.787],[83.477,21.778],[83.482,21.766],[83.476,21.753],[83.489,21.748],[83.475,21.72],[83.462,21.708],[83.461,21.698],[83.454,21.695],[83.433,21.7],[83.423,21.69],[83.418,21.68],[83.429,21.676],[83.446,21.658],[83.47,21.648],[83.487,21.643],[83.492,21.638],[83.487,21.63],[83.474,21.632],[83.466,21.61],[83.461,21.608],[83.452,21.613],[83.453,21.622],[83.444,21.624],[83.445,21.642],[83.451,21.651],[83.443,21.655],[83.429,21.647],[83.424,21.642],[83.416,21.641],[83.404,21.631],[83.393,21.627],[83.38,21.608],[83.37,21.6],[83.369,21.585],[83.365,21.576],[83.372,21.563],[83.366,21.547],[83.358,21.538],[83.357,21.528],[83.349,21.512],[83.338,21.502],[83.346,21.491],[83.345,21.479],[83.354,21.448],[83.373,21.443],[83.372,21.437],[83.375,21.428],[83.385,21.415],[83.399,21.405],[83.397,21.39],[83.4,21.377],[83.397,21.366],[83.408,21.36],[83.407,21.352],[83.4,21.346],[83.39,21.343],[83.38,21.345],[83.348,21.356],[83.345,21.358],[83.323,21.362],[83.312,21.37],[83.286,21.378],[83.274,21.377],[83.275,21.364],[83.268,21.345],[83.259,21.338],[83.263,21.33],[83.258,21.321],[83.262,21.308],[83.274,21.301],[83.279,21.295],[83.268,21.277],[83.256,21.282],[83.246,21.281],[83.238,21.27],[83.23,21.272],[83.222,21.266],[83.218,21.256],[83.222,21.232],[83.218,21.226],[83.217,21.213],[83.211,21.205],[83.215,21.195],[83.209,21.189],[83.199,21.164],[83.197,21.152],[83.198,21.145],[83.192,21.139],[83.178,21.135],[83.168,21.139],[83.157,21.13],[83.139,21.109],[83.131,21.106],[83.114,21.113],[83.101,21.11],[83.094,21.113],[83.078,21.112],[83.066,21.121],[83.045,21.124],[83.039,21.132],[83.023,21.137],[83.02,21.143],[83.012,21.145],[83.005,21.137],[82.99,21.14],[82.986,21.15],[83.001,21.17],[82.986,21.168],[82.986,21.176],[82.978,21.182],[82.968,21.183],[82.965,21.193],[82.947,21.182],[82.943,21.171],[82.948,21.164],[82.942,21.161],[82.934,21.164],[82.915,21.162],[82.901,21.166],[82.894,21.156],[82.882,21.148],[82.868,21.16],[82.85,21.161],[82.852,21.168],[82.842,21.167],[82.812,21.161],[82.8,21.156],[82.794,21.143],[82.786,21.145],[82.768,21.159],[82.756,21.167],[82.741,21.163],[82.721,21.166],[82.716,21.16],[82.699,21.159],[82.697,21.164],[82.686,21.165],[82.684,21.161],[82.663,21.155],[82.656,21.157],[82.64,21.154],[82.637,21.148],[82.643,21.136],[82.652,21.133],[82.652,21.127],[82.64,21.117],[82.65,21.106],[82.637,21.093],[82.634,21.082],[82.629,21.077],[82.614,21.078],[82.612,21.068],[82.619,21.054],[82.626,21.049],[82.63,21.04],[82.614,21.023],[82.609,21.009],[82.587,20.988],[82.581,20.978],[82.574,20.973],[82.56,20.947],[82.544,20.935],[82.531,20.934],[82.524,20.929],[82.517,20.921],[82.508,20.919],[82.488,20.909],[82.492,20.878],[82.487,20.869],[82.488,20.862],[82.481,20.85],[82.468,20.847],[82.466,20.84],[82.47,20.834],[82.465,20.828],[82.455,20.827],[82.444,20.83],[82.44,20.834],[82.428,20.83],[82.42,20.835],[82.411,20.844],[82.414,20.849],[82.408,20.858],[82.406,20.869],[82.396,20.869],[82.386,20.873],[82.377,20.867],[82.36,20.873],[82.365,20.887],[82.352,20.889],[82.347,20.88],[82.344,20.856],[82.34,20.847],[82.342,20.838],[82.339,20.825],[82.342,20.804],[82.347,20.797],[82.345,20.791],[82.345,20.77],[82.343,20.767],[82.353,20.736],[82.346,20.732],[82.355,20.718],[82.351,20.706],[82.355,20.693],[82.362,20.681],[82.368,20.679],[82.374,20.667],[82.369,20.66],[82.369,20.649],[82.377,20.632],[82.364,20.622],[82.363,20.61],[82.355,20.609],[82.347,20.602],[82.344,20.596],[82.351,20.581],[82.342,20.571],[82.334,20.569],[82.332,20.562],[82.337,20.554],[82.349,20.546],[82.359,20.528],[82.372,20.522],[82.389,20.517],[82.388,20.497],[82.398,20.473],[82.398,20.46],[82.405,20.459],[82.41,20.463],[82.419,20.48],[82.427,20.469],[82.426,20.445],[82.434,20.444],[82.438,20.434],[82.43,20.428],[82.432,20.417],[82.417,20.408],[82.421,20.393],[82.418,20.382],[82.411,20.371],[82.406,20.353],[82.4,20.339],[82.414,20.327],[82.423,20.322],[82.431,20.313],[82.43,20.301],[82.438,20.295],[82.436,20.286],[82.425,20.275],[82.416,20.272],[82.411,20.26],[82.421,20.247],[82.411,20.245],[82.415,20.227],[82.423,20.219],[82.421,20.203],[82.415,20.199],[82.412,20.18],[82.396,20.169],[82.391,20.162],[82.395,20.151],[82.387,20.144],[82.394,20.136],[82.399,20.122],[82.399,20.1],[82.402,20.096],[82.402,20.079],[82.397,20.067],[82.401,20.055],[82.41,20.05],[82.432,20.048],[82.451,20.039],[82.462,20.04],[82.471,20.034],[82.48,20.037],[82.495,20.023],[82.51,20.017],[82.534,20.014],[82.535,20.016],[82.551,20.016],[82.571,20.009],[82.584,20.002],[82.591,19.992],[82.609,19.989],[82.624,19.992],[82.634,20.003],[82.644,20.002],[82.653,20.004],[82.669,20],[82.71,19.997],[82.718,19.989],[82.717,19.965],[82.716,19.953],[82.72,19.948],[82.713,19.938],[82.711,19.926],[82.712,19.917],[82.707,19.913],[82.707,19.902],[82.714,19.878],[82.725,19.876],[82.72,19.867],[82.718,19.854],[82.704,19.832],[82.693,19.83],[82.678,19.832],[82.664,19.831],[82.652,19.832],[82.647,19.819],[82.637,19.813],[82.633,19.801],[82.627,19.794],[82.603,19.788],[82.602,19.781],[82.594,19.775],[82.583,19.779],[82.583,19.795],[82.585,19.802],[82.576,19.815],[82.579,19.823],[82.576,19.833],[82.588,19.849],[82.597,19.855],[82.604,19.866],[82.596,19.873],[82.582,19.87],[82.571,19.878],[82.562,19.874],[82.557,19.881],[82.55,19.876],[82.535,19.887],[82.531,19.878],[82.523,19.884],[82.518,19.891],[82.512,19.888],[82.505,19.891],[82.502,19.902],[82.489,19.904],[82.485,19.908],[82.473,19.907],[82.472,19.901],[82.464,19.901],[82.451,19.909],[82.438,19.906],[82.418,19.904],[82.402,19.89],[82.394,19.887],[82.392,19.882],[82.374,19.86],[82.361,19.863],[82.362,19.853],[82.345,19.836],[82.331,19.846],[82.326,19.862],[82.304,19.889],[82.301,19.905],[82.294,19.917],[82.275,19.951],[82.275,19.963],[82.269,19.975],[82.259,19.982],[82.237,20.004],[82.216,19.997],[82.21,19.986],[82.188,19.986],[82.18,19.991],[82.172,20.005],[82.161,20.009],[82.153,20.008],[82.14,20.019],[82.128,20.014],[82.103,20.031],[82.102,20.04],[82.089,20.039],[82.085,20.051],[82.07,20.057],[82.064,20.055],[82.059,20.045],[82.043,20.035],[82.04,20.024],[82.033,20.016],[82.022,20.024],[82.023,20.032],[82.018,20.049],[82.012,20.054],[81.995,20.054],[81.987,20.063],[81.984,20.073],[81.973,20.084],[81.963,20.09],[81.958,20.098],[81.946,20.105],[81.937,20.102],[81.926,20.092],[81.916,20.072],[81.901,20.058],[81.897,20.05],[81.882,20.044],[81.876,20.052],[81.869,20.04],[81.865,20.027],[81.867,20.012],[81.861,20.004],[81.855,19.972],[81.845,19.96],[81.845,19.952],[81.857,19.948],[81.852,19.923],[81.853,19.918],[81.87,19.903],[81.906,19.884],[81.941,19.873],[81.968,19.86],[81.965,19.837],[81.983,19.809],[81.986,19.801],[81.995,19.797],[82.009,19.804],[82.039,19.797],[82.049,19.797],[82.054,19.792],[82.06,19.796],[82.066,19.791],[82.066,19.783],[82.06,19.767],[82.063,19.758],[82.056,19.753],[82.05,19.742],[82.051,19.717],[82.045,19.709],[82.045,19.701],[82.052,19.68],[82.055,19.666],[82.052,19.661],[82.055,19.654],[82.052,19.647],[82.057,19.639],[82.059,19.628],[82.051,19.617],[82.04,19.597],[82.04,19.591],[82.049,19.568],[82.045,19.557],[82.051,19.549],[82.048,19.535],[82.037,19.528],[82.037,19.52],[82.029,19.508],[82.051,19.508],[82.066,19.511],[82.076,19.524],[82.1,19.517],[82.098,19.499],[82.108,19.494],[82.108,19.48],[82.103,19.466],[82.113,19.461],[82.114,19.448],[82.123,19.434],[82.127,19.431],[82.161,19.436],[82.178,19.437],[82.186,19.427],[82.189,19.415],[82.183,19.412],[82.184,19.401],[82.179,19.38],[82.172,19.373],[82.153,19.377],[82.147,19.365],[82.148,19.357],[82.154,19.35],[82.166,19.349],[82.179,19.343],[82.188,19.335],[82.188,19.334],[82.19,19.327],[82.181,19.323],[82.177,19.3],[82.166,19.288],[82.158,19.265],[82.158,19.228],[82.169,19.213],[82.162,19.202],[82.169,19.195],[82.181,19.191],[82.175,19.182],[82.186,19.166],[82.183,19.16],[82.173,19.163],[82.168,19.136],[82.17,19.12],[82.177,19.118],[82.183,19.131],[82.191,19.129],[82.198,19.122],[82.206,19.124],[82.203,19.108],[82.21,19.1],[82.219,19.095],[82.212,19.082],[82.205,19.076],[82.202,19.067],[82.206,19.06],[82.23,19.027],[82.233,19.018],[82.239,18.961],[82.246,18.919],[82.24,18.915],[82.217,18.922],[82.192,18.908],[82.181,18.907],[82.175,18.901],[82.177,18.887],[82.169,18.882],[82.165,18.865],[82.16,18.861],[82.167,18.853],[82.166,18.844],[82.169,18.836],[82.16,18.82],[82.161,18.811],[82.157,18.804],[82.165,18.802],[82.156,18.785],[82.134,18.777],[82.13,18.767],[82.121,18.77],[82.111,18.766],[82.089,18.76],[82.094,18.747],[82.086,18.728],[82.085,18.719],[82.067,18.726],[82.064,18.719],[82.053,18.724],[82.04,18.724],[82.017,18.72],[82.011,18.714],[82.006,18.715],[81.995,18.705],[81.989,18.705],[81.965,18.693],[81.962,18.687],[81.969,18.673],[81.957,18.667],[81.949,18.644],[81.937,18.645],[81.922,18.643],[81.913,18.653],[81.902,18.661],[81.894,18.658],[81.898,18.651],[81.894,18.643],[81.899,18.636],[81.896,18.629],[81.909,18.628],[81.931,18.618],[81.935,18.607],[81.945,18.601],[81.951,18.601],[81.963,18.595],[81.956,18.584],[81.95,18.57],[81.938,18.567],[81.926,18.567],[81.921,18.573],[81.911,18.571],[81.906,18.561],[81.909,18.553],[81.906,18.545],[81.909,18.538],[81.897,18.535],[81.889,18.538],[81.88,18.525],[81.868,18.525],[81.857,18.507],[81.857,18.494],[81.84,18.477],[81.794,18.44],[81.769,18.418],[81.75,18.354],[81.744,18.352],[81.66,18.347],[81.65,18.34],[81.65,18.336],[81.662,18.325],[81.645,18.318],[81.628,18.314],[81.613,18.307],[81.601,18.31],[81.585,18.296],[81.573,18.283],[81.564,18.275],[81.552,18.27],[81.541,18.27],[81.531,18.265],[81.525,18.256],[81.53,18.24],[81.516,18.214],[81.514,18.202],[81.507,18.186],[81.517,18.176],[81.526,18.16],[81.526,18.153],[81.519,18.149],[81.513,18.136],[81.515,18.125],[81.514,18.101],[81.498,18.076],[81.497,18.071],[81.481,18.053],[81.481,18.051],[81.48,18.041],[81.483,18.026],[81.482,18.016],[81.478,17.99],[81.482,17.976],[81.476,17.969],[81.471,17.96],[81.459,17.952],[81.453,17.937],[81.449,17.932],[81.453,17.914],[81.452,17.904],[81.447,17.899],[81.448,17.889],[81.442,17.883],[81.434,17.881],[81.414,17.894],[81.401,17.894],[81.395,17.883],[81.394,17.868],[81.402,17.857],[81.403,17.85],[81.389,17.83],[81.388,17.824],[81.396,17.82],[81.403,17.822],[81.419,17.815],[81.427,17.823],[81.432,17.831],[81.438,17.832],[81.443,17.826],[81.462,17.83],[81.471,17.837],[81.479,17.838],[81.489,17.814],[81.5,17.817],[81.518,17.818],[81.53,17.825],[81.538,17.823],[81.546,17.826],[81.564,17.827],[81.573,17.839],[81.595,17.835],[81.608,17.827],[81.619,17.824],[81.624,17.835],[81.631,17.833],[81.641,17.84],[81.652,17.856],[81.654,17.868],[81.662,17.882],[81.676,17.89],[81.687,17.886],[81.696,17.9],[81.705,17.896],[81.703,17.89],[81.71,17.874],[81.726,17.879],[81.748,17.893],[81.748,17.9],[81.766,17.912],[81.769,17.918],[81.776,17.918],[81.788,17.926],[81.793,17.938],[81.808,17.956],[81.819,17.957],[81.831,17.964],[81.841,17.962],[81.88,17.973],[81.893,17.981],[81.905,17.982],[81.908,17.988],[81.917,17.995],[81.938,17.996],[81.947,18],[81.957,17.999],[81.963,18.002],[81.981,18.019],[81.991,18.022],[81.993,18.028],[82.006,18.03],[82.01,18.036],[82.005,18.046],[82.007,18.058],[82.019,18.064],[82.035,18.068],[82.04,18.058],[82.049,18.059],[82.065,18.057],[82.069,18.07],[82.075,18.076],[82.086,18.07],[82.094,18.068],[82.102,18.061],[82.119,18.065],[82.123,18.06],[82.133,18.06],[82.136,18.045],[82.145,18.053],[82.147,18.052],[82.152,18.049],[82.167,18.053],[82.183,18.029],[82.177,18.021],[82.187,18.016],[82.204,18.019],[82.204,18.015],[82.222,18.002],[82.236,18.003],[82.244,17.994],[82.265,17.996],[82.272,18.019],[82.267,18.035],[82.26,18.042],[82.267,18.046],[82.271,18.058],[82.29,18.07],[82.298,18.07],[82.297,18.057],[82.304,18.056],[82.306,18.047],[82.32,18.048],[82.318,18.058],[82.329,18.058],[82.333,18.052],[82.342,18.059],[82.346,18.071],[82.348,18.089],[82.345,18.099],[82.337,18.1],[82.334,18.107],[82.333,18.128],[82.34,18.137],[82.339,18.151],[82.355,18.143],[82.36,18.136],[82.366,18.138],[82.371,18.149],[82.352,18.172],[82.336,18.173],[82.314,18.185],[82.309,18.205],[82.323,18.211],[82.33,18.226],[82.323,18.232],[82.325,18.237],[82.335,18.242],[82.332,18.254],[82.338,18.263],[82.339,18.273],[82.343,18.281],[82.357,18.282],[82.364,18.278],[82.373,18.282],[82.391,18.299],[82.39,18.311],[82.393,18.317],[82.391,18.327],[82.383,18.33],[82.374,18.329],[82.362,18.319],[82.348,18.317],[82.338,18.324],[82.361,18.345],[82.363,18.353],[82.383,18.367],[82.384,18.378],[82.38,18.39],[82.378,18.405],[82.373,18.408],[82.363,18.422],[82.381,18.435],[82.385,18.446],[82.394,18.45],[82.402,18.465],[82.413,18.475],[82.427,18.484],[82.433,18.493],[82.432,18.498],[82.441,18.509],[82.443,18.52],[82.454,18.522],[82.457,18.528],[82.472,18.543],[82.481,18.549],[82.49,18.548],[82.489,18.543],[82.48,18.541],[82.492,18.525],[82.504,18.514],[82.511,18.519],[82.526,18.516],[82.532,18.51],[82.526,18.496],[82.532,18.492],[82.528,18.481],[82.531,18.473],[82.519,18.467],[82.527,18.46],[82.533,18.459],[82.537,18.446],[82.548,18.454],[82.555,18.455],[82.561,18.449],[82.558,18.44],[82.541,18.422],[82.543,18.414],[82.535,18.407],[82.541,18.4],[82.552,18.398],[82.561,18.401],[82.57,18.395],[82.576,18.396],[82.583,18.388],[82.587,18.392],[82.595,18.389],[82.599,18.38],[82.605,18.382],[82.607,18.365],[82.62,18.361],[82.614,18.351],[82.602,18.352],[82.603,18.343],[82.61,18.333],[82.602,18.326],[82.592,18.329],[82.587,18.319],[82.58,18.315],[82.583,18.309],[82.594,18.311],[82.597,18.304],[82.593,18.299],[82.59,18.281],[82.595,18.275],[82.597,18.265],[82.615,18.257],[82.619,18.25],[82.63,18.24],[82.637,18.238],[82.647,18.246],[82.649,18.252],[82.646,18.262],[82.641,18.265],[82.65,18.281],[82.642,18.289],[82.64,18.302],[82.652,18.302],[82.655,18.297],[82.667,18.3],[82.675,18.307],[82.68,18.304],[82.7,18.311],[82.713,18.323],[82.723,18.325],[82.732,18.321],[82.741,18.331],[82.753,18.331],[82.758,18.34],[82.769,18.338],[82.776,18.352],[82.789,18.364],[82.783,18.384],[82.792,18.387],[82.79,18.397],[82.798,18.407],[82.785,18.411],[82.786,18.42],[82.781,18.423],[82.78,18.432],[82.787,18.436],[82.801,18.45],[82.814,18.452],[82.846,18.434],[82.848,18.425],[82.855,18.426],[82.87,18.419],[82.889,18.425],[82.895,18.424],[82.898,18.403],[82.892,18.392],[82.894,18.382],[82.902,18.374],[82.92,18.376],[82.924,18.369],[82.938,18.362],[82.952,18.362],[82.958,18.367],[82.965,18.36],[82.975,18.364],[82.985,18.378],[82.996,18.387],[83.005,18.384],[83.02,18.392],[83.03,18.384],[83.041,18.38],[83.053,18.381],[83.075,18.404],[83.062,18.41],[83.056,18.42],[83.065,18.425],[83.065,18.431],[83.059,18.437],[83.051,18.434],[83.041,18.427],[83.036,18.435],[83.039,18.442],[83.031,18.449],[83.022,18.451],[83.019,18.457],[83.029,18.467],[83.036,18.47],[83.053,18.487],[83.053,18.497],[83.062,18.503],[83.073,18.516],[83.077,18.529],[83.082,18.532],[83.093,18.549],[83.087,18.554],[83.071,18.55],[83.062,18.542],[83.044,18.545],[83.028,18.575],[83.031,18.58],[83.041,18.588],[83.051,18.589],[83.051,18.6],[83.044,18.6],[83.024,18.59],[83.012,18.596],[83.013,18.606],[82.999,18.609],[82.999,18.621],[83.018,18.636],[83.011,18.647],[83.023,18.655],[83.043,18.66],[83.056,18.666],[83.061,18.685],[83.073,18.702],[83.071,18.706],[83.1,18.734],[83.106,18.748],[83.111,18.754],[83.122,18.761],[83.115,18.77],[83.137,18.786],[83.15,18.777],[83.159,18.768],[83.177,18.771],[83.191,18.754],[83.205,18.752],[83.21,18.74],[83.223,18.752],[83.226,18.762],[83.222,18.77],[83.223,18.776],[83.236,18.774],[83.241,18.769],[83.261,18.771],[83.269,18.765],[83.28,18.776],[83.274,18.784],[83.281,18.797],[83.295,18.802],[83.307,18.81],[83.317,18.806],[83.329,18.807],[83.326,18.819],[83.336,18.825],[83.346,18.828],[83.366,18.845],[83.377,18.832],[83.404,18.845],[83.402,18.859],[83.413,18.874],[83.402,18.877],[83.39,18.883],[83.39,18.888],[83.38,18.893],[83.376,18.898],[83.383,18.905],[83.377,18.91],[83.367,18.909],[83.357,18.918],[83.352,18.929],[83.351,18.944],[83.359,18.942],[83.369,18.947],[83.364,18.958],[83.367,18.962],[83.354,18.967],[83.348,18.96],[83.35,18.943],[83.344,18.941],[83.348,18.926],[83.335,18.925],[83.325,18.933],[83.325,18.946],[83.335,18.947],[83.332,18.956],[83.332,18.966],[83.319,18.972],[83.309,19],[83.325,19.003],[83.336,18.999],[83.335,19.007],[83.341,19.019],[83.356,19.02],[83.364,19.018],[83.365,19.007],[83.371,19.003],[83.382,19.002],[83.399,19.01],[83.408,19.004],[83.42,19],[83.416,18.99],[83.426,18.985],[83.429,18.98],[83.439,18.976],[83.446,18.966],[83.446,18.958],[83.46,18.956],[83.468,18.97],[83.466,18.992],[83.453,18.992],[83.449,19.005],[83.45,19.014],[83.462,19.013],[83.477,19.009],[83.481,19.016],[83.477,19.023],[83.481,19.035],[83.469,19.044],[83.466,19.064],[83.46,19.065],[83.465,19.089],[83.472,19.096],[83.48,19.094],[83.481,19.078],[83.489,19.073],[83.496,19.064],[83.509,19.071],[83.516,19.057],[83.514,19.048],[83.518,19.04],[83.517,19.031],[83.5,19.036],[83.496,19.032],[83.501,19.021],[83.514,19.018],[83.521,19.013],[83.536,19.014],[83.54,19.031],[83.54,19.042],[83.545,19.045],[83.554,19.064],[83.547,19.079],[83.552,19.087],[83.561,19.086],[83.567,19.072],[83.56,19.064],[83.563,19.06],[83.573,19.062],[83.583,19.059],[83.585,19.069],[83.583,19.085],[83.591,19.094],[83.609,19.097],[83.607,19.104],[83.596,19.121],[83.6,19.136],[83.606,19.141],[83.614,19.138],[83.62,19.148],[83.626,19.152],[83.624,19.163],[83.634,19.159],[83.638,19.153],[83.632,19.141],[83.637,19.133],[83.655,19.129],[83.65,19.123],[83.651,19.11],[83.656,19.109],[83.664,19.093],[83.66,19.084],[83.664,19.076],[83.675,19.071],[83.677,19.065],[83.685,19.058],[83.691,19.047],[83.694,19.037],[83.7,19.025],[83.714,19.025],[83.723,19.022],[83.728,19.016],[83.724,19.011],[83.71,19.007],[83.71,19.002],[83.716,18.994],[83.733,18.988],[83.735,18.969],[83.742,18.948],[83.747,18.943],[83.753,18.926],[83.761,18.928],[83.767,18.915],[83.776,18.912],[83.786,18.917],[83.782,18.935],[83.771,18.945],[83.768,18.955],[83.76,18.951],[83.753,18.963],[83.753,18.972],[83.746,18.975],[83.743,18.987],[83.746,18.997],[83.77,19.009],[83.78,19.01],[83.782,19.019],[83.793,19.019],[83.792,19.009],[83.795,19.002],[83.809,18.992],[83.811,18.985],[83.822,18.96],[83.819,18.947],[83.82,18.939],[83.828,18.932],[83.827,18.916],[83.837,18.919],[83.846,18.913],[83.849,18.9],[83.844,18.876],[83.851,18.859],[83.871,18.849],[83.886,18.832],[83.895,18.817],[83.903,18.828],[83.924,18.823],[83.93,18.817],[83.936,18.819],[83.942,18.815],[83.942,18.809],[83.953,18.807],[83.958,18.814],[83.971,18.816],[83.983,18.812],[83.991,18.815],[84.001,18.81],[84.015,18.817],[84.031,18.813],[84.036,18.817],[84.044,18.814],[84.042,18.807],[84.049,18.8],[84.059,18.8],[84.057,18.789],[84.074,18.776],[84.076,18.768],[84.083,18.767],[84.092,18.76],[84.101,18.761],[84.112,18.768],[84.12,18.769],[84.13,18.762],[84.136,18.763],[84.138,18.778],[84.167,18.789],[84.174,18.781],[84.191,18.783],[84.193,18.793],[84.211,18.791],[84.224,18.8],[84.239,18.798],[84.241,18.79],[84.251,18.789],[84.258,18.784],[84.266,18.785],[84.284,18.793],[84.287,18.805],[84.303,18.799],[84.319,18.788],[84.326,18.801],[84.335,18.799],[84.34,18.809],[84.332,18.816],[84.333,18.821],[84.348,18.821],[84.351,18.833],[84.358,18.833],[84.363,18.84],[84.345,18.849],[84.333,18.86],[84.326,18.876],[84.337,18.89],[84.354,18.87],[84.36,18.862],[84.375,18.866],[84.377,18.873],[84.364,18.887],[84.372,18.888],[84.379,18.883],[84.384,18.887],[84.39,18.88],[84.396,18.885],[84.394,18.894],[84.383,18.902],[84.391,18.906],[84.398,18.897],[84.416,18.898],[84.42,18.907],[84.427,18.911],[84.429,18.918],[84.437,18.924],[84.435,18.934],[84.429,18.937],[84.422,18.948],[84.43,18.96],[84.429,18.97],[84.443,18.974],[84.45,18.979],[84.442,18.986],[84.441,18.993],[84.43,18.996],[84.43,19.014],[84.439,19.005],[84.448,19.004],[84.468,18.993],[84.476,18.992],[84.481,19.006],[84.481,19.017],[84.486,19.02],[84.495,19.032],[84.501,19.034],[84.51,19.041],[84.514,19.049],[84.523,19.048],[84.541,19.056],[84.554,19.058],[84.567,19.071],[84.575,19.069],[84.579,19.054],[84.576,19.045],[84.58,19.031],[84.592,19.023],[84.599,19.026],[84.6,19.033],[84.61,19.051],[84.611,19.057],[84.619,19.057],[84.616,19.067],[84.626,19.067],[84.635,19.061],[84.64,19.068],[84.652,19.068],[84.658,19.064],[84.661,19.075],[84.661,19.089],[84.646,19.097],[84.627,19.086],[84.622,19.089],[84.623,19.1],[84.607,19.102],[84.601,19.128],[84.606,19.13],[84.629,19.128],[84.642,19.135],[84.653,19.13],[84.665,19.133],[84.668,19.139],[84.669,19.167],[84.679,19.166],[84.682,19.161],[84.691,19.162],[84.709,19.16],[84.713,19.154],[84.696,19.127],[84.701,19.118],[84.706,19.117],[84.744,19.09],[84.751,19.083],[84.765,19.077]]]},"properties":{"ST_NM":"Odisha","id":"odisha"}},{"type":"Feature","geometry":{"type":"MultiPolygon","coordinates":[[[[73.211,20.12],[73.204,20.119],[73.198,20.126],[73.189,20.128],[73.186,20.137],[73.186,20.156],[73.191,20.163],[73.206,20.163],[73.215,20.17],[73.218,20.186],[73.203,20.19],[73.199,20.194],[73.182,20.194],[73.172,20.198],[73.169,20.208],[73.157,20.198],[73.133,20.206],[73.133,20.192],[73.142,20.177],[73.136,20.17],[73.129,20.173],[73.119,20.167],[73.114,20.152],[73.107,20.158],[73.1,20.156],[73.091,20.16],[73.087,20.17],[73.08,20.173],[73.073,20.155],[73.06,20.162],[73.063,20.17],[73.062,20.184],[73.06,20.194],[73.049,20.2],[73.054,20.205],[73.06,20.223],[73.071,20.23],[73.085,20.228],[73.088,20.225],[73.098,20.228],[73.098,20.229],[73.097,20.236],[73.115,20.257],[73.127,20.259],[73.131,20.268],[73.142,20.274],[73.145,20.285],[73.152,20.291],[73.158,20.28],[73.166,20.283],[73.164,20.298],[73.166,20.309],[73.159,20.308],[73.151,20.317],[73.129,20.317],[73.124,20.304],[73.117,20.305],[73.101,20.303],[73.109,20.324],[73.109,20.333],[73.105,20.35],[73.097,20.36],[73.09,20.358],[73.091,20.345],[73.085,20.331],[73.077,20.323],[73.067,20.329],[73.048,20.324],[73.043,20.325],[73.038,20.317],[73.036,20.292],[73.024,20.291],[73.016,20.294],[73.017,20.31],[73.008,20.312],[73.012,20.3],[73.006,20.289],[72.994,20.292],[72.985,20.288],[72.982,20.277],[72.973,20.27],[72.963,20.271],[72.955,20.284],[72.942,20.293],[72.931,20.295],[72.929,20.288],[72.917,20.281],[72.912,20.269],[72.924,20.255],[72.931,20.243],[72.937,20.243],[72.954,20.237],[72.966,20.222],[72.966,20.221],[72.966,20.219],[72.965,20.212],[72.963,20.209],[72.962,20.209],[72.961,20.209],[72.961,20.208],[72.96,20.2],[72.962,20.184],[72.977,20.181],[72.974,20.172],[72.974,20.158],[72.964,20.143],[72.96,20.134],[72.969,20.124],[72.972,20.115],[72.992,20.118],[72.998,20.143],[73.013,20.13],[73.002,20.125],[72.999,20.119],[73.002,20.111],[73.008,20.108],[73.014,20.096],[73.022,20.09],[73.04,20.067],[73.053,20.064],[73.053,20.089],[73.056,20.099],[73.064,20.099],[73.084,20.091],[73.105,20.088],[73.111,20.074],[73.132,20.082],[73.147,20.073],[73.153,20.073],[73.156,20.065],[73.164,20.06],[73.171,20.052],[73.193,20.051],[73.187,20.059],[73.189,20.077],[73.197,20.076],[73.204,20.079],[73.213,20.091],[73.213,20.1],[73.215,20.119],[73.211,20.12]]],[[[72.821,20.368],[72.83,20.368],[72.836,20.373],[72.846,20.375],[72.856,20.372],[72.877,20.37],[72.891,20.373],[72.896,20.38],[72.887,20.385],[72.883,20.398],[72.892,20.399],[72.903,20.406],[72.904,20.415],[72.898,20.421],[72.882,20.419],[72.87,20.414],[72.857,20.419],[72.865,20.429],[72.87,20.44],[72.879,20.442],[72.89,20.439],[72.895,20.444],[72.889,20.449],[72.888,20.461],[72.863,20.464],[72.856,20.467],[72.841,20.458],[72.832,20.446],[72.828,20.432],[72.831,20.411],[72.827,20.386],[72.821,20.368]]],[[[71.007,20.737],[71,20.742],[70.994,20.736],[70.975,20.727],[70.964,20.729],[70.96,20.737],[70.939,20.732],[70.927,20.737],[70.92,20.743],[70.916,20.733],[70.883,20.724],[70.877,20.714],[70.899,20.704],[70.899,20.7],[70.913,20.699],[70.916,20.708],[70.928,20.712],[70.938,20.71],[70.953,20.704],[70.96,20.707],[70.979,20.705],[70.997,20.714],[70.987,20.719],[70.993,20.73],[71.007,20.737]]]]},"properties":{"ST_NM":"Dadra and Nagar Haveli and Daman and Diu","id":"dadra-and-nagar-haveli-and-daman-and-diu"}},{"type":"Feature","geometry":{"type":"Polygon","coordinates":[[[75.36,34.521],[75.363,34.538],[75.353,34.549],[75.346,34.561],[75.334,34.568],[75.318,34.565],[75.312,34.574],[75.299,34.586],[75.292,34.587],[75.286,34.593],[75.279,34.593],[75.265,34.601],[75.253,34.604],[75.258,34.613],[75.257,34.624],[75.252,34.63],[75.241,34.637],[75.228,34.631],[75.209,34.636],[75.208,34.643],[75.223,34.653],[75.231,34.67],[75.25,34.685],[75.257,34.687],[75.252,34.699],[75.258,34.706],[75.262,34.718],[75.262,34.729],[75.251,34.749],[75.246,34.786],[75.232,34.802],[75.218,34.813],[75.198,34.82],[75.174,34.833],[75.146,34.834],[75.142,34.856],[75.145,34.865],[75.129,34.87],[75.106,34.888],[75.103,34.897],[75.096,34.901],[75.076,34.904],[75.069,34.898],[75.075,34.888],[75.08,34.887],[75.08,34.876],[75.069,34.863],[75.068,34.84],[75.071,34.828],[75.061,34.824],[75.052,34.826],[75.047,34.835],[75.024,34.838],[75.009,34.835],[75.003,34.822],[74.987,34.822],[74.977,34.816],[74.97,34.801],[74.958,34.79],[74.942,34.79],[74.928,34.775],[74.91,34.777],[74.901,34.807],[74.88,34.812],[74.864,34.821],[74.847,34.824],[74.834,34.822],[74.822,34.831],[74.805,34.836],[74.794,34.844],[74.791,34.837],[74.779,34.835],[74.771,34.838],[74.758,34.829],[74.741,34.83],[74.73,34.837],[74.732,34.848],[74.728,34.857],[74.718,34.854],[74.705,34.855],[74.705,34.861],[74.7,34.871],[74.688,34.867],[74.677,34.878],[74.672,34.892],[74.665,34.902],[74.655,34.896],[74.646,34.896],[74.634,34.903],[74.62,34.908],[74.605,34.915],[74.576,34.9],[74.575,34.922],[74.572,34.938],[74.572,34.966],[74.587,34.99],[74.587,35.01],[74.583,35.013],[74.566,35.016],[74.535,35.031],[74.532,35.041],[74.534,35.055],[74.542,35.067],[74.533,35.074],[74.515,35.095],[74.498,35.107],[74.473,35.116],[74.44,35.118],[74.43,35.113],[74.419,35.103],[74.402,35.081],[74.392,35.066],[74.38,35.058],[74.363,35.057],[74.308,35.06],[74.301,35.057],[74.297,35.045],[74.282,35.037],[74.269,35.035],[74.253,35.037],[74.248,35.054],[74.25,35.067],[74.244,35.073],[74.227,35.067],[74.228,35.083],[74.222,35.086],[74.209,35.085],[74.163,35.086],[74.133,35.107],[74.115,35.104],[74.094,35.097],[74.073,35.063],[74.066,35.048],[74.079,35.04],[74.097,35.034],[74.108,35.022],[74.103,35.014],[74.09,35.006],[74.081,35.004],[74.076,34.998],[74.064,34.998],[74.059,34.991],[74.066,34.983],[74.063,34.969],[74.067,34.954],[74.073,34.941],[74.065,34.93],[74.043,34.921],[74.039,34.915],[74.038,34.892],[74.029,34.877],[74.016,34.875],[73.999,34.868],[73.972,34.863],[73.965,34.844],[73.954,34.835],[73.935,34.833],[73.927,34.82],[73.917,34.814],[73.897,34.821],[73.884,34.817],[73.875,34.818],[73.867,34.811],[73.853,34.817],[73.843,34.815],[73.833,34.803],[73.82,34.795],[73.799,34.797],[73.785,34.793],[73.773,34.796],[73.749,34.787],[73.737,34.773],[73.731,34.771],[73.723,34.757],[73.706,34.725],[73.691,34.716],[73.686,34.709],[73.681,34.695],[73.67,34.689],[73.663,34.671],[73.666,34.666],[73.693,34.657],[73.695,34.654],[73.689,34.643],[73.659,34.61],[73.657,34.599],[73.66,34.589],[73.657,34.578],[73.65,34.568],[73.639,34.566],[73.628,34.574],[73.618,34.585],[73.592,34.589],[73.579,34.587],[73.553,34.593],[73.535,34.577],[73.522,34.574],[73.51,34.575],[73.5,34.58],[73.482,34.575],[73.469,34.574],[73.46,34.578],[73.447,34.574],[73.442,34.565],[73.441,34.538],[73.43,34.526],[73.43,34.519],[73.437,34.504],[73.434,34.491],[73.421,34.47],[73.425,34.442],[73.419,34.417],[73.411,34.4],[73.408,34.386],[73.393,34.381],[73.39,34.374],[73.397,34.369],[73.4,34.359],[73.408,34.354],[73.425,34.349],[73.423,34.339],[73.438,34.327],[73.444,34.309],[73.453,34.296],[73.453,34.278],[73.461,34.282],[73.467,34.296],[73.475,34.295],[73.479,34.283],[73.47,34.264],[73.469,34.251],[73.477,34.234],[73.489,34.226],[73.492,34.22],[73.488,34.205],[73.488,34.176],[73.491,34.156],[73.488,34.144],[73.495,34.134],[73.492,34.12],[73.498,34.107],[73.496,34.092],[73.498,34.08],[73.503,34.076],[73.508,34.051],[73.508,34.042],[73.514,34.026],[73.514,34.006],[73.521,33.985],[73.536,33.952],[73.549,33.931],[73.574,33.912],[73.578,33.91],[73.585,33.899],[73.589,33.884],[73.585,33.877],[73.585,33.864],[73.578,33.851],[73.572,33.845],[73.57,33.827],[73.567,33.823],[73.561,33.802],[73.558,33.783],[73.566,33.769],[73.591,33.754],[73.593,33.736],[73.597,33.728],[73.597,33.716],[73.591,33.7],[73.574,33.687],[73.562,33.675],[73.561,33.664],[73.568,33.648],[73.567,33.636],[73.561,33.621],[73.573,33.618],[73.587,33.605],[73.605,33.605],[73.6,33.593],[73.619,33.577],[73.621,33.57],[73.618,33.546],[73.63,33.538],[73.624,33.529],[73.605,33.514],[73.609,33.5],[73.599,33.505],[73.595,33.492],[73.6,33.487],[73.601,33.478],[73.613,33.478],[73.614,33.472],[73.624,33.465],[73.624,33.457],[73.597,33.444],[73.589,33.444],[73.581,33.414],[73.567,33.398],[73.558,33.368],[73.571,33.356],[73.565,33.342],[73.573,33.334],[73.586,33.341],[73.591,33.334],[73.582,33.329],[73.587,33.317],[73.589,33.305],[73.602,33.297],[73.597,33.282],[73.598,33.272],[73.605,33.26],[73.605,33.251],[73.624,33.237],[73.625,33.223],[73.633,33.216],[73.636,33.226],[73.641,33.226],[73.644,33.217],[73.652,33.213],[73.657,33.205],[73.656,33.194],[73.658,33.184],[73.656,33.169],[73.647,33.163],[73.639,33.144],[73.627,33.142],[73.624,33.134],[73.63,33.128],[73.625,33.112],[73.625,33.1],[73.631,33.086],[73.643,33.088],[73.657,33.085],[73.671,33.089],[73.688,33.088],[73.702,33.082],[73.724,33.069],[73.734,33.066],[73.74,33.055],[73.739,33.043],[73.748,33.033],[73.755,33.028],[73.77,33.013],[73.78,33.007],[73.789,32.993],[73.779,32.974],[73.786,32.965],[73.791,32.965],[73.806,32.971],[73.815,32.984],[73.817,33],[73.822,33.005],[73.841,33.007],[73.865,33.002],[73.892,33.002],[73.915,32.994],[73.925,32.986],[73.941,32.988],[73.957,32.987],[73.968,32.969],[73.996,32.96],[73.995,32.948],[73.987,32.935],[74.013,32.929],[74.033,32.929],[74.041,32.932],[74.051,32.93],[74.052,32.916],[74.055,32.911],[74.069,32.906],[74.081,32.906],[74.098,32.901],[74.113,32.895],[74.121,32.896],[74.143,32.89],[74.151,32.889],[74.163,32.884],[74.177,32.883],[74.186,32.873],[74.202,32.87],[74.206,32.861],[74.212,32.858],[74.217,32.845],[74.243,32.842],[74.254,32.838],[74.264,32.83],[74.283,32.83],[74.299,32.824],[74.304,32.815],[74.301,32.804],[74.311,32.791],[74.318,32.792],[74.325,32.781],[74.339,32.774],[74.354,32.763],[74.37,32.759],[74.383,32.758],[74.387,32.768],[74.396,32.766],[74.402,32.78],[74.415,32.784],[74.433,32.779],[74.443,32.78],[74.46,32.789],[74.464,32.776],[74.475,32.777],[74.485,32.765],[74.507,32.766],[74.515,32.757],[74.51,32.747],[74.517,32.744],[74.526,32.748],[74.534,32.745],[74.548,32.753],[74.554,32.759],[74.57,32.76],[74.591,32.751],[74.594,32.756],[74.613,32.758],[74.62,32.761],[74.632,32.751],[74.639,32.759],[74.631,32.767],[74.632,32.775],[74.64,32.782],[74.654,32.781],[74.659,32.787],[74.64,32.799],[74.634,32.81],[74.641,32.819],[74.656,32.833],[74.665,32.825],[74.683,32.837],[74.705,32.842],[74.705,32.821],[74.677,32.771],[74.676,32.76],[74.666,32.746],[74.661,32.736],[74.655,32.728],[74.663,32.724],[74.657,32.717],[74.658,32.71],[74.653,32.697],[74.666,32.676],[74.682,32.673],[74.696,32.666],[74.689,32.652],[74.681,32.653],[74.672,32.646],[74.67,32.639],[74.661,32.636],[74.655,32.624],[74.655,32.616],[74.638,32.615],[74.639,32.604],[74.65,32.597],[74.649,32.583],[74.655,32.581],[74.651,32.57],[74.655,32.565],[74.664,32.564],[74.673,32.568],[74.673,32.553],[74.661,32.554],[74.662,32.546],[74.67,32.54],[74.69,32.535],[74.69,32.523],[74.681,32.51],[74.686,32.506],[74.681,32.492],[74.688,32.486],[74.71,32.492],[74.714,32.488],[74.711,32.478],[74.728,32.475],[74.729,32.481],[74.745,32.479],[74.755,32.482],[74.771,32.482],[74.797,32.477],[74.801,32.482],[74.812,32.48],[74.821,32.497],[74.838,32.494],[74.849,32.489],[74.86,32.492],[74.869,32.486],[74.877,32.493],[74.884,32.49],[74.877,32.478],[74.9,32.467],[74.908,32.472],[74.916,32.464],[74.932,32.471],[74.94,32.465],[74.947,32.447],[74.97,32.459],[74.984,32.45],[74.992,32.451],[75.008,32.463],[75.019,32.468],[75.016,32.478],[75.027,32.496],[75.042,32.487],[75.054,32.481],[75.07,32.48],[75.091,32.469],[75.099,32.478],[75.108,32.474],[75.108,32.46],[75.12,32.455],[75.118,32.443],[75.134,32.428],[75.127,32.424],[75.132,32.416],[75.132,32.409],[75.154,32.421],[75.159,32.419],[75.168,32.423],[75.178,32.422],[75.187,32.427],[75.201,32.42],[75.193,32.401],[75.209,32.395],[75.213,32.402],[75.223,32.395],[75.245,32.384],[75.257,32.389],[75.254,32.378],[75.265,32.372],[75.272,32.376],[75.286,32.371],[75.288,32.356],[75.298,32.354],[75.299,32.347],[75.308,32.344],[75.322,32.345],[75.327,32.328],[75.335,32.335],[75.341,32.346],[75.349,32.345],[75.356,32.337],[75.363,32.333],[75.376,32.335],[75.395,32.328],[75.411,32.329],[75.419,32.32],[75.432,32.317],[75.435,32.318],[75.44,32.318],[75.441,32.318],[75.448,32.326],[75.466,32.327],[75.466,32.33],[75.472,32.334],[75.48,32.334],[75.486,32.324],[75.482,32.32],[75.512,32.308],[75.503,32.292],[75.509,32.284],[75.521,32.277],[75.533,32.278],[75.542,32.306],[75.542,32.322],[75.537,32.326],[75.539,32.336],[75.56,32.357],[75.597,32.378],[75.604,32.377],[75.636,32.381],[75.648,32.387],[75.674,32.394],[75.687,32.391],[75.701,32.4],[75.711,32.411],[75.724,32.41],[75.737,32.43],[75.743,32.433],[75.727,32.446],[75.73,32.453],[75.755,32.456],[75.76,32.461],[75.778,32.466],[75.802,32.486],[75.814,32.489],[75.823,32.495],[75.826,32.5],[75.826,32.504],[75.827,32.505],[75.841,32.524],[75.856,32.528],[75.858,32.538],[75.876,32.55],[75.869,32.563],[75.879,32.569],[75.883,32.578],[75.881,32.586],[75.902,32.593],[75.91,32.61],[75.916,32.613],[75.919,32.633],[75.929,32.637],[75.934,32.643],[75.917,32.646],[75.919,32.654],[75.909,32.659],[75.897,32.65],[75.89,32.654],[75.896,32.66],[75.9,32.67],[75.901,32.688],[75.904,32.695],[75.901,32.699],[75.91,32.715],[75.922,32.73],[75.922,32.735],[75.924,32.739],[75.924,32.741],[75.926,32.743],[75.926,32.746],[75.909,32.766],[75.904,32.769],[75.891,32.783],[75.889,32.803],[75.884,32.812],[75.872,32.815],[75.87,32.821],[75.857,32.836],[75.847,32.839],[75.845,32.845],[75.834,32.847],[75.816,32.862],[75.811,32.878],[75.801,32.886],[75.805,32.886],[75.806,32.888],[75.813,32.892],[75.818,32.894],[75.824,32.909],[75.83,32.913],[75.842,32.929],[75.87,32.924],[75.878,32.925],[75.884,32.92],[75.902,32.914],[75.909,32.914],[75.925,32.906],[75.936,32.888],[75.954,32.873],[75.969,32.883],[75.981,32.887],[75.986,32.896],[76.007,32.903],[76.014,32.91],[76.032,32.917],[76.036,32.92],[76.037,32.921],[76.038,32.922],[76.039,32.932],[76.046,32.938],[76.066,32.942],[76.073,32.953],[76.088,32.957],[76.087,32.963],[76.097,32.964],[76.112,32.988],[76.109,32.992],[76.113,33.002],[76.113,33.004],[76.112,33.005],[76.112,33.006],[76.122,33.008],[76.132,33.008],[76.141,33.01],[76.166,33.007],[76.174,33.01],[76.183,33.021],[76.206,33.017],[76.218,33.018],[76.226,33.024],[76.247,33.022],[76.253,33.03],[76.268,33.037],[76.277,33.037],[76.282,33.051],[76.295,33.058],[76.295,33.069],[76.289,33.073],[76.289,33.086],[76.294,33.1],[76.292,33.102],[76.292,33.103],[76.308,33.114],[76.309,33.119],[76.321,33.126],[76.332,33.128],[76.35,33.144],[76.368,33.154],[76.375,33.154],[76.376,33.156],[76.378,33.161],[76.384,33.167],[76.398,33.175],[76.41,33.187],[76.427,33.188],[76.434,33.183],[76.461,33.18],[76.474,33.183],[76.488,33.18],[76.511,33.192],[76.516,33.197],[76.519,33.196],[76.52,33.196],[76.524,33.196],[76.532,33.197],[76.54,33.2],[76.554,33.2],[76.567,33.21],[76.574,33.208],[76.579,33.207],[76.584,33.207],[76.59,33.207],[76.605,33.204],[76.604,33.193],[76.611,33.191],[76.618,33.188],[76.618,33.174],[76.63,33.167],[76.646,33.162],[76.662,33.165],[76.67,33.172],[76.692,33.174],[76.707,33.174],[76.715,33.182],[76.727,33.182],[76.734,33.178],[76.747,33.179],[76.75,33.192],[76.758,33.196],[76.767,33.211],[76.776,33.22],[76.779,33.24],[76.774,33.242],[76.772,33.247],[76.772,33.249],[76.771,33.25],[76.771,33.249],[76.77,33.249],[76.769,33.249],[76.768,33.248],[76.754,33.249],[76.737,33.261],[76.739,33.268],[76.733,33.275],[76.73,33.289],[76.729,33.308],[76.718,33.329],[76.712,33.331],[76.697,33.328],[76.671,33.342],[76.672,33.349],[76.658,33.358],[76.654,33.368],[76.651,33.384],[76.639,33.393],[76.638,33.404],[76.632,33.409],[76.637,33.416],[76.629,33.424],[76.629,33.435],[76.62,33.44],[76.612,33.438],[76.604,33.431],[76.593,33.426],[76.582,33.426],[76.578,33.43],[76.58,33.439],[76.576,33.453],[76.568,33.465],[76.557,33.462],[76.542,33.47],[76.534,33.482],[76.528,33.484],[76.523,33.493],[76.509,33.499],[76.507,33.51],[76.499,33.518],[76.492,33.517],[76.479,33.527],[76.471,33.527],[76.458,33.537],[76.465,33.545],[76.462,33.552],[76.447,33.564],[76.436,33.542],[76.425,33.537],[76.384,33.552],[76.375,33.566],[76.381,33.577],[76.367,33.586],[76.361,33.593],[76.359,33.603],[76.347,33.605],[76.336,33.611],[76.322,33.602],[76.317,33.607],[76.306,33.61],[76.3,33.601],[76.302,33.59],[76.31,33.579],[76.31,33.572],[76.303,33.568],[76.278,33.568],[76.26,33.565],[76.246,33.546],[76.226,33.547],[76.209,33.567],[76.206,33.573],[76.225,33.577],[76.231,33.587],[76.224,33.6],[76.239,33.603],[76.241,33.61],[76.23,33.631],[76.24,33.635],[76.27,33.643],[76.275,33.653],[76.285,33.662],[76.273,33.67],[76.266,33.679],[76.263,33.713],[76.271,33.731],[76.265,33.736],[76.265,33.747],[76.251,33.751],[76.246,33.756],[76.216,33.758],[76.211,33.768],[76.202,33.773],[76.201,33.775],[76.197,33.789],[76.184,33.799],[76.162,33.8],[76.16,33.807],[76.163,33.815],[76.158,33.827],[76.159,33.837],[76.154,33.842],[76.145,33.86],[76.138,33.869],[76.137,33.876],[76.124,33.886],[76.104,33.892],[76.095,33.9],[76.072,33.908],[76.048,33.912],[76.034,33.921],[76.048,33.929],[76.049,33.935],[76.044,33.951],[76.027,33.971],[76.02,33.975],[76.005,33.976],[75.989,33.972],[75.98,33.972],[75.966,33.954],[75.949,33.956],[75.942,33.96],[75.919,33.963],[75.908,33.967],[75.89,33.969],[75.87,33.962],[75.852,33.962],[75.841,33.954],[75.826,33.961],[75.82,33.97],[75.827,33.981],[75.832,33.993],[75.842,33.999],[75.844,34.004],[75.817,34.007],[75.815,34.012],[75.799,34.023],[75.797,34.028],[75.783,34.032],[75.78,34.037],[75.768,34.041],[75.767,34.054],[75.76,34.056],[75.75,34.054],[75.738,34.057],[75.742,34.071],[75.733,34.084],[75.721,34.093],[75.719,34.101],[75.686,34.12],[75.691,34.125],[75.683,34.131],[75.684,34.141],[75.669,34.145],[75.678,34.153],[75.684,34.165],[75.685,34.178],[75.69,34.195],[75.684,34.199],[75.671,34.197],[75.659,34.2],[75.652,34.211],[75.638,34.21],[75.625,34.2],[75.609,34.195],[75.596,34.197],[75.58,34.214],[75.572,34.211],[75.555,34.212],[75.539,34.224],[75.523,34.229],[75.515,34.227],[75.505,34.234],[75.497,34.233],[75.483,34.263],[75.483,34.27],[75.474,34.281],[75.461,34.283],[75.457,34.287],[75.446,34.282],[75.427,34.284],[75.406,34.284],[75.393,34.295],[75.389,34.311],[75.394,34.316],[75.384,34.328],[75.378,34.342],[75.385,34.352],[75.381,34.357],[75.384,34.365],[75.374,34.371],[75.378,34.385],[75.367,34.391],[75.366,34.392],[75.372,34.407],[75.372,34.413],[75.36,34.417],[75.351,34.425],[75.336,34.428],[75.33,34.435],[75.332,34.448],[75.342,34.46],[75.353,34.467],[75.35,34.479],[75.342,34.487],[75.346,34.493],[75.352,34.514],[75.36,34.521]]]},"properties":{"ST_NM":"Jammu & Kashmir","id":"jammu-and-kashmir"}},{"type":"Feature","geometry":{"type":"Polygon","coordinates":[[[83.33,24.102],[83.323,24.106],[83.318,24.097],[83.306,24.08],[83.295,24.072],[83.287,24.055],[83.282,24.05],[83.284,24.04],[83.279,24.018],[83.273,24.018],[83.264,24.009],[83.255,24.015],[83.243,24.012],[83.242,23.998],[83.235,23.996],[83.229,23.988],[83.227,23.977],[83.219,23.969],[83.223,23.958],[83.216,23.939],[83.208,23.931],[83.208,23.921],[83.198,23.914],[83.181,23.915],[83.172,23.908],[83.163,23.909],[83.154,23.904],[83.154,23.897],[83.141,23.885],[83.112,23.879],[83.091,23.872],[83.075,23.87],[83.072,23.874],[83.062,23.874],[83.054,23.879],[83.019,23.879],[83.001,23.877],[82.996,23.873],[82.981,23.874],[82.976,23.872],[82.954,23.871],[82.937,23.877],[82.931,23.889],[82.926,23.893],[82.905,23.898],[82.885,23.909],[82.877,23.918],[82.867,23.925],[82.861,23.939],[82.853,23.945],[82.841,23.951],[82.837,23.957],[82.828,23.962],[82.813,23.96],[82.81,23.963],[82.802,23.962],[82.799,23.951],[82.778,23.937],[82.755,23.934],[82.756,23.926],[82.752,23.92],[82.715,23.921],[82.699,23.925],[82.689,23.921],[82.684,23.91],[82.673,23.906],[82.662,23.908],[82.651,23.887],[82.668,23.872],[82.66,23.855],[82.652,23.856],[82.631,23.839],[82.604,23.832],[82.591,23.822],[82.573,23.824],[82.565,23.821],[82.554,23.826],[82.539,23.823],[82.539,23.816],[82.548,23.809],[82.551,23.793],[82.538,23.794],[82.525,23.784],[82.511,23.786],[82.497,23.785],[82.489,23.79],[82.483,23.802],[82.471,23.811],[82.453,23.813],[82.444,23.806],[82.416,23.804],[82.393,23.8],[82.391,23.805],[82.374,23.812],[82.35,23.805],[82.339,23.808],[82.335,23.803],[82.316,23.812],[82.303,23.813],[82.296,23.808],[82.283,23.817],[82.262,23.821],[82.252,23.817],[82.238,23.806],[82.228,23.807],[82.225,23.821],[82.207,23.827],[82.208,23.835],[82.215,23.841],[82.208,23.852],[82.199,23.849],[82.181,23.836],[82.178,23.821],[82.171,23.818],[82.162,23.822],[82.144,23.816],[82.122,23.823],[82.115,23.818],[82.105,23.82],[82.094,23.817],[82.082,23.816],[82.055,23.82],[82.04,23.826],[82.039,23.833],[82.045,23.841],[82.033,23.847],[82.02,23.849],[82.009,23.861],[82,23.863],[81.981,23.861],[81.956,23.853],[81.954,23.857],[81.939,23.862],[81.94,23.867],[81.921,23.871],[81.915,23.859],[81.905,23.845],[81.892,23.841],[81.888,23.836],[81.868,23.834],[81.863,23.824],[81.837,23.821],[81.837,23.816],[81.827,23.814],[81.823,23.808],[81.815,23.806],[81.809,23.813],[81.796,23.815],[81.791,23.809],[81.773,23.816],[81.752,23.832],[81.743,23.834],[81.738,23.839],[81.725,23.845],[81.732,23.857],[81.72,23.862],[81.707,23.862],[81.71,23.872],[81.704,23.877],[81.702,23.886],[81.69,23.885],[81.688,23.907],[81.683,23.911],[81.673,23.913],[81.667,23.925],[81.659,23.918],[81.638,23.911],[81.631,23.906],[81.621,23.907],[81.61,23.904],[81.612,23.892],[81.604,23.882],[81.621,23.872],[81.617,23.863],[81.606,23.862],[81.603,23.854],[81.612,23.843],[81.616,23.833],[81.634,23.836],[81.651,23.799],[81.65,23.785],[81.644,23.773],[81.652,23.765],[81.676,23.757],[81.686,23.747],[81.678,23.74],[81.687,23.731],[81.688,23.726],[81.696,23.721],[81.685,23.7],[81.684,23.691],[81.657,23.683],[81.655,23.663],[81.643,23.658],[81.618,23.662],[81.62,23.651],[81.614,23.622],[81.608,23.613],[81.611,23.602],[81.603,23.593],[81.592,23.597],[81.585,23.594],[81.577,23.585],[81.584,23.554],[81.61,23.556],[81.614,23.546],[81.612,23.511],[81.621,23.502],[81.623,23.49],[81.627,23.482],[81.639,23.478],[81.649,23.49],[81.649,23.496],[81.658,23.505],[81.662,23.514],[81.659,23.529],[81.668,23.533],[81.69,23.528],[81.699,23.522],[81.717,23.542],[81.722,23.542],[81.725,23.557],[81.736,23.566],[81.753,23.568],[81.758,23.55],[81.81,23.549],[81.817,23.541],[81.82,23.53],[81.818,23.523],[81.821,23.515],[81.837,23.511],[81.843,23.514],[81.864,23.518],[81.869,23.513],[81.881,23.515],[81.894,23.524],[81.904,23.53],[81.908,23.535],[81.923,23.533],[81.935,23.518],[81.942,23.506],[81.948,23.501],[81.958,23.5],[81.954,23.472],[81.958,23.465],[81.965,23.466],[81.97,23.456],[81.976,23.452],[81.982,23.431],[81.977,23.425],[81.985,23.415],[81.999,23.422],[82.009,23.412],[82.025,23.425],[82.032,23.411],[82.024,23.407],[82.029,23.4],[82.021,23.389],[82.033,23.383],[82.039,23.388],[82.045,23.38],[82.057,23.377],[82.064,23.393],[82.07,23.391],[82.091,23.398],[82.102,23.398],[82.113,23.386],[82.113,23.371],[82.11,23.363],[82.119,23.354],[82.125,23.354],[82.141,23.362],[82.146,23.361],[82.162,23.343],[82.168,23.333],[82.185,23.327],[82.192,23.327],[82.199,23.312],[82.192,23.287],[82.193,23.277],[82.174,23.269],[82.172,23.258],[82.166,23.247],[82.16,23.247],[82.153,23.231],[82.146,23.227],[82.153,23.212],[82.149,23.191],[82.143,23.187],[82.143,23.179],[82.149,23.176],[82.145,23.163],[82.16,23.162],[82.161,23.143],[82.156,23.138],[82.145,23.135],[82.137,23.129],[82.137,23.112],[82.123,23.104],[82.111,23.109],[82.093,23.109],[82.092,23.112],[82.077,23.113],[82.067,23.116],[82.055,23.108],[82.036,23.081],[82.023,23.08],[82.02,23.083],[82.008,23.079],[81.997,23.085],[81.969,23.081],[81.958,23.075],[81.946,23.077],[81.947,23.069],[81.937,23.062],[81.93,23.062],[81.929,23.051],[81.921,23.041],[81.925,23.031],[81.931,23.026],[81.93,23.021],[81.937,23.017],[81.939,23.005],[81.945,22.996],[81.945,22.989],[81.95,22.983],[81.946,22.974],[81.946,22.957],[81.919,22.947],[81.898,22.926],[81.89,22.923],[81.878,22.91],[81.869,22.917],[81.869,22.895],[81.862,22.889],[81.853,22.891],[81.842,22.888],[81.833,22.881],[81.818,22.882],[81.776,22.874],[81.775,22.864],[81.777,22.855],[81.767,22.834],[81.769,22.828],[81.782,22.811],[81.784,22.799],[81.781,22.79],[81.784,22.779],[81.794,22.766],[81.788,22.764],[81.779,22.751],[81.77,22.747],[81.768,22.736],[81.755,22.733],[81.752,22.727],[81.757,22.708],[81.769,22.686],[81.772,22.676],[81.769,22.664],[81.755,22.646],[81.743,22.673],[81.729,22.676],[81.725,22.673],[81.723,22.657],[81.713,22.648],[81.701,22.645],[81.689,22.648],[81.683,22.647],[81.672,22.633],[81.662,22.627],[81.661,22.619],[81.653,22.619],[81.647,22.613],[81.646,22.593],[81.649,22.585],[81.66,22.57],[81.653,22.563],[81.636,22.56],[81.629,22.563],[81.624,22.556],[81.629,22.544],[81.622,22.538],[81.613,22.539],[81.605,22.535],[81.596,22.537],[81.592,22.545],[81.586,22.544],[81.567,22.55],[81.563,22.548],[81.563,22.534],[81.547,22.528],[81.533,22.539],[81.522,22.539],[81.523,22.532],[81.518,22.52],[81.509,22.526],[81.496,22.519],[81.497,22.512],[81.489,22.503],[81.483,22.488],[81.473,22.494],[81.463,22.493],[81.451,22.487],[81.443,22.479],[81.45,22.471],[81.445,22.468],[81.439,22.482],[81.428,22.48],[81.423,22.471],[81.429,22.457],[81.423,22.448],[81.407,22.441],[81.396,22.44],[81.388,22.459],[81.391,22.478],[81.384,22.49],[81.386,22.499],[81.382,22.51],[81.372,22.515],[81.361,22.515],[81.354,22.511],[81.351,22.518],[81.338,22.52],[81.327,22.526],[81.319,22.517],[81.318,22.502],[81.322,22.488],[81.315,22.488],[81.307,22.482],[81.299,22.491],[81.281,22.503],[81.273,22.493],[81.262,22.493],[81.26,22.485],[81.262,22.472],[81.248,22.459],[81.232,22.452],[81.208,22.457],[81.2,22.463],[81.2,22.484],[81.194,22.491],[81.172,22.487],[81.161,22.47],[81.156,22.456],[81.153,22.454],[81.141,22.454],[81.121,22.446],[81.11,22.436],[81.11,22.416],[81.106,22.387],[81.104,22.383],[81.109,22.374],[81.113,22.353],[81.121,22.341],[81.114,22.324],[81.119,22.311],[81.118,22.291],[81.102,22.278],[81.097,22.269],[81.093,22.254],[81.09,22.247],[81.077,22.24],[81.073,22.248],[81.06,22.244],[81.048,22.244],[81.038,22.234],[81.023,22.229],[81.019,22.221],[81.022,22.212],[81.03,22.203],[81.029,22.192],[81.017,22.186],[81.017,22.18],[81.027,22.166],[81.022,22.158],[81.024,22.149],[81.022,22.133],[81.014,22.134],[80.998,22.132],[80.994,22.135],[80.98,22.127],[80.98,22.113],[80.992,22.112],[81.011,22.095],[81.006,22.092],[81.001,22.083],[81.009,22.068],[81.003,22.059],[80.995,22.059],[80.995,22.051],[80.984,22.049],[80.981,22.054],[80.969,22.059],[80.971,22.087],[80.957,22.11],[80.95,22.117],[80.922,22.12],[80.908,22.11],[80.897,22.064],[80.89,22.058],[80.886,22.05],[80.876,22.039],[80.876,22.013],[80.867,22.001],[80.863,21.99],[80.86,21.972],[80.852,21.958],[80.835,21.955],[80.829,21.948],[80.842,21.947],[80.846,21.939],[80.847,21.927],[80.832,21.909],[80.834,21.885],[80.844,21.881],[80.846,21.874],[80.843,21.864],[80.851,21.855],[80.839,21.848],[80.838,21.837],[80.845,21.832],[80.84,21.819],[80.839,21.8],[80.833,21.796],[80.826,21.783],[80.827,21.78],[80.815,21.755],[80.804,21.745],[80.785,21.74],[80.786,21.747],[80.772,21.759],[80.759,21.759],[80.747,21.756],[80.734,21.729],[80.732,21.714],[80.735,21.704],[80.729,21.689],[80.721,21.677],[80.717,21.661],[80.719,21.646],[80.728,21.64],[80.732,21.626],[80.717,21.602],[80.717,21.591],[80.725,21.58],[80.729,21.57],[80.72,21.557],[80.741,21.539],[80.731,21.515],[80.733,21.501],[80.728,21.496],[80.733,21.484],[80.737,21.481],[80.735,21.461],[80.724,21.445],[80.714,21.436],[80.707,21.433],[80.707,21.416],[80.7,21.405],[80.701,21.397],[80.69,21.372],[80.68,21.365],[80.682,21.36],[80.678,21.349],[80.672,21.347],[80.671,21.338],[80.66,21.334],[80.671,21.326],[80.682,21.313],[80.68,21.299],[80.67,21.291],[80.661,21.291],[80.658,21.281],[80.651,21.278],[80.649,21.262],[80.643,21.25],[80.627,21.243],[80.617,21.23],[80.606,21.224],[80.599,21.225],[80.579,21.218],[80.568,21.205],[80.553,21.201],[80.541,21.201],[80.53,21.205],[80.518,21.193],[80.515,21.183],[80.503,21.185],[80.487,21.177],[80.481,21.172],[80.464,21.175],[80.461,21.157],[80.453,21.137],[80.445,21.121],[80.448,21.112],[80.446,21.105],[80.439,21.096],[80.446,21.084],[80.447,21.064],[80.454,21.052],[80.45,21.03],[80.439,21.027],[80.426,21.006],[80.443,20.995],[80.445,20.971],[80.449,20.965],[80.455,20.946],[80.462,20.939],[80.464,20.929],[80.493,20.929],[80.504,20.931],[80.519,20.93],[80.535,20.934],[80.542,20.93],[80.542,20.924],[80.548,20.912],[80.556,20.888],[80.554,20.87],[80.557,20.861],[80.556,20.839],[80.561,20.831],[80.559,20.811],[80.549,20.795],[80.552,20.781],[80.552,20.764],[80.563,20.747],[80.563,20.734],[80.56,20.726],[80.567,20.707],[80.582,20.697],[80.588,20.683],[80.58,20.673],[80.559,20.671],[80.552,20.668],[80.546,20.661],[80.531,20.66],[80.521,20.657],[80.489,20.633],[80.481,20.618],[80.491,20.605],[80.502,20.595],[80.504,20.583],[80.522,20.58],[80.539,20.585],[80.545,20.59],[80.558,20.594],[80.565,20.604],[80.581,20.608],[80.601,20.609],[80.612,20.601],[80.629,20.6],[80.623,20.589],[80.617,20.586],[80.625,20.578],[80.621,20.57],[80.626,20.567],[80.623,20.555],[80.615,20.549],[80.621,20.532],[80.617,20.515],[80.62,20.505],[80.615,20.491],[80.616,20.488],[80.613,20.463],[80.602,20.451],[80.614,20.436],[80.608,20.424],[80.6,20.418],[80.599,20.411],[80.591,20.393],[80.594,20.386],[80.611,20.375],[80.609,20.37],[80.615,20.363],[80.615,20.351],[80.626,20.333],[80.622,20.325],[80.611,20.318],[80.589,20.318],[80.557,20.308],[80.546,20.306],[80.546,20.298],[80.532,20.281],[80.517,20.266],[80.499,20.275],[80.488,20.276],[80.471,20.273],[80.462,20.269],[80.451,20.258],[80.431,20.252],[80.425,20.253],[80.409,20.246],[80.398,20.244],[80.395,20.237],[80.406,20.218],[80.422,20.207],[80.421,20.196],[80.401,20.19],[80.397,20.174],[80.389,20.165],[80.402,20.147],[80.426,20.14],[80.43,20.136],[80.447,20.136],[80.455,20.138],[80.455,20.145],[80.46,20.151],[80.488,20.144],[80.506,20.144],[80.511,20.137],[80.531,20.132],[80.543,20.121],[80.552,20.118],[80.552,20.111],[80.544,20.096],[80.555,20.08],[80.557,20.07],[80.549,20.055],[80.551,20.041],[80.548,20.033],[80.543,20.011],[80.55,20.001],[80.549,19.984],[80.538,19.975],[80.536,19.966],[80.539,19.952],[80.531,19.947],[80.53,19.939],[80.524,19.934],[80.5,19.928],[80.481,19.934],[80.479,19.944],[80.473,19.951],[80.466,19.948],[80.452,19.957],[80.43,19.941],[80.411,19.938],[80.412,19.924],[80.408,19.913],[80.424,19.902],[80.429,19.903],[80.45,19.896],[80.453,19.904],[80.469,19.908],[80.474,19.904],[80.494,19.9],[80.501,19.887],[80.506,19.871],[80.486,19.863],[80.479,19.839],[80.474,19.837],[80.469,19.827],[80.46,19.823],[80.441,19.81],[80.432,19.807],[80.421,19.813],[80.41,19.816],[80.404,19.814],[80.408,19.805],[80.405,19.794],[80.424,19.799],[80.44,19.796],[80.449,19.79],[80.466,19.794],[80.468,19.789],[80.479,19.783],[80.483,19.773],[80.49,19.771],[80.49,19.79],[80.485,19.802],[80.476,19.803],[80.469,19.81],[80.481,19.828],[80.5,19.828],[80.504,19.831],[80.52,19.832],[80.547,19.818],[80.545,19.806],[80.548,19.797],[80.542,19.783],[80.544,19.776],[80.553,19.765],[80.571,19.759],[80.582,19.751],[80.587,19.741],[80.611,19.738],[80.621,19.733],[80.627,19.726],[80.64,19.725],[80.649,19.712],[80.676,19.699],[80.68,19.683],[80.677,19.652],[80.669,19.641],[80.663,19.622],[80.665,19.612],[80.67,19.609],[80.688,19.613],[80.706,19.614],[80.715,19.617],[80.741,19.606],[80.746,19.601],[80.757,19.597],[80.761,19.591],[80.77,19.587],[80.767,19.576],[80.775,19.562],[80.788,19.56],[80.797,19.562],[80.807,19.569],[80.817,19.571],[80.824,19.567],[80.837,19.563],[80.838,19.562],[80.84,19.549],[80.845,19.538],[80.857,19.523],[80.873,19.519],[80.884,19.526],[80.896,19.519],[80.896,19.501],[80.898,19.482],[80.894,19.467],[80.882,19.452],[80.874,19.445],[80.864,19.445],[80.842,19.447],[80.83,19.443],[80.813,19.434],[80.81,19.42],[80.812,19.407],[80.827,19.382],[80.843,19.371],[80.85,19.369],[80.853,19.364],[80.846,19.355],[80.832,19.349],[80.81,19.337],[80.806,19.328],[80.79,19.323],[80.774,19.314],[80.76,19.291],[80.751,19.287],[80.744,19.289],[80.738,19.285],[80.727,19.287],[80.71,19.282],[80.69,19.287],[80.689,19.295],[80.693,19.315],[80.683,19.329],[80.672,19.329],[80.653,19.322],[80.649,19.317],[80.637,19.313],[80.633,19.308],[80.623,19.306],[80.613,19.309],[80.608,19.318],[80.608,19.326],[80.59,19.352],[80.588,19.371],[80.592,19.376],[80.579,19.401],[80.573,19.402],[80.563,19.399],[80.539,19.378],[80.52,19.348],[80.507,19.342],[80.496,19.343],[80.486,19.341],[80.477,19.33],[80.47,19.312],[80.463,19.301],[80.457,19.288],[80.454,19.273],[80.438,19.258],[80.419,19.251],[80.405,19.249],[80.394,19.245],[80.387,19.233],[80.384,19.215],[80.392,19.202],[80.394,19.189],[80.389,19.181],[80.348,19.16],[80.348,19.152],[80.34,19.146],[80.334,19.146],[80.328,19.135],[80.331,19.128],[80.331,19.12],[80.336,19.112],[80.34,19.1],[80.328,19.095],[80.331,19.081],[80.329,19.07],[80.32,19.066],[80.297,19.048],[80.305,19.027],[80.303,19.022],[80.291,19.008],[80.274,18.995],[80.274,18.972],[80.269,18.95],[80.27,18.941],[80.274,18.932],[80.3,18.911],[80.317,18.888],[80.326,18.881],[80.335,18.869],[80.352,18.842],[80.354,18.827],[80.351,18.815],[80.343,18.813],[80.323,18.799],[80.306,18.798],[80.297,18.792],[80.288,18.774],[80.275,18.765],[80.266,18.768],[80.25,18.769],[80.245,18.765],[80.244,18.756],[80.259,18.743],[80.273,18.723],[80.279,18.721],[80.299,18.693],[80.305,18.683],[80.317,18.643],[80.326,18.637],[80.33,18.629],[80.333,18.614],[80.343,18.598],[80.354,18.596],[80.361,18.6],[80.366,18.609],[80.377,18.61],[80.387,18.598],[80.394,18.606],[80.408,18.611],[80.426,18.614],[80.441,18.624],[80.457,18.63],[80.463,18.625],[80.489,18.631],[80.502,18.622],[80.515,18.619],[80.519,18.609],[80.528,18.603],[80.535,18.591],[80.556,18.58],[80.567,18.571],[80.571,18.565],[80.591,18.558],[80.606,18.548],[80.613,18.539],[80.618,18.528],[80.63,18.522],[80.638,18.523],[80.641,18.511],[80.638,18.502],[80.651,18.486],[80.656,18.475],[80.674,18.466],[80.686,18.458],[80.688,18.447],[80.702,18.444],[80.698,18.438],[80.696,18.424],[80.718,18.41],[80.723,18.415],[80.735,18.413],[80.733,18.403],[80.72,18.391],[80.729,18.379],[80.727,18.369],[80.732,18.355],[80.741,18.342],[80.748,18.33],[80.749,18.308],[80.759,18.3],[80.757,18.295],[80.763,18.288],[80.769,18.288],[80.776,18.278],[80.78,18.267],[80.794,18.26],[80.792,18.251],[80.777,18.246],[80.748,18.231],[80.747,18.227],[80.737,18.222],[80.737,18.177],[80.745,18.17],[80.748,18.173],[80.775,18.17],[80.799,18.172],[80.815,18.186],[80.817,18.192],[80.824,18.194],[80.823,18.229],[80.824,18.239],[80.837,18.242],[80.843,18.236],[80.866,18.234],[80.873,18.214],[80.872,18.209],[80.853,18.203],[80.859,18.19],[80.857,18.174],[80.86,18.165],[80.86,18.151],[80.867,18.14],[80.882,18.139],[80.9,18.14],[80.921,18.148],[80.952,18.167],[80.958,18.177],[80.979,18.179],[80.979,18.154],[80.956,18.134],[80.952,18.093],[80.949,18.085],[80.953,18.082],[80.964,18.064],[80.97,18.047],[80.964,18.042],[80.973,18.027],[80.98,18.007],[80.986,17.955],[80.988,17.942],[80.998,17.917],[80.999,17.903],[80.994,17.881],[80.996,17.849],[81.003,17.831],[81.003,17.82],[81.008,17.798],[81.018,17.791],[81.032,17.789],[81.047,17.782],[81.073,17.787],[81.086,17.798],[81.094,17.809],[81.102,17.816],[81.123,17.824],[81.132,17.83],[81.146,17.844],[81.168,17.856],[81.2,17.846],[81.216,17.835],[81.24,17.826],[81.248,17.817],[81.265,17.811],[81.307,17.81],[81.326,17.815],[81.346,17.811],[81.355,17.813],[81.381,17.804],[81.387,17.795],[81.393,17.795],[81.393,17.816],[81.396,17.82],[81.388,17.824],[81.389,17.83],[81.403,17.85],[81.402,17.857],[81.394,17.868],[81.395,17.883],[81.401,17.894],[81.414,17.894],[81.434,17.881],[81.442,17.883],[81.448,17.889],[81.447,17.899],[81.452,17.904],[81.453,17.914],[81.449,17.932],[81.453,17.937],[81.459,17.952],[81.471,17.96],[81.476,17.969],[81.482,17.976],[81.478,17.99],[81.482,18.016],[81.483,18.026],[81.48,18.041],[81.481,18.051],[81.481,18.053],[81.497,18.071],[81.498,18.076],[81.514,18.101],[81.515,18.125],[81.513,18.136],[81.519,18.149],[81.526,18.153],[81.526,18.16],[81.517,18.176],[81.507,18.186],[81.514,18.202],[81.516,18.214],[81.53,18.24],[81.525,18.256],[81.531,18.265],[81.541,18.27],[81.552,18.27],[81.564,18.275],[81.573,18.283],[81.585,18.296],[81.601,18.31],[81.613,18.307],[81.628,18.314],[81.645,18.318],[81.662,18.325],[81.65,18.336],[81.65,18.34],[81.66,18.347],[81.744,18.352],[81.75,18.354],[81.769,18.418],[81.794,18.44],[81.84,18.477],[81.857,18.494],[81.857,18.507],[81.868,18.525],[81.88,18.525],[81.889,18.538],[81.897,18.535],[81.909,18.538],[81.906,18.545],[81.909,18.553],[81.906,18.561],[81.911,18.571],[81.921,18.573],[81.926,18.567],[81.938,18.567],[81.95,18.57],[81.956,18.584],[81.963,18.595],[81.951,18.601],[81.945,18.601],[81.935,18.607],[81.931,18.618],[81.909,18.628],[81.896,18.629],[81.899,18.636],[81.894,18.643],[81.898,18.651],[81.894,18.658],[81.902,18.661],[81.913,18.653],[81.922,18.643],[81.937,18.645],[81.949,18.644],[81.957,18.667],[81.969,18.673],[81.962,18.687],[81.965,18.693],[81.989,18.705],[81.995,18.705],[82.006,18.715],[82.011,18.714],[82.017,18.72],[82.04,18.724],[82.053,18.724],[82.064,18.719],[82.067,18.726],[82.085,18.719],[82.086,18.728],[82.094,18.747],[82.089,18.76],[82.111,18.766],[82.121,18.77],[82.13,18.767],[82.134,18.777],[82.156,18.785],[82.165,18.802],[82.157,18.804],[82.161,18.811],[82.16,18.82],[82.169,18.836],[82.166,18.844],[82.167,18.853],[82.16,18.861],[82.165,18.865],[82.169,18.882],[82.177,18.887],[82.175,18.901],[82.181,18.907],[82.192,18.908],[82.217,18.922],[82.24,18.915],[82.246,18.919],[82.239,18.961],[82.233,19.018],[82.23,19.027],[82.206,19.06],[82.202,19.067],[82.205,19.076],[82.212,19.082],[82.219,19.095],[82.21,19.1],[82.203,19.108],[82.206,19.124],[82.198,19.122],[82.191,19.129],[82.183,19.131],[82.177,19.118],[82.17,19.12],[82.168,19.136],[82.173,19.163],[82.183,19.16],[82.186,19.166],[82.175,19.182],[82.181,19.191],[82.169,19.195],[82.162,19.202],[82.169,19.213],[82.158,19.228],[82.158,19.265],[82.166,19.288],[82.177,19.3],[82.181,19.323],[82.19,19.327],[82.188,19.334],[82.188,19.335],[82.179,19.343],[82.166,19.349],[82.154,19.35],[82.148,19.357],[82.147,19.365],[82.153,19.377],[82.172,19.373],[82.179,19.38],[82.184,19.401],[82.183,19.412],[82.189,19.415],[82.186,19.427],[82.178,19.437],[82.161,19.436],[82.127,19.431],[82.123,19.434],[82.114,19.448],[82.113,19.461],[82.103,19.466],[82.108,19.48],[82.108,19.494],[82.098,19.499],[82.1,19.517],[82.076,19.524],[82.066,19.511],[82.051,19.508],[82.029,19.508],[82.037,19.52],[82.037,19.528],[82.048,19.535],[82.051,19.549],[82.045,19.557],[82.049,19.568],[82.04,19.591],[82.04,19.597],[82.051,19.617],[82.059,19.628],[82.057,19.639],[82.052,19.647],[82.055,19.654],[82.052,19.661],[82.055,19.666],[82.052,19.68],[82.045,19.701],[82.045,19.709],[82.051,19.717],[82.05,19.742],[82.056,19.753],[82.063,19.758],[82.06,19.767],[82.066,19.783],[82.066,19.791],[82.06,19.796],[82.054,19.792],[82.049,19.797],[82.039,19.797],[82.009,19.804],[81.995,19.797],[81.986,19.801],[81.983,19.809],[81.965,19.837],[81.968,19.86],[81.941,19.873],[81.906,19.884],[81.87,19.903],[81.853,19.918],[81.852,19.923],[81.857,19.948],[81.845,19.952],[81.845,19.96],[81.855,19.972],[81.861,20.004],[81.867,20.012],[81.865,20.027],[81.869,20.04],[81.876,20.052],[81.882,20.044],[81.897,20.05],[81.901,20.058],[81.916,20.072],[81.926,20.092],[81.937,20.102],[81.946,20.105],[81.958,20.098],[81.963,20.09],[81.973,20.084],[81.984,20.073],[81.987,20.063],[81.995,20.054],[82.012,20.054],[82.018,20.049],[82.023,20.032],[82.022,20.024],[82.033,20.016],[82.04,20.024],[82.043,20.035],[82.059,20.045],[82.064,20.055],[82.07,20.057],[82.085,20.051],[82.089,20.039],[82.102,20.04],[82.103,20.031],[82.128,20.014],[82.14,20.019],[82.153,20.008],[82.161,20.009],[82.172,20.005],[82.18,19.991],[82.188,19.986],[82.21,19.986],[82.216,19.997],[82.237,20.004],[82.259,19.982],[82.269,19.975],[82.275,19.963],[82.275,19.951],[82.294,19.917],[82.301,19.905],[82.304,19.889],[82.326,19.862],[82.331,19.846],[82.345,19.836],[82.362,19.853],[82.361,19.863],[82.374,19.86],[82.392,19.882],[82.394,19.887],[82.402,19.89],[82.418,19.904],[82.438,19.906],[82.451,19.909],[82.464,19.901],[82.472,19.901],[82.473,19.907],[82.485,19.908],[82.489,19.904],[82.502,19.902],[82.505,19.891],[82.512,19.888],[82.518,19.891],[82.523,19.884],[82.531,19.878],[82.535,19.887],[82.55,19.876],[82.557,19.881],[82.562,19.874],[82.571,19.878],[82.582,19.87],[82.596,19.873],[82.604,19.866],[82.597,19.855],[82.588,19.849],[82.576,19.833],[82.579,19.823],[82.576,19.815],[82.585,19.802],[82.583,19.795],[82.583,19.779],[82.594,19.775],[82.602,19.781],[82.603,19.788],[82.627,19.794],[82.633,19.801],[82.637,19.813],[82.647,19.819],[82.652,19.832],[82.664,19.831],[82.678,19.832],[82.693,19.83],[82.704,19.832],[82.718,19.854],[82.72,19.867],[82.725,19.876],[82.714,19.878],[82.707,19.902],[82.707,19.913],[82.712,19.917],[82.711,19.926],[82.713,19.938],[82.72,19.948],[82.716,19.953],[82.717,19.965],[82.718,19.989],[82.71,19.997],[82.669,20],[82.653,20.004],[82.644,20.002],[82.634,20.003],[82.624,19.992],[82.609,19.989],[82.591,19.992],[82.584,20.002],[82.571,20.009],[82.551,20.016],[82.535,20.016],[82.534,20.014],[82.51,20.017],[82.495,20.023],[82.48,20.037],[82.471,20.034],[82.462,20.04],[82.451,20.039],[82.432,20.048],[82.41,20.05],[82.401,20.055],[82.397,20.067],[82.402,20.079],[82.402,20.096],[82.399,20.1],[82.399,20.122],[82.394,20.136],[82.387,20.144],[82.395,20.151],[82.391,20.162],[82.396,20.169],[82.412,20.18],[82.415,20.199],[82.421,20.203],[82.423,20.219],[82.415,20.227],[82.411,20.245],[82.421,20.247],[82.411,20.26],[82.416,20.272],[82.425,20.275],[82.436,20.286],[82.438,20.295],[82.43,20.301],[82.431,20.313],[82.423,20.322],[82.414,20.327],[82.4,20.339],[82.406,20.353],[82.411,20.371],[82.418,20.382],[82.421,20.393],[82.417,20.408],[82.432,20.417],[82.43,20.428],[82.438,20.434],[82.434,20.444],[82.426,20.445],[82.427,20.469],[82.419,20.48],[82.41,20.463],[82.405,20.459],[82.398,20.46],[82.398,20.473],[82.388,20.497],[82.389,20.517],[82.372,20.522],[82.359,20.528],[82.349,20.546],[82.337,20.554],[82.332,20.562],[82.334,20.569],[82.342,20.571],[82.351,20.581],[82.344,20.596],[82.347,20.602],[82.355,20.609],[82.363,20.61],[82.364,20.622],[82.377,20.632],[82.369,20.649],[82.369,20.66],[82.374,20.667],[82.368,20.679],[82.362,20.681],[82.355,20.693],[82.351,20.706],[82.355,20.718],[82.346,20.732],[82.353,20.736],[82.343,20.767],[82.345,20.77],[82.345,20.791],[82.347,20.797],[82.342,20.804],[82.339,20.825],[82.342,20.838],[82.34,20.847],[82.344,20.856],[82.347,20.88],[82.352,20.889],[82.365,20.887],[82.36,20.873],[82.377,20.867],[82.386,20.873],[82.396,20.869],[82.406,20.869],[82.408,20.858],[82.414,20.849],[82.411,20.844],[82.42,20.835],[82.428,20.83],[82.44,20.834],[82.444,20.83],[82.455,20.827],[82.465,20.828],[82.47,20.834],[82.466,20.84],[82.468,20.847],[82.481,20.85],[82.488,20.862],[82.487,20.869],[82.492,20.878],[82.488,20.909],[82.508,20.919],[82.517,20.921],[82.524,20.929],[82.531,20.934],[82.544,20.935],[82.56,20.947],[82.574,20.973],[82.581,20.978],[82.587,20.988],[82.609,21.009],[82.614,21.023],[82.63,21.04],[82.626,21.049],[82.619,21.054],[82.612,21.068],[82.614,21.078],[82.629,21.077],[82.634,21.082],[82.637,21.093],[82.65,21.106],[82.64,21.117],[82.652,21.127],[82.652,21.133],[82.643,21.136],[82.637,21.148],[82.64,21.154],[82.656,21.157],[82.663,21.155],[82.684,21.161],[82.686,21.165],[82.697,21.164],[82.699,21.159],[82.716,21.16],[82.721,21.166],[82.741,21.163],[82.756,21.167],[82.768,21.159],[82.786,21.145],[82.794,21.143],[82.8,21.156],[82.812,21.161],[82.842,21.167],[82.852,21.168],[82.85,21.161],[82.868,21.16],[82.882,21.148],[82.894,21.156],[82.901,21.166],[82.915,21.162],[82.934,21.164],[82.942,21.161],[82.948,21.164],[82.943,21.171],[82.947,21.182],[82.965,21.193],[82.968,21.183],[82.978,21.182],[82.986,21.176],[82.986,21.168],[83.001,21.17],[82.986,21.15],[82.99,21.14],[83.005,21.137],[83.012,21.145],[83.02,21.143],[83.023,21.137],[83.039,21.132],[83.045,21.124],[83.066,21.121],[83.078,21.112],[83.094,21.113],[83.101,21.11],[83.114,21.113],[83.131,21.106],[83.139,21.109],[83.157,21.13],[83.168,21.139],[83.178,21.135],[83.192,21.139],[83.198,21.145],[83.197,21.152],[83.199,21.164],[83.209,21.189],[83.215,21.195],[83.211,21.205],[83.217,21.213],[83.218,21.226],[83.222,21.232],[83.218,21.256],[83.222,21.266],[83.23,21.272],[83.238,21.27],[83.246,21.281],[83.256,21.282],[83.268,21.277],[83.279,21.295],[83.274,21.301],[83.262,21.308],[83.258,21.321],[83.263,21.33],[83.259,21.338],[83.268,21.345],[83.275,21.364],[83.274,21.377],[83.286,21.378],[83.312,21.37],[83.323,21.362],[83.345,21.358],[83.348,21.356],[83.38,21.345],[83.39,21.343],[83.4,21.346],[83.407,21.352],[83.408,21.36],[83.397,21.366],[83.4,21.377],[83.397,21.39],[83.399,21.405],[83.385,21.415],[83.375,21.428],[83.372,21.437],[83.373,21.443],[83.354,21.448],[83.345,21.479],[83.346,21.491],[83.338,21.502],[83.349,21.512],[83.357,21.528],[83.358,21.538],[83.366,21.547],[83.372,21.563],[83.365,21.576],[83.369,21.585],[83.37,21.6],[83.38,21.608],[83.393,21.627],[83.404,21.631],[83.416,21.641],[83.424,21.642],[83.429,21.647],[83.443,21.655],[83.451,21.651],[83.445,21.642],[83.444,21.624],[83.453,21.622],[83.452,21.613],[83.461,21.608],[83.466,21.61],[83.474,21.632],[83.487,21.63],[83.492,21.638],[83.487,21.643],[83.47,21.648],[83.446,21.658],[83.429,21.676],[83.418,21.68],[83.423,21.69],[83.433,21.7],[83.454,21.695],[83.461,21.698],[83.462,21.708],[83.475,21.72],[83.489,21.748],[83.476,21.753],[83.482,21.766],[83.477,21.778],[83.469,21.787],[83.483,21.792],[83.488,21.797],[83.488,21.807],[83.493,21.818],[83.507,21.807],[83.526,21.798],[83.542,21.798],[83.544,21.805],[83.539,21.812],[83.541,21.821],[83.533,21.825],[83.532,21.832],[83.542,21.839],[83.553,21.841],[83.576,21.831],[83.588,21.845],[83.591,21.851],[83.574,21.875],[83.578,21.888],[83.586,21.893],[83.586,21.903],[83.603,21.909],[83.606,21.914],[83.59,21.93],[83.557,21.935],[83.562,21.948],[83.542,21.962],[83.537,21.978],[83.544,21.988],[83.544,21.995],[83.556,22.007],[83.54,22.02],[83.536,22.031],[83.537,22.044],[83.545,22.058],[83.55,22.054],[83.59,22.055],[83.602,22.059],[83.607,22.067],[83.594,22.073],[83.575,22.091],[83.563,22.095],[83.563,22.103],[83.576,22.121],[83.583,22.124],[83.594,22.14],[83.608,22.154],[83.613,22.178],[83.628,22.204],[83.65,22.223],[83.655,22.22],[83.666,22.233],[83.692,22.243],[83.706,22.247],[83.712,22.243],[83.73,22.243],[83.743,22.24],[83.758,22.24],[83.76,22.251],[83.773,22.256],[83.78,22.274],[83.791,22.276],[83.795,22.286],[83.803,22.29],[83.825,22.292],[83.823,22.301],[83.826,22.305],[83.821,22.312],[83.83,22.323],[83.836,22.323],[83.852,22.328],[83.854,22.336],[83.866,22.343],[83.879,22.335],[83.897,22.338],[83.907,22.351],[83.923,22.358],[83.933,22.354],[83.944,22.355],[83.957,22.363],[83.971,22.359],[83.983,22.367],[84.005,22.374],[84.014,22.397],[84.031,22.427],[84.039,22.43],[84.047,22.437],[84.046,22.463],[84.047,22.469],[84.041,22.473],[84.027,22.475],[84.019,22.488],[84.003,22.493],[83.998,22.498],[83.985,22.5],[83.975,22.512],[83.981,22.516],[83.982,22.523],[84.004,22.532],[84.009,22.526],[84.01,22.532],[84.003,22.546],[84.008,22.554],[84.012,22.576],[84.023,22.586],[84.024,22.592],[84.049,22.595],[84.065,22.612],[84.07,22.622],[84.084,22.638],[84.095,22.635],[84.111,22.641],[84.124,22.637],[84.14,22.638],[84.15,22.637],[84.163,22.645],[84.188,22.655],[84.2,22.667],[84.221,22.668],[84.233,22.681],[84.238,22.692],[84.233,22.7],[84.234,22.705],[84.23,22.737],[84.232,22.742],[84.243,22.752],[84.256,22.76],[84.26,22.768],[84.279,22.768],[84.289,22.766],[84.292,22.786],[84.299,22.796],[84.308,22.801],[84.315,22.801],[84.316,22.814],[84.322,22.82],[84.326,22.837],[84.323,22.848],[84.335,22.862],[84.344,22.86],[84.353,22.865],[84.36,22.861],[84.371,22.865],[84.373,22.872],[84.38,22.876],[84.382,22.897],[84.375,22.902],[84.378,22.91],[84.389,22.915],[84.396,22.926],[84.396,22.939],[84.393,22.946],[84.384,22.953],[84.383,22.964],[84.38,22.972],[84.373,22.979],[84.365,22.974],[84.351,22.978],[84.328,22.982],[84.319,22.974],[84.308,22.967],[84.292,22.964],[84.281,22.964],[84.274,22.986],[84.266,22.982],[84.254,22.972],[84.245,22.978],[84.243,22.983],[84.23,22.983],[84.219,22.979],[84.217,22.989],[84.2,23.006],[84.203,23.014],[84.202,23.021],[84.186,23.027],[84.175,23.01],[84.179,23.001],[84.175,22.997],[84.178,22.98],[84.171,22.97],[84.149,22.965],[84.146,22.981],[84.147,22.991],[84.138,23.004],[84.14,23.007],[84.126,23.033],[84.126,23.058],[84.133,23.065],[84.133,23.083],[84.124,23.09],[84.119,23.088],[84.109,23.098],[84.106,23.105],[84.09,23.112],[84.072,23.109],[84.063,23.113],[84.058,23.126],[84.049,23.135],[84.04,23.137],[84.032,23.158],[84.043,23.183],[84.055,23.191],[84.063,23.207],[84.056,23.22],[84.059,23.236],[84.054,23.247],[84.06,23.269],[84.064,23.277],[84.062,23.288],[84.067,23.294],[84.062,23.307],[84.074,23.334],[84.067,23.343],[84.052,23.36],[84.051,23.375],[84.036,23.379],[84.023,23.378],[84.015,23.369],[84.012,23.354],[83.997,23.359],[83.99,23.357],[83.969,23.367],[83.963,23.377],[83.962,23.385],[83.969,23.394],[83.98,23.414],[83.982,23.422],[83.973,23.455],[83.971,23.467],[83.976,23.476],[83.998,23.486],[84.001,23.494],[84.015,23.504],[84.022,23.528],[84.028,23.546],[84.026,23.557],[84.03,23.568],[84.028,23.591],[84.03,23.6],[84.017,23.608],[84.009,23.628],[84.014,23.634],[83.981,23.634],[83.981,23.625],[83.942,23.626],[83.932,23.62],[83.931,23.611],[83.933,23.601],[83.939,23.591],[83.94,23.571],[83.936,23.569],[83.919,23.576],[83.909,23.576],[83.894,23.583],[83.889,23.579],[83.851,23.587],[83.826,23.591],[83.817,23.595],[83.807,23.588],[83.801,23.601],[83.777,23.608],[83.776,23.618],[83.772,23.624],[83.759,23.626],[83.752,23.639],[83.761,23.648],[83.759,23.654],[83.739,23.667],[83.724,23.684],[83.725,23.691],[83.741,23.703],[83.746,23.72],[83.74,23.732],[83.738,23.761],[83.721,23.772],[83.722,23.788],[83.714,23.8],[83.704,23.807],[83.708,23.817],[83.703,23.823],[83.691,23.826],[83.684,23.819],[83.674,23.827],[83.665,23.828],[83.668,23.837],[83.667,23.844],[83.656,23.85],[83.646,23.847],[83.631,23.85],[83.617,23.856],[83.612,23.854],[83.591,23.863],[83.575,23.861],[83.569,23.867],[83.581,23.875],[83.586,23.883],[83.579,23.892],[83.57,23.895],[83.558,23.893],[83.553,23.898],[83.547,23.914],[83.549,23.934],[83.537,23.951],[83.528,23.958],[83.515,23.982],[83.514,23.996],[83.523,24.006],[83.524,24.012],[83.508,24.031],[83.475,24.041],[83.454,24.041],[83.438,24.058],[83.437,24.078],[83.434,24.084],[83.426,24.086],[83.421,24.083],[83.407,24.08],[83.401,24.092],[83.388,24.1],[83.364,24.103],[83.35,24.096],[83.33,24.102]]]},"properties":{"ST_NM":"Chhattisgarh","id":"chhattisgarh"}},{"type":"Feature","geometry":{"type":"Polygon","coordinates":[[[77.21,28.858],[77.197,28.859],[77.173,28.857],[77.154,28.837],[77.142,28.839],[77.145,28.852],[77.14,28.862],[77.132,28.863],[77.121,28.86],[77.11,28.87],[77.094,28.872],[77.082,28.882],[77.079,28.872],[77.069,28.867],[77.062,28.871],[77.055,28.863],[77.045,28.846],[77.04,28.832],[77.023,28.839],[77.007,28.841],[76.992,28.838],[76.98,28.821],[76.967,28.828],[76.962,28.815],[76.951,28.818],[76.946,28.81],[76.946,28.798],[76.953,28.792],[76.95,28.777],[76.956,28.767],[76.945,28.754],[76.959,28.743],[76.956,28.738],[76.96,28.729],[76.948,28.713],[76.968,28.7],[76.959,28.686],[76.956,28.671],[76.935,28.668],[76.925,28.65],[76.936,28.638],[76.945,28.633],[76.935,28.618],[76.921,28.631],[76.914,28.632],[76.906,28.624],[76.888,28.632],[76.882,28.623],[76.877,28.609],[76.871,28.602],[76.868,28.59],[76.863,28.585],[76.84,28.582],[76.839,28.573],[76.842,28.556],[76.848,28.549],[76.865,28.543],[76.867,28.535],[76.877,28.524],[76.887,28.521],[76.88,28.505],[76.891,28.501],[76.897,28.508],[76.908,28.514],[76.919,28.509],[76.933,28.51],[76.942,28.505],[76.952,28.504],[76.971,28.515],[76.978,28.521],[76.991,28.514],[76.997,28.52],[77.01,28.515],[77.017,28.521],[77,28.532],[77.007,28.541],[77.014,28.54],[77.024,28.533],[77.032,28.531],[77.048,28.521],[77.047,28.517],[77.06,28.512],[77.071,28.517],[77.08,28.518],[77.099,28.511],[77.098,28.505],[77.121,28.496],[77.113,28.471],[77.122,28.459],[77.124,28.445],[77.129,28.441],[77.141,28.437],[77.148,28.437],[77.166,28.426],[77.165,28.415],[77.174,28.405],[77.184,28.41],[77.191,28.407],[77.229,28.414],[77.238,28.421],[77.25,28.424],[77.253,28.433],[77.246,28.454],[77.233,28.458],[77.236,28.471],[77.243,28.479],[77.269,28.487],[77.277,28.493],[77.29,28.497],[77.301,28.494],[77.314,28.484],[77.327,28.49],[77.336,28.505],[77.345,28.513],[77.347,28.521],[77.334,28.525],[77.321,28.541],[77.304,28.552],[77.297,28.566],[77.301,28.582],[77.313,28.597],[77.337,28.602],[77.342,28.606],[77.343,28.622],[77.316,28.641],[77.32,28.651],[77.324,28.677],[77.333,28.682],[77.33,28.69],[77.323,28.699],[77.326,28.71],[77.317,28.713],[77.305,28.713],[77.292,28.706],[77.286,28.715],[77.291,28.722],[77.276,28.735],[77.261,28.734],[77.256,28.739],[77.259,28.75],[77.236,28.761],[77.236,28.771],[77.222,28.777],[77.229,28.787],[77.215,28.785],[77.203,28.793],[77.199,28.798],[77.201,28.812],[77.219,28.808],[77.22,28.819],[77.224,28.826],[77.217,28.842],[77.217,28.851],[77.21,28.858]]]},"properties":{"ST_NM":"Delhi","id":"delhi"}},{"type":"Feature","geometry":{"type":"Polygon","coordinates":[[[74.118,15.652],[74.113,15.646],[74.095,15.642],[74.084,15.634],[74.049,15.624],[74.032,15.622],[74.026,15.61],[74.021,15.606],[74.003,15.612],[73.991,15.611],[73.979,15.627],[73.971,15.627],[73.961,15.641],[73.961,15.648],[73.968,15.66],[73.963,15.671],[73.963,15.692],[73.957,15.7],[73.947,15.699],[73.952,15.713],[73.942,15.728],[73.939,15.743],[73.915,15.744],[73.909,15.748],[73.899,15.745],[73.893,15.748],[73.878,15.749],[73.872,15.759],[73.88,15.774],[73.866,15.785],[73.867,15.797],[73.856,15.801],[73.85,15.789],[73.84,15.775],[73.838,15.767],[73.829,15.764],[73.831,15.753],[73.825,15.742],[73.817,15.739],[73.81,15.743],[73.806,15.738],[73.789,15.734],[73.785,15.725],[73.773,15.728],[73.759,15.735],[73.743,15.736],[73.733,15.728],[73.731,15.721],[73.711,15.726],[73.694,15.723],[73.688,15.729],[73.675,15.727],[73.689,15.718],[73.703,15.688],[73.705,15.676],[73.723,15.631],[73.728,15.628],[73.733,15.618],[73.734,15.594],[73.742,15.571],[73.742,15.564],[73.749,15.562],[73.756,15.542],[73.768,15.501],[73.769,15.491],[73.786,15.493],[73.792,15.5],[73.802,15.496],[73.81,15.496],[73.808,15.472],[73.799,15.454],[73.813,15.456],[73.831,15.454],[73.841,15.448],[73.847,15.453],[73.86,15.442],[73.865,15.429],[73.884,15.434],[73.895,15.42],[73.904,15.418],[73.911,15.425],[73.918,15.426],[73.927,15.436],[73.936,15.432],[73.926,15.423],[73.926,15.416],[73.94,15.409],[73.922,15.405],[73.899,15.404],[73.893,15.409],[73.883,15.399],[73.875,15.396],[73.866,15.402],[73.851,15.401],[73.841,15.41],[73.835,15.409],[73.829,15.403],[73.818,15.411],[73.817,15.404],[73.806,15.399],[73.804,15.406],[73.795,15.414],[73.784,15.414],[73.791,15.394],[73.807,15.393],[73.808,15.377],[73.822,15.372],[73.835,15.369],[73.843,15.36],[73.852,15.361],[73.854,15.366],[73.871,15.371],[73.879,15.363],[73.892,15.337],[73.902,15.312],[73.912,15.279],[73.917,15.264],[73.929,15.224],[73.937,15.189],[73.949,15.145],[73.939,15.134],[73.941,15.121],[73.926,15.11],[73.927,15.097],[73.924,15.092],[73.931,15.084],[73.932,15.079],[73.942,15.075],[73.954,15.074],[73.97,15.06],[73.972,15.052],[73.982,15.053],[73.99,15.034],[73.989,15.021],[73.997,15.022],[74.002,15.017],[74.021,15.012],[74.035,14.997],[74.05,14.959],[74.044,14.947],[74.047,14.932],[74.042,14.923],[74.044,14.918],[74.057,14.915],[74.06,14.911],[74.081,14.911],[74.086,14.901],[74.094,14.911],[74.105,14.913],[74.114,14.918],[74.12,14.917],[74.124,14.925],[74.146,14.919],[74.162,14.912],[74.166,14.916],[74.163,14.927],[74.155,14.939],[74.155,14.946],[74.163,14.958],[74.179,14.957],[74.182,14.949],[74.191,14.945],[74.195,14.94],[74.191,14.933],[74.2,14.926],[74.217,14.946],[74.232,14.953],[74.233,14.964],[74.237,14.967],[74.252,14.959],[74.255,14.97],[74.264,14.979],[74.252,14.993],[74.254,14.998],[74.268,15.002],[74.267,15.007],[74.283,15.023],[74.283,15.032],[74.297,15.041],[74.29,15.054],[74.29,15.065],[74.281,15.069],[74.28,15.088],[74.273,15.098],[74.276,15.105],[74.283,15.106],[74.285,15.114],[74.284,15.143],[74.285,15.149],[74.296,15.151],[74.304,15.163],[74.314,15.18],[74.316,15.188],[74.31,15.195],[74.31,15.205],[74.306,15.21],[74.302,15.224],[74.292,15.234],[74.26,15.241],[74.252,15.251],[74.251,15.259],[74.261,15.26],[74.271,15.281],[74.282,15.28],[74.293,15.284],[74.296,15.289],[74.308,15.283],[74.326,15.283],[74.336,15.296],[74.324,15.31],[74.317,15.329],[74.322,15.344],[74.316,15.36],[74.323,15.367],[74.309,15.374],[74.299,15.382],[74.283,15.383],[74.276,15.392],[74.278,15.406],[74.269,15.419],[74.27,15.426],[74.277,15.435],[74.276,15.449],[74.265,15.471],[74.251,15.492],[74.252,15.499],[74.26,15.506],[74.27,15.51],[74.279,15.518],[74.282,15.534],[74.277,15.547],[74.265,15.558],[74.249,15.568],[74.249,15.58],[74.26,15.593],[74.26,15.607],[74.264,15.616],[74.254,15.627],[74.244,15.626],[74.252,15.654],[74.239,15.663],[74.228,15.664],[74.224,15.669],[74.215,15.663],[74.218,15.653],[74.205,15.651],[74.203,15.663],[74.187,15.667],[74.182,15.682],[74.167,15.672],[74.164,15.654],[74.158,15.655],[74.136,15.648],[74.118,15.652]]]},"properties":{"ST_NM":"Goa","id":"goa"}},{"type":"Feature","geometry":{"type":"Polygon","coordinates":[[[77.586,30.38],[77.581,30.378],[77.556,30.39],[77.552,30.399],[77.544,30.406],[77.532,30.421],[77.529,30.437],[77.518,30.443],[77.506,30.426],[77.505,30.408],[77.495,30.405],[77.49,30.411],[77.468,30.4],[77.452,30.4],[77.443,30.395],[77.437,30.403],[77.423,30.403],[77.432,30.416],[77.443,30.417],[77.463,30.449],[77.454,30.456],[77.449,30.446],[77.443,30.443],[77.434,30.431],[77.421,30.424],[77.414,30.417],[77.403,30.412],[77.398,30.416],[77.405,30.424],[77.403,30.429],[77.391,30.43],[77.389,30.438],[77.364,30.441],[77.354,30.458],[77.343,30.457],[77.33,30.453],[77.323,30.446],[77.311,30.451],[77.305,30.458],[77.285,30.465],[77.277,30.464],[77.276,30.475],[77.27,30.481],[77.243,30.476],[77.226,30.48],[77.22,30.477],[77.212,30.465],[77.208,30.474],[77.207,30.506],[77.193,30.526],[77.185,30.527],[77.169,30.536],[77.151,30.537],[77.135,30.545],[77.124,30.565],[77.136,30.57],[77.141,30.58],[77.147,30.578],[77.157,30.585],[77.163,30.595],[77.172,30.601],[77.171,30.628],[77.177,30.636],[77.165,30.647],[77.163,30.655],[77.169,30.67],[77.161,30.681],[77.164,30.686],[77.148,30.7],[77.129,30.711],[77.123,30.721],[77.116,30.723],[77.097,30.738],[77.079,30.741],[77.069,30.738],[77.057,30.742],[77.051,30.749],[77.044,30.746],[77.046,30.737],[77.03,30.734],[77.021,30.74],[77.019,30.765],[77.01,30.767],[77.005,30.772],[77.016,30.776],[77.018,30.786],[77.013,30.789],[77.011,30.811],[77.002,30.806],[76.999,30.812],[76.982,30.814],[76.965,30.826],[76.949,30.824],[76.944,30.838],[76.951,30.851],[76.934,30.875],[76.925,30.874],[76.915,30.89],[76.899,30.893],[76.895,30.887],[76.876,30.881],[76.87,30.873],[76.851,30.89],[76.841,30.892],[76.834,30.905],[76.827,30.913],[76.829,30.917],[76.825,30.927],[76.811,30.924],[76.798,30.915],[76.787,30.913],[76.777,30.904],[76.777,30.897],[76.784,30.878],[76.79,30.87],[76.801,30.866],[76.815,30.852],[76.814,30.843],[76.826,30.841],[76.847,30.834],[76.849,30.814],[76.845,30.807],[76.857,30.795],[76.854,30.787],[76.842,30.775],[76.838,30.755],[76.834,30.75],[76.833,30.739],[76.837,30.733],[76.845,30.732],[76.849,30.723],[76.844,30.708],[76.836,30.704],[76.829,30.695],[76.829,30.681],[76.833,30.663],[76.846,30.669],[76.847,30.657],[76.862,30.664],[76.868,30.674],[76.874,30.674],[76.871,30.642],[76.881,30.645],[76.896,30.636],[76.896,30.629],[76.903,30.624],[76.91,30.626],[76.912,30.613],[76.926,30.61],[76.927,30.604],[76.92,30.593],[76.918,30.576],[76.909,30.565],[76.915,30.562],[76.916,30.554],[76.905,30.543],[76.896,30.538],[76.913,30.534],[76.916,30.526],[76.932,30.522],[76.929,30.508],[76.931,30.501],[76.92,30.49],[76.911,30.494],[76.899,30.489],[76.897,30.481],[76.907,30.474],[76.912,30.466],[76.903,30.454],[76.896,30.44],[76.891,30.441],[76.886,30.43],[76.899,30.426],[76.915,30.425],[76.911,30.419],[76.918,30.406],[76.911,30.4],[76.931,30.401],[76.939,30.395],[76.933,30.382],[76.921,30.375],[76.916,30.365],[76.898,30.359],[76.891,30.372],[76.898,30.382],[76.886,30.394],[76.882,30.401],[76.883,30.409],[76.874,30.41],[76.856,30.418],[76.851,30.435],[76.847,30.438],[76.836,30.43],[76.839,30.426],[76.823,30.412],[76.811,30.416],[76.804,30.413],[76.795,30.419],[76.79,30.415],[76.777,30.425],[76.788,30.434],[76.776,30.441],[76.769,30.431],[76.761,30.428],[76.749,30.429],[76.741,30.426],[76.735,30.419],[76.74,30.411],[76.728,30.4],[76.715,30.403],[76.713,30.388],[76.724,30.372],[76.725,30.362],[76.738,30.37],[76.746,30.367],[76.748,30.353],[76.738,30.346],[76.733,30.348],[76.722,30.333],[76.716,30.336],[76.711,30.326],[76.7,30.328],[76.695,30.322],[76.688,30.327],[76.681,30.318],[76.686,30.315],[76.677,30.308],[76.67,30.312],[76.65,30.291],[76.639,30.284],[76.623,30.265],[76.614,30.272],[76.609,30.268],[76.601,30.27],[76.593,30.262],[76.584,30.27],[76.572,30.265],[76.557,30.262],[76.558,30.25],[76.566,30.232],[76.585,30.245],[76.591,30.253],[76.603,30.252],[76.604,30.238],[76.624,30.228],[76.625,30.219],[76.615,30.211],[76.621,30.205],[76.639,30.206],[76.653,30.201],[76.65,30.191],[76.656,30.185],[76.652,30.177],[76.636,30.169],[76.629,30.179],[76.645,30.189],[76.636,30.197],[76.617,30.201],[76.603,30.193],[76.6,30.184],[76.622,30.168],[76.633,30.167],[76.64,30.15],[76.621,30.137],[76.599,30.113],[76.577,30.11],[76.566,30.114],[76.553,30.122],[76.549,30.112],[76.558,30.11],[76.575,30.102],[76.561,30.093],[76.558,30.085],[76.547,30.076],[76.535,30.075],[76.532,30.078],[76.516,30.073],[76.513,30.086],[76.503,30.095],[76.491,30.095],[76.463,30.101],[76.456,30.115],[76.46,30.129],[76.451,30.132],[76.441,30.131],[76.438,30.142],[76.428,30.151],[76.436,30.156],[76.441,30.166],[76.435,30.176],[76.434,30.183],[76.422,30.192],[76.406,30.19],[76.403,30.182],[76.396,30.18],[76.387,30.171],[76.395,30.158],[76.409,30.147],[76.401,30.139],[76.391,30.135],[76.399,30.116],[76.389,30.113],[76.368,30.118],[76.363,30.124],[76.359,30.14],[76.35,30.147],[76.333,30.138],[76.342,30.126],[76.352,30.122],[76.354,30.117],[76.34,30.099],[76.334,30.1],[76.319,30.097],[76.309,30.108],[76.297,30.114],[76.285,30.106],[76.275,30.115],[76.268,30.114],[76.254,30.122],[76.256,30.126],[76.243,30.132],[76.227,30.145],[76.21,30.155],[76.207,30.145],[76.223,30.127],[76.216,30.124],[76.22,30.116],[76.229,30.107],[76.241,30.102],[76.249,30.092],[76.249,30.085],[76.236,30.068],[76.226,30.059],[76.228,30.053],[76.222,30.048],[76.223,30.037],[76.214,30.032],[76.214,30.023],[76.231,30.016],[76.225,30.008],[76.21,30.005],[76.207,29.994],[76.211,29.988],[76.205,29.974],[76.195,29.966],[76.191,29.955],[76.178,29.942],[76.178,29.933],[76.172,29.926],[76.182,29.923],[76.188,29.917],[76.189,29.909],[76.186,29.892],[76.193,29.886],[76.219,29.884],[76.23,29.885],[76.247,29.874],[76.244,29.869],[76.244,29.852],[76.232,29.854],[76.213,29.842],[76.196,29.842],[76.185,29.823],[76.172,29.818],[76.148,29.82],[76.129,29.797],[76.12,29.8],[76.105,29.812],[76.098,29.811],[76.09,29.801],[76.085,29.801],[76.085,29.785],[76.077,29.775],[76.067,29.774],[76.043,29.743],[76.031,29.748],[76.017,29.743],[75.994,29.739],[75.984,29.727],[75.951,29.732],[75.939,29.731],[75.922,29.738],[75.915,29.747],[75.906,29.754],[75.899,29.746],[75.886,29.745],[75.884,29.75],[75.87,29.749],[75.867,29.767],[75.851,29.773],[75.844,29.79],[75.837,29.794],[75.835,29.814],[75.816,29.804],[75.806,29.805],[75.789,29.811],[75.779,29.822],[75.763,29.811],[75.758,29.806],[75.747,29.807],[75.738,29.814],[75.721,29.813],[75.714,29.802],[75.716,29.79],[75.71,29.781],[75.712,29.774],[75.705,29.764],[75.709,29.755],[75.703,29.752],[75.692,29.755],[75.683,29.766],[75.678,29.776],[75.661,29.777],[75.635,29.772],[75.634,29.755],[75.63,29.75],[75.617,29.744],[75.601,29.75],[75.59,29.748],[75.58,29.739],[75.572,29.743],[75.57,29.757],[75.561,29.771],[75.533,29.771],[75.527,29.762],[75.519,29.776],[75.503,29.778],[75.499,29.783],[75.486,29.792],[75.48,29.793],[75.462,29.808],[75.453,29.802],[75.458,29.795],[75.454,29.782],[75.448,29.784],[75.438,29.78],[75.428,29.771],[75.414,29.77],[75.405,29.758],[75.405,29.739],[75.396,29.739],[75.395,29.733],[75.388,29.728],[75.393,29.721],[75.384,29.712],[75.376,29.714],[75.371,29.704],[75.359,29.706],[75.359,29.7],[75.346,29.696],[75.354,29.675],[75.36,29.668],[75.358,29.661],[75.349,29.667],[75.341,29.675],[75.333,29.673],[75.332,29.663],[75.322,29.652],[75.323,29.642],[75.317,29.631],[75.306,29.625],[75.296,29.625],[75.295,29.616],[75.29,29.607],[75.303,29.603],[75.305,29.596],[75.314,29.589],[75.31,29.576],[75.309,29.561],[75.296,29.559],[75.281,29.561],[75.28,29.554],[75.271,29.549],[75.258,29.549],[75.242,29.546],[75.234,29.57],[75.23,29.577],[75.222,29.58],[75.235,29.602],[75.222,29.61],[75.219,29.616],[75.207,29.622],[75.198,29.619],[75.182,29.629],[75.183,29.638],[75.188,29.652],[75.175,29.656],[75.168,29.667],[75.188,29.681],[75.199,29.68],[75.207,29.688],[75.207,29.702],[75.198,29.703],[75.197,29.716],[75.201,29.726],[75.208,29.738],[75.216,29.738],[75.226,29.729],[75.238,29.74],[75.242,29.755],[75.236,29.76],[75.224,29.781],[75.226,29.789],[75.216,29.788],[75.209,29.793],[75.21,29.817],[75.214,29.824],[75.21,29.833],[75.191,29.841],[75.176,29.828],[75.164,29.824],[75.159,29.801],[75.167,29.788],[75.165,29.782],[75.151,29.776],[75.14,29.786],[75.137,29.806],[75.127,29.807],[75.119,29.803],[75.101,29.807],[75.1,29.819],[75.105,29.824],[75.119,29.831],[75.111,29.842],[75.103,29.842],[75.091,29.853],[75.093,29.858],[75.107,29.868],[75.115,29.879],[75.11,29.893],[75.11,29.902],[75.089,29.917],[75.075,29.896],[75.074,29.882],[75.07,29.877],[75.056,29.878],[75.048,29.885],[75.033,29.88],[75.022,29.866],[75.006,29.869],[74.998,29.866],[74.99,29.868],[74.977,29.888],[74.979,29.894],[74.952,29.903],[74.936,29.927],[74.936,29.929],[74.923,29.952],[74.919,29.947],[74.905,29.94],[74.897,29.939],[74.903,29.952],[74.888,29.967],[74.876,29.958],[74.864,29.96],[74.856,29.956],[74.845,29.964],[74.838,29.971],[74.825,29.975],[74.824,29.986],[74.816,29.992],[74.806,29.992],[74.779,29.972],[74.763,29.973],[74.753,29.968],[74.74,29.968],[74.731,29.961],[74.702,29.972],[74.694,29.967],[74.686,29.949],[74.658,29.932],[74.649,29.921],[74.647,29.904],[74.629,29.905],[74.597,29.912],[74.582,29.924],[74.564,29.928],[74.542,29.94],[74.532,29.949],[74.527,29.943],[74.519,29.93],[74.515,29.916],[74.51,29.908],[74.522,29.902],[74.544,29.901],[74.551,29.882],[74.561,29.87],[74.558,29.862],[74.546,29.846],[74.539,29.841],[74.508,29.833],[74.484,29.814],[74.479,29.803],[74.474,29.787],[74.474,29.768],[74.477,29.745],[74.52,29.74],[74.535,29.741],[74.546,29.753],[74.562,29.756],[74.581,29.752],[74.587,29.767],[74.601,29.766],[74.603,29.758],[74.616,29.752],[74.61,29.744],[74.608,29.732],[74.61,29.722],[74.6,29.697],[74.601,29.691],[74.593,29.677],[74.585,29.654],[74.591,29.64],[74.589,29.631],[74.582,29.628],[74.578,29.6],[74.576,29.56],[74.595,29.545],[74.602,29.544],[74.615,29.534],[74.623,29.531],[74.622,29.522],[74.601,29.501],[74.595,29.489],[74.596,29.482],[74.585,29.458],[74.575,29.465],[74.543,29.468],[74.538,29.462],[74.535,29.448],[74.537,29.425],[74.549,29.425],[74.566,29.421],[74.574,29.406],[74.578,29.388],[74.585,29.379],[74.603,29.365],[74.607,29.354],[74.602,29.341],[74.6,29.329],[74.604,29.327],[74.634,29.33],[74.654,29.333],[74.652,29.351],[74.658,29.372],[74.68,29.369],[74.689,29.366],[74.708,29.367],[74.719,29.37],[74.74,29.354],[74.762,29.354],[74.782,29.358],[74.792,29.366],[74.82,29.397],[74.845,29.4],[74.851,29.404],[74.873,29.394],[74.878,29.384],[74.9,29.385],[74.918,29.37],[74.938,29.362],[74.94,29.34],[74.954,29.333],[74.961,29.318],[74.948,29.301],[74.956,29.286],[74.962,29.28],[74.983,29.281],[74.999,29.271],[75.017,29.284],[75.036,29.288],[75.05,29.286],[75.06,29.276],[75.061,29.265],[75.071,29.252],[75.074,29.245],[75.075,29.23],[75.105,29.224],[75.12,29.223],[75.124,29.24],[75.138,29.239],[75.157,29.242],[75.174,29.251],[75.169,29.259],[75.188,29.268],[75.196,29.263],[75.201,29.249],[75.21,29.235],[75.218,29.232],[75.238,29.23],[75.242,29.236],[75.245,29.25],[75.256,29.252],[75.285,29.249],[75.286,29.269],[75.288,29.273],[75.298,29.272],[75.307,29.275],[75.319,29.284],[75.323,29.289],[75.335,29.287],[75.34,29.283],[75.339,29.252],[75.33,29.233],[75.343,29.229],[75.356,29.223],[75.361,29.229],[75.362,29.243],[75.379,29.257],[75.389,29.261],[75.403,29.26],[75.411,29.256],[75.412,29.242],[75.397,29.218],[75.405,29.214],[75.411,29.207],[75.412,29.191],[75.414,29.184],[75.409,29.18],[75.407,29.17],[75.382,29.168],[75.381,29.151],[75.375,29.135],[75.383,29.13],[75.402,29.128],[75.406,29.12],[75.397,29.113],[75.392,29.102],[75.394,29.073],[75.391,29.063],[75.411,29.062],[75.432,29.056],[75.442,29.058],[75.444,29.048],[75.45,29.042],[75.443,29.021],[75.446,29.009],[75.458,29.014],[75.475,29.014],[75.488,29.012],[75.505,29.012],[75.521,29.004],[75.527,28.986],[75.527,28.971],[75.521,28.963],[75.51,28.954],[75.506,28.936],[75.499,28.934],[75.477,28.935],[75.473,28.923],[75.488,28.903],[75.497,28.896],[75.499,28.87],[75.497,28.855],[75.505,28.851],[75.508,28.839],[75.52,28.835],[75.519,28.817],[75.509,28.803],[75.508,28.789],[75.516,28.771],[75.53,28.747],[75.53,28.738],[75.538,28.727],[75.539,28.695],[75.544,28.684],[75.541,28.66],[75.55,28.641],[75.555,28.644],[75.561,28.636],[75.561,28.613],[75.587,28.613],[75.59,28.606],[75.619,28.603],[75.624,28.596],[75.623,28.589],[75.626,28.565],[75.634,28.544],[75.654,28.536],[75.664,28.537],[75.67,28.53],[75.671,28.517],[75.684,28.511],[75.69,28.5],[75.701,28.493],[75.726,28.49],[75.734,28.485],[75.736,28.469],[75.767,28.461],[75.788,28.454],[75.792,28.445],[75.789,28.434],[75.77,28.423],[75.77,28.412],[75.777,28.4],[75.785,28.402],[75.795,28.4],[75.8,28.407],[75.81,28.406],[75.819,28.41],[75.822,28.403],[75.833,28.405],[75.84,28.394],[75.845,28.392],[75.887,28.385],[75.893,28.39],[75.9,28.378],[75.909,28.371],[75.917,28.372],[75.93,28.359],[75.93,28.347],[75.933,28.337],[75.954,28.334],[75.958,28.314],[75.972,28.319],[75.978,28.309],[75.978,28.302],[75.986,28.293],[75.999,28.286],[76.026,28.275],[76.016,28.255],[76.013,28.244],[76.018,28.235],[76.028,28.233],[76.04,28.222],[76.056,28.22],[76.051,28.196],[76.072,28.194],[76.074,28.19],[76.074,28.174],[76.076,28.169],[76.095,28.151],[76.095,28.141],[76.084,28.137],[76.076,28.137],[76.065,28.142],[76.07,28.165],[76.062,28.167],[76.041,28.166],[76.032,28.168],[76.026,28.165],[76.017,28.15],[76.007,28.153],[76.004,28.149],[75.999,28.123],[75.977,28.125],[75.967,28.114],[75.962,28.115],[75.946,28.108],[75.939,28.088],[75.951,28.086],[75.965,28.08],[75.972,28.083],[75.983,28.081],[75.989,28.069],[75.982,28.057],[75.975,28.051],[75.993,28.046],[75.999,28.057],[76.007,28.059],[76.01,28.068],[76.016,28.073],[76.023,28.086],[76.037,28.079],[76.041,28.074],[76.025,28.054],[76.017,28.053],[76.019,28.042],[76.016,28.03],[75.994,28.035],[75.977,28.031],[75.971,28.016],[75.995,28.009],[75.994,28.003],[75.987,27.998],[75.967,28],[75.967,27.982],[75.986,27.979],[75.995,27.975],[75.982,27.965],[75.978,27.954],[75.983,27.951],[75.973,27.933],[75.958,27.938],[75.952,27.948],[75.937,27.938],[75.933,27.929],[75.94,27.923],[75.942,27.913],[75.949,27.915],[75.968,27.914],[75.987,27.904],[75.975,27.894],[75.984,27.883],[75.978,27.874],[75.979,27.865],[75.972,27.861],[75.971,27.852],[75.987,27.842],[76.005,27.834],[76.01,27.842],[76.036,27.837],[76.041,27.841],[76.048,27.835],[76.061,27.848],[76.075,27.844],[76.086,27.845],[76.088,27.861],[76.109,27.853],[76.123,27.851],[76.128,27.844],[76.135,27.839],[76.132,27.824],[76.154,27.82],[76.172,27.805],[76.172,27.8],[76.181,27.798],[76.192,27.809],[76.199,27.821],[76.209,27.816],[76.217,27.817],[76.225,27.833],[76.209,27.84],[76.212,27.846],[76.194,27.86],[76.194,27.877],[76.2,27.878],[76.201,27.893],[76.185,27.899],[76.168,27.903],[76.168,27.911],[76.174,27.93],[76.177,27.93],[76.182,27.952],[76.182,27.962],[76.187,27.965],[76.163,27.973],[76.167,27.983],[76.158,27.987],[76.16,27.998],[76.17,28.007],[76.173,28.017],[76.181,28.021],[76.197,28.015],[76.203,28.028],[76.215,28.027],[76.217,28.035],[76.204,28.038],[76.197,28.03],[76.178,28.046],[76.18,28.054],[76.189,28.056],[76.21,28.056],[76.209,28.052],[76.228,28.048],[76.238,28.05],[76.243,28.064],[76.261,28.068],[76.284,28.057],[76.284,28.051],[76.294,28.049],[76.291,28.035],[76.292,28.026],[76.321,28.016],[76.329,28.019],[76.342,28.031],[76.348,28.042],[76.357,28.067],[76.333,28.077],[76.329,28.087],[76.319,28.089],[76.301,28.098],[76.309,28.108],[76.319,28.108],[76.337,28.103],[76.35,28.114],[76.36,28.125],[76.333,28.134],[76.33,28.143],[76.315,28.15],[76.31,28.146],[76.298,28.149],[76.303,28.155],[76.301,28.16],[76.283,28.164],[76.29,28.17],[76.292,28.179],[76.305,28.176],[76.307,28.179],[76.332,28.17],[76.344,28.17],[76.358,28.161],[76.357,28.144],[76.366,28.137],[76.381,28.133],[76.391,28.135],[76.4,28.145],[76.432,28.141],[76.436,28.149],[76.459,28.148],[76.465,28.152],[76.476,28.149],[76.472,28.135],[76.492,28.13],[76.487,28.12],[76.502,28.119],[76.499,28.1],[76.481,28.1],[76.476,28.108],[76.464,28.109],[76.458,28.106],[76.452,28.091],[76.448,28.089],[76.467,28.079],[76.479,28.078],[76.501,28.06],[76.495,28.053],[76.482,28.053],[76.475,28.057],[76.462,28.059],[76.455,28.042],[76.48,28.041],[76.497,28.043],[76.503,28.031],[76.51,28.03],[76.519,28.032],[76.529,28.04],[76.544,28.034],[76.539,28.024],[76.545,28.011],[76.541,27.985],[76.536,27.98],[76.538,27.968],[76.545,27.964],[76.56,27.966],[76.563,27.978],[76.579,27.979],[76.583,27.992],[76.589,27.998],[76.601,28],[76.605,28.004],[76.641,28.002],[76.659,28.008],[76.668,28.014],[76.665,28.026],[76.654,28.035],[76.659,28.043],[76.652,28.062],[76.657,28.089],[76.663,28.091],[76.685,28.092],[76.698,28.112],[76.703,28.108],[76.712,28.125],[76.716,28.128],[76.744,28.121],[76.754,28.136],[76.762,28.143],[76.776,28.144],[76.784,28.151],[76.795,28.148],[76.8,28.16],[76.795,28.17],[76.797,28.192],[76.808,28.186],[76.813,28.193],[76.805,28.197],[76.805,28.206],[76.814,28.209],[76.831,28.209],[76.838,28.22],[76.848,28.222],[76.875,28.218],[76.871,28.207],[76.891,28.205],[76.902,28.199],[76.892,28.193],[76.893,28.184],[76.902,28.181],[76.911,28.17],[76.919,28.167],[76.932,28.153],[76.951,28.149],[76.958,28.142],[76.971,28.138],[76.962,28.111],[76.961,28.1],[76.958,28.088],[76.958,28.077],[76.954,28.063],[76.949,28.058],[76.94,28.044],[76.938,28.022],[76.931,27.993],[76.933,27.982],[76.933,27.962],[76.93,27.941],[76.932,27.923],[76.949,27.919],[76.951,27.896],[76.938,27.897],[76.937,27.879],[76.943,27.854],[76.942,27.843],[76.936,27.829],[76.915,27.835],[76.91,27.815],[76.919,27.804],[76.911,27.796],[76.913,27.789],[76.902,27.776],[76.899,27.738],[76.892,27.733],[76.894,27.718],[76.905,27.717],[76.919,27.71],[76.924,27.7],[76.908,27.694],[76.894,27.701],[76.891,27.695],[76.906,27.686],[76.898,27.678],[76.911,27.668],[76.906,27.662],[76.915,27.653],[76.925,27.661],[76.933,27.658],[76.942,27.674],[76.958,27.663],[76.979,27.654],[76.982,27.679],[76.985,27.684],[76.991,27.711],[77,27.737],[77.012,27.732],[77.02,27.746],[77.045,27.743],[77.049,27.732],[77.06,27.727],[77.086,27.738],[77.078,27.751],[77.08,27.758],[77.075,27.767],[77.06,27.761],[77.057,27.771],[77.036,27.782],[77.027,27.779],[77.032,27.797],[77.045,27.822],[77.064,27.812],[77.075,27.814],[77.081,27.805],[77.108,27.786],[77.122,27.793],[77.135,27.787],[77.156,27.785],[77.161,27.793],[77.162,27.803],[77.157,27.809],[77.158,27.816],[77.168,27.814],[77.18,27.818],[77.19,27.809],[77.185,27.803],[77.179,27.805],[77.169,27.792],[77.177,27.786],[77.183,27.788],[77.199,27.8],[77.191,27.81],[77.202,27.823],[77.213,27.809],[77.213,27.802],[77.227,27.799],[77.238,27.793],[77.243,27.785],[77.252,27.791],[77.264,27.805],[77.269,27.815],[77.284,27.801],[77.291,27.811],[77.299,27.816],[77.297,27.825],[77.312,27.828],[77.321,27.825],[77.331,27.831],[77.335,27.847],[77.349,27.856],[77.361,27.851],[77.377,27.857],[77.39,27.857],[77.397,27.853],[77.413,27.852],[77.422,27.858],[77.411,27.867],[77.41,27.88],[77.422,27.891],[77.433,27.887],[77.439,27.88],[77.451,27.871],[77.472,27.884],[77.479,27.898],[77.477,27.916],[77.48,27.922],[77.475,27.929],[77.492,27.939],[77.502,27.925],[77.507,27.926],[77.517,27.933],[77.529,27.926],[77.537,27.934],[77.545,27.954],[77.544,27.962],[77.519,27.962],[77.517,27.971],[77.521,27.977],[77.529,27.976],[77.541,27.982],[77.542,27.989],[77.528,27.998],[77.521,28.014],[77.508,28.023],[77.51,28.033],[77.488,28.037],[77.485,28.045],[77.494,28.047],[77.501,28.057],[77.5,28.062],[77.49,28.073],[77.478,28.08],[77.474,28.087],[77.481,28.098],[77.482,28.107],[77.49,28.105],[77.494,28.094],[77.501,28.097],[77.498,28.104],[77.5,28.113],[77.512,28.125],[77.507,28.131],[77.494,28.133],[77.493,28.139],[77.505,28.148],[77.501,28.156],[77.502,28.161],[77.511,28.167],[77.522,28.161],[77.543,28.169],[77.549,28.176],[77.545,28.191],[77.531,28.186],[77.516,28.193],[77.503,28.181],[77.498,28.185],[77.499,28.196],[77.497,28.206],[77.504,28.21],[77.516,28.206],[77.524,28.196],[77.533,28.201],[77.535,28.21],[77.523,28.219],[77.526,28.229],[77.547,28.238],[77.548,28.247],[77.537,28.248],[77.519,28.242],[77.509,28.249],[77.493,28.252],[77.491,28.271],[77.502,28.284],[77.506,28.304],[77.5,28.311],[77.482,28.325],[77.472,28.328],[77.472,28.337],[77.496,28.349],[77.505,28.363],[77.503,28.369],[77.491,28.385],[77.483,28.388],[77.48,28.399],[77.484,28.409],[77.478,28.419],[77.464,28.415],[77.462,28.424],[77.452,28.425],[77.436,28.431],[77.438,28.439],[77.433,28.455],[77.414,28.453],[77.4,28.456],[77.406,28.466],[77.392,28.472],[77.386,28.468],[77.375,28.476],[77.37,28.486],[77.372,28.498],[77.358,28.502],[77.352,28.5],[77.345,28.513],[77.336,28.505],[77.327,28.49],[77.314,28.484],[77.301,28.494],[77.29,28.497],[77.277,28.493],[77.269,28.487],[77.243,28.479],[77.236,28.471],[77.233,28.458],[77.246,28.454],[77.253,28.433],[77.25,28.424],[77.238,28.421],[77.229,28.414],[77.191,28.407],[77.184,28.41],[77.174,28.405],[77.165,28.415],[77.166,28.426],[77.148,28.437],[77.141,28.437],[77.129,28.441],[77.124,28.445],[77.122,28.459],[77.113,28.471],[77.121,28.496],[77.098,28.505],[77.099,28.511],[77.08,28.518],[77.071,28.517],[77.06,28.512],[77.047,28.517],[77.048,28.521],[77.032,28.531],[77.024,28.533],[77.014,28.54],[77.007,28.541],[77,28.532],[77.017,28.521],[77.01,28.515],[76.997,28.52],[76.991,28.514],[76.978,28.521],[76.971,28.515],[76.952,28.504],[76.942,28.505],[76.933,28.51],[76.919,28.509],[76.908,28.514],[76.897,28.508],[76.891,28.501],[76.88,28.505],[76.887,28.521],[76.877,28.524],[76.867,28.535],[76.865,28.543],[76.848,28.549],[76.842,28.556],[76.839,28.573],[76.84,28.582],[76.863,28.585],[76.868,28.59],[76.871,28.602],[76.877,28.609],[76.882,28.623],[76.888,28.632],[76.906,28.624],[76.914,28.632],[76.921,28.631],[76.935,28.618],[76.945,28.633],[76.936,28.638],[76.925,28.65],[76.935,28.668],[76.956,28.671],[76.959,28.686],[76.968,28.7],[76.948,28.713],[76.96,28.729],[76.956,28.738],[76.959,28.743],[76.945,28.754],[76.956,28.767],[76.95,28.777],[76.953,28.792],[76.946,28.798],[76.946,28.81],[76.951,28.818],[76.962,28.815],[76.967,28.828],[76.98,28.821],[76.992,28.838],[77.007,28.841],[77.023,28.839],[77.04,28.832],[77.045,28.846],[77.055,28.863],[77.062,28.871],[77.069,28.867],[77.079,28.872],[77.082,28.882],[77.094,28.872],[77.11,28.87],[77.121,28.86],[77.132,28.863],[77.14,28.862],[77.145,28.852],[77.142,28.839],[77.154,28.837],[77.173,28.857],[77.197,28.859],[77.21,28.858],[77.209,28.861],[77.191,28.867],[77.189,28.881],[77.198,28.888],[77.213,28.887],[77.221,28.879],[77.228,28.881],[77.228,28.894],[77.232,28.898],[77.234,28.912],[77.233,28.919],[77.213,28.933],[77.203,28.933],[77.197,28.938],[77.197,28.947],[77.193,28.959],[77.2,28.971],[77.202,28.987],[77.194,28.998],[77.191,29.009],[77.193,29.013],[77.188,29.03],[77.168,29.033],[77.172,29.047],[77.169,29.052],[77.165,29.077],[77.143,29.083],[77.134,29.095],[77.136,29.103],[77.149,29.117],[77.148,29.133],[77.136,29.142],[77.136,29.15],[77.143,29.156],[77.143,29.166],[77.147,29.18],[77.14,29.192],[77.142,29.204],[77.132,29.214],[77.133,29.222],[77.15,29.233],[77.149,29.25],[77.139,29.266],[77.149,29.288],[77.153,29.298],[77.158,29.303],[77.16,29.316],[77.156,29.319],[77.161,29.332],[77.16,29.337],[77.149,29.341],[77.135,29.34],[77.126,29.351],[77.129,29.357],[77.123,29.37],[77.128,29.376],[77.14,29.376],[77.154,29.384],[77.143,29.391],[77.137,29.397],[77.132,29.413],[77.133,29.419],[77.144,29.427],[77.148,29.434],[77.146,29.444],[77.136,29.447],[77.123,29.455],[77.123,29.47],[77.133,29.483],[77.13,29.49],[77.121,29.496],[77.113,29.507],[77.104,29.507],[77.096,29.52],[77.098,29.527],[77.108,29.548],[77.119,29.55],[77.127,29.558],[77.121,29.566],[77.105,29.572],[77.096,29.582],[77.084,29.587],[77.087,29.593],[77.106,29.595],[77.113,29.61],[77.102,29.619],[77.106,29.632],[77.115,29.638],[77.119,29.636],[77.132,29.642],[77.133,29.648],[77.141,29.655],[77.138,29.667],[77.147,29.672],[77.147,29.683],[77.156,29.698],[77.145,29.714],[77.134,29.718],[77.134,29.727],[77.139,29.733],[77.136,29.743],[77.127,29.747],[77.12,29.755],[77.125,29.77],[77.147,29.772],[77.151,29.788],[77.168,29.796],[77.172,29.808],[77.179,29.813],[77.178,29.842],[77.183,29.855],[77.197,29.858],[77.202,29.87],[77.2,29.89],[77.194,29.891],[77.186,29.898],[77.186,29.908],[77.19,29.914],[77.199,29.914],[77.218,29.924],[77.221,29.933],[77.228,29.938],[77.237,29.955],[77.244,29.959],[77.247,29.977],[77.261,29.982],[77.267,29.99],[77.276,29.997],[77.276,30.006],[77.279,30.012],[77.282,30.029],[77.276,30.038],[77.285,30.042],[77.297,30.053],[77.319,30.057],[77.334,30.054],[77.348,30.07],[77.365,30.078],[77.369,30.085],[77.383,30.093],[77.388,30.088],[77.406,30.089],[77.423,30.103],[77.409,30.105],[77.423,30.131],[77.418,30.135],[77.424,30.157],[77.43,30.164],[77.45,30.166],[77.455,30.163],[77.469,30.18],[77.477,30.182],[77.483,30.193],[77.5,30.214],[77.501,30.22],[77.52,30.245],[77.531,30.253],[77.538,30.279],[77.545,30.281],[77.57,30.3],[77.583,30.306],[77.587,30.314],[77.578,30.33],[77.586,30.34],[77.592,30.355],[77.601,30.361],[77.604,30.369],[77.591,30.374],[77.586,30.38]]]},"properties":{"ST_NM":"Haryana","id":"haryana"}},{"type":"Feature","geometry":{"type":"Polygon","coordinates":[[[76.794,33.256],[76.776,33.254],[76.774,33.253],[76.772,33.251],[76.771,33.25],[76.771,33.249],[76.772,33.249],[76.772,33.247],[76.774,33.242],[76.779,33.24],[76.776,33.22],[76.767,33.211],[76.758,33.196],[76.75,33.192],[76.747,33.179],[76.734,33.178],[76.727,33.182],[76.715,33.182],[76.707,33.174],[76.692,33.174],[76.67,33.172],[76.662,33.165],[76.646,33.162],[76.63,33.167],[76.618,33.174],[76.618,33.188],[76.611,33.191],[76.607,33.189],[76.605,33.19],[76.604,33.193],[76.605,33.204],[76.59,33.207],[76.587,33.207],[76.584,33.207],[76.579,33.207],[76.574,33.208],[76.567,33.21],[76.554,33.2],[76.54,33.2],[76.532,33.197],[76.524,33.196],[76.52,33.196],[76.519,33.196],[76.516,33.197],[76.511,33.192],[76.488,33.18],[76.474,33.183],[76.461,33.18],[76.434,33.183],[76.427,33.188],[76.41,33.187],[76.398,33.175],[76.384,33.167],[76.378,33.161],[76.376,33.156],[76.375,33.155],[76.375,33.154],[76.368,33.154],[76.35,33.144],[76.332,33.128],[76.321,33.126],[76.309,33.119],[76.308,33.114],[76.298,33.107],[76.293,33.104],[76.292,33.103],[76.294,33.1],[76.289,33.086],[76.289,33.073],[76.295,33.069],[76.295,33.058],[76.282,33.051],[76.277,33.037],[76.268,33.037],[76.253,33.03],[76.247,33.022],[76.226,33.024],[76.218,33.018],[76.206,33.017],[76.183,33.021],[76.174,33.01],[76.166,33.007],[76.141,33.01],[76.132,33.008],[76.122,33.008],[76.118,33.007],[76.114,33.006],[76.112,33.006],[76.109,32.992],[76.112,32.988],[76.097,32.964],[76.087,32.963],[76.088,32.957],[76.073,32.953],[76.066,32.942],[76.046,32.938],[76.039,32.932],[76.038,32.922],[76.036,32.92],[76.032,32.917],[76.014,32.91],[76.007,32.903],[75.986,32.896],[75.981,32.887],[75.969,32.883],[75.954,32.873],[75.936,32.888],[75.925,32.906],[75.909,32.914],[75.902,32.914],[75.884,32.92],[75.878,32.925],[75.87,32.924],[75.842,32.929],[75.83,32.913],[75.824,32.909],[75.818,32.894],[75.806,32.888],[75.805,32.886],[75.801,32.886],[75.811,32.878],[75.816,32.862],[75.834,32.847],[75.845,32.845],[75.847,32.839],[75.857,32.836],[75.87,32.821],[75.872,32.815],[75.884,32.812],[75.889,32.803],[75.891,32.783],[75.904,32.769],[75.909,32.766],[75.926,32.746],[75.926,32.743],[75.924,32.741],[75.924,32.739],[75.922,32.735],[75.922,32.73],[75.91,32.715],[75.901,32.699],[75.904,32.695],[75.901,32.688],[75.9,32.67],[75.896,32.66],[75.89,32.654],[75.897,32.65],[75.909,32.659],[75.919,32.654],[75.917,32.646],[75.934,32.643],[75.929,32.637],[75.919,32.633],[75.916,32.613],[75.91,32.61],[75.902,32.593],[75.881,32.586],[75.883,32.578],[75.879,32.569],[75.869,32.563],[75.876,32.55],[75.858,32.538],[75.856,32.528],[75.841,32.524],[75.841,32.515],[75.834,32.512],[75.845,32.507],[75.847,32.497],[75.858,32.484],[75.879,32.47],[75.89,32.458],[75.901,32.453],[75.906,32.439],[75.921,32.429],[75.919,32.412],[75.932,32.399],[75.922,32.392],[75.916,32.397],[75.894,32.393],[75.887,32.396],[75.874,32.396],[75.857,32.385],[75.847,32.372],[75.845,32.357],[75.832,32.355],[75.827,32.351],[75.811,32.349],[75.808,32.342],[75.815,32.33],[75.802,32.328],[75.783,32.31],[75.773,32.29],[75.745,32.277],[75.713,32.273],[75.704,32.268],[75.684,32.262],[75.657,32.251],[75.643,32.252],[75.618,32.237],[75.626,32.232],[75.636,32.232],[75.639,32.221],[75.626,32.216],[75.627,32.207],[75.625,32.19],[75.638,32.188],[75.652,32.197],[75.663,32.192],[75.659,32.177],[75.667,32.178],[75.666,32.164],[75.673,32.159],[75.661,32.137],[75.644,32.127],[75.629,32.121],[75.627,32.106],[75.62,32.098],[75.611,32.093],[75.601,32.093],[75.594,32.079],[75.596,32.069],[75.602,32.066],[75.62,32.073],[75.632,32.074],[75.637,32.071],[75.647,32.073],[75.654,32.078],[75.675,32.07],[75.677,32.064],[75.691,32.061],[75.703,32.055],[75.711,32.041],[75.724,32.033],[75.742,32.039],[75.751,32.038],[75.765,32.019],[75.78,32.005],[75.811,31.988],[75.824,31.983],[75.851,31.982],[75.857,31.974],[75.874,31.97],[75.892,31.962],[75.911,31.949],[75.912,31.94],[75.937,31.898],[75.961,31.855],[75.966,31.838],[75.979,31.823],[75.986,31.82],[75.979,31.813],[75.969,31.824],[75.947,31.813],[75.937,31.814],[75.953,31.788],[75.96,31.781],[75.971,31.757],[75.983,31.719],[75.995,31.694],[76,31.688],[76.005,31.675],[76.006,31.662],[76.009,31.653],[76.018,31.65],[76.021,31.639],[76.018,31.632],[76.028,31.62],[76.041,31.61],[76.046,31.604],[76.055,31.606],[76.059,31.581],[76.072,31.57],[76.08,31.554],[76.088,31.548],[76.098,31.536],[76.101,31.523],[76.113,31.5],[76.119,31.499],[76.121,31.489],[76.117,31.483],[76.128,31.474],[76.135,31.461],[76.135,31.451],[76.147,31.434],[76.153,31.434],[76.163,31.421],[76.16,31.415],[76.169,31.41],[76.17,31.399],[76.163,31.391],[76.148,31.381],[76.147,31.365],[76.149,31.353],[76.159,31.344],[76.179,31.341],[76.181,31.334],[76.181,31.311],[76.191,31.3],[76.214,31.299],[76.241,31.309],[76.25,31.308],[76.267,31.311],[76.275,31.301],[76.299,31.311],[76.311,31.32],[76.323,31.322],[76.314,31.329],[76.308,31.343],[76.331,31.347],[76.338,31.34],[76.347,31.343],[76.346,31.354],[76.341,31.364],[76.342,31.378],[76.33,31.379],[76.331,31.401],[76.353,31.399],[76.372,31.408],[76.373,31.424],[76.379,31.428],[76.39,31.417],[76.388,31.409],[76.397,31.407],[76.403,31.397],[76.393,31.39],[76.404,31.378],[76.408,31.366],[76.419,31.349],[76.432,31.327],[76.455,31.312],[76.463,31.303],[76.459,31.295],[76.441,31.288],[76.44,31.279],[76.459,31.285],[76.463,31.293],[76.48,31.308],[76.486,31.304],[76.499,31.27],[76.506,31.268],[76.521,31.28],[76.53,31.271],[76.523,31.26],[76.531,31.256],[76.539,31.261],[76.538,31.271],[76.543,31.282],[76.551,31.279],[76.55,31.27],[76.544,31.259],[76.549,31.253],[76.561,31.254],[76.565,31.262],[76.579,31.271],[76.588,31.274],[76.596,31.261],[76.612,31.25],[76.611,31.244],[76.598,31.24],[76.595,31.227],[76.589,31.223],[76.593,31.212],[76.614,31.218],[76.628,31.227],[76.639,31.223],[76.636,31.218],[76.645,31.209],[76.625,31.198],[76.615,31.19],[76.607,31.178],[76.602,31.153],[76.612,31.148],[76.611,31.141],[76.602,31.129],[76.602,31.124],[76.613,31.122],[76.617,31.116],[76.636,31.116],[76.639,31.108],[76.636,31.101],[76.627,31.093],[76.618,31.07],[76.623,31.055],[76.611,31.046],[76.617,31.031],[76.628,31.025],[76.625,30.999],[76.634,30.996],[76.638,30.99],[76.652,30.988],[76.659,30.981],[76.666,30.981],[76.673,30.969],[76.684,30.968],[76.698,30.971],[76.708,30.97],[76.717,30.96],[76.722,30.961],[76.736,30.946],[76.74,30.936],[76.749,30.928],[76.759,30.926],[76.766,30.921],[76.771,30.907],[76.777,30.904],[76.787,30.913],[76.798,30.915],[76.811,30.924],[76.825,30.927],[76.829,30.917],[76.827,30.913],[76.834,30.905],[76.841,30.892],[76.851,30.89],[76.87,30.873],[76.876,30.881],[76.895,30.887],[76.899,30.893],[76.915,30.89],[76.925,30.874],[76.934,30.875],[76.951,30.851],[76.944,30.838],[76.949,30.824],[76.965,30.826],[76.982,30.814],[76.999,30.812],[77.002,30.806],[77.011,30.811],[77.013,30.789],[77.018,30.786],[77.016,30.776],[77.005,30.772],[77.01,30.767],[77.019,30.765],[77.021,30.74],[77.03,30.734],[77.046,30.737],[77.044,30.746],[77.051,30.749],[77.057,30.742],[77.069,30.738],[77.079,30.741],[77.097,30.738],[77.116,30.723],[77.123,30.721],[77.129,30.711],[77.148,30.7],[77.164,30.686],[77.161,30.681],[77.169,30.67],[77.163,30.655],[77.165,30.647],[77.177,30.636],[77.171,30.628],[77.172,30.601],[77.163,30.595],[77.157,30.585],[77.147,30.578],[77.141,30.58],[77.136,30.57],[77.124,30.565],[77.135,30.545],[77.151,30.537],[77.169,30.536],[77.185,30.527],[77.193,30.526],[77.207,30.506],[77.208,30.474],[77.212,30.465],[77.22,30.477],[77.226,30.48],[77.243,30.476],[77.27,30.481],[77.276,30.475],[77.277,30.464],[77.285,30.465],[77.305,30.458],[77.311,30.451],[77.323,30.446],[77.33,30.453],[77.343,30.457],[77.354,30.458],[77.364,30.441],[77.389,30.438],[77.391,30.43],[77.403,30.429],[77.405,30.424],[77.398,30.416],[77.403,30.412],[77.414,30.417],[77.421,30.424],[77.434,30.431],[77.443,30.443],[77.449,30.446],[77.454,30.456],[77.463,30.449],[77.443,30.417],[77.432,30.416],[77.423,30.403],[77.437,30.403],[77.443,30.395],[77.452,30.4],[77.468,30.4],[77.49,30.411],[77.495,30.405],[77.505,30.408],[77.506,30.426],[77.518,30.443],[77.529,30.437],[77.532,30.421],[77.544,30.406],[77.552,30.399],[77.556,30.39],[77.581,30.378],[77.586,30.38],[77.585,30.385],[77.576,30.397],[77.573,30.407],[77.574,30.413],[77.599,30.428],[77.626,30.435],[77.632,30.431],[77.646,30.433],[77.65,30.447],[77.654,30.448],[77.671,30.444],[77.688,30.447],[77.708,30.462],[77.721,30.473],[77.739,30.476],[77.767,30.492],[77.776,30.494],[77.783,30.501],[77.804,30.502],[77.819,30.508],[77.82,30.524],[77.828,30.531],[77.82,30.548],[77.822,30.554],[77.817,30.561],[77.806,30.555],[77.791,30.554],[77.783,30.56],[77.772,30.559],[77.767,30.57],[77.757,30.586],[77.743,30.596],[77.757,30.604],[77.764,30.596],[77.772,30.599],[77.771,30.611],[77.787,30.614],[77.793,30.621],[77.786,30.624],[77.787,30.641],[77.781,30.647],[77.791,30.661],[77.781,30.66],[77.773,30.669],[77.747,30.68],[77.747,30.694],[77.756,30.707],[77.747,30.713],[77.746,30.72],[77.736,30.725],[77.737,30.73],[77.728,30.734],[77.723,30.741],[77.707,30.74],[77.702,30.746],[77.706,30.752],[77.704,30.766],[77.721,30.776],[77.732,30.792],[77.735,30.805],[77.746,30.814],[77.748,30.822],[77.761,30.826],[77.758,30.835],[77.744,30.847],[77.746,30.851],[77.757,30.86],[77.756,30.871],[77.763,30.88],[77.775,30.877],[77.779,30.86],[77.786,30.857],[77.806,30.853],[77.8,30.873],[77.802,30.894],[77.809,30.897],[77.816,30.91],[77.804,30.924],[77.777,30.917],[77.762,30.919],[77.764,30.931],[77.754,30.933],[77.749,30.954],[77.754,30.965],[77.769,30.974],[77.785,30.972],[77.794,30.969],[77.81,30.956],[77.824,30.951],[77.829,30.953],[77.815,30.961],[77.816,30.973],[77.822,30.976],[77.824,30.988],[77.832,30.994],[77.822,31.004],[77.825,31.01],[77.81,31.011],[77.807,31.027],[77.818,31.033],[77.828,31.03],[77.816,31.05],[77.817,31.056],[77.829,31.058],[77.837,31.072],[77.851,31.073],[77.862,31.092],[77.864,31.109],[77.871,31.114],[77.889,31.119],[77.889,31.133],[77.894,31.134],[77.901,31.144],[77.899,31.15],[77.908,31.154],[77.925,31.151],[77.936,31.155],[77.943,31.161],[77.951,31.161],[77.959,31.171],[77.969,31.173],[77.985,31.157],[78.001,31.162],[78.014,31.158],[78.021,31.152],[78.03,31.151],[78.029,31.163],[78.033,31.169],[78.041,31.173],[78.043,31.179],[78.051,31.18],[78.066,31.187],[78.088,31.187],[78.104,31.185],[78.115,31.195],[78.129,31.201],[78.133,31.208],[78.147,31.21],[78.16,31.226],[78.187,31.227],[78.198,31.218],[78.215,31.222],[78.22,31.234],[78.226,31.235],[78.243,31.229],[78.254,31.239],[78.26,31.24],[78.269,31.249],[78.276,31.261],[78.283,31.266],[78.292,31.26],[78.308,31.262],[78.311,31.281],[78.332,31.278],[78.34,31.283],[78.352,31.281],[78.37,31.286],[78.384,31.282],[78.386,31.272],[78.396,31.27],[78.407,31.256],[78.403,31.248],[78.413,31.24],[78.426,31.244],[78.436,31.254],[78.443,31.245],[78.455,31.241],[78.462,31.236],[78.473,31.219],[78.48,31.214],[78.484,31.199],[78.508,31.196],[78.544,31.198],[78.552,31.2],[78.565,31.213],[78.569,31.22],[78.58,31.226],[78.597,31.225],[78.607,31.229],[78.623,31.224],[78.625,31.218],[78.649,31.213],[78.65,31.201],[78.662,31.189],[78.672,31.197],[78.688,31.198],[78.704,31.189],[78.718,31.188],[78.727,31.19],[78.769,31.186],[78.797,31.196],[78.81,31.198],[78.817,31.19],[78.81,31.18],[78.811,31.172],[78.825,31.164],[78.823,31.158],[78.831,31.141],[78.838,31.138],[78.844,31.128],[78.853,31.122],[78.865,31.12],[78.873,31.109],[78.89,31.097],[78.909,31.099],[78.914,31.108],[78.927,31.109],[78.932,31.101],[78.959,31.1],[78.973,31.108],[78.99,31.109],[79.002,31.113],[79.006,31.119],[78.999,31.136],[78.991,31.138],[78.988,31.155],[78.99,31.161],[78.986,31.174],[78.958,31.187],[78.958,31.19],[78.948,31.199],[78.944,31.207],[78.947,31.216],[78.932,31.216],[78.922,31.225],[78.922,31.232],[78.916,31.249],[78.905,31.257],[78.887,31.267],[78.882,31.287],[78.876,31.303],[78.86,31.316],[78.853,31.313],[78.852,31.295],[78.827,31.296],[78.816,31.3],[78.812,31.307],[78.792,31.305],[78.778,31.313],[78.778,31.319],[78.77,31.324],[78.774,31.333],[78.764,31.344],[78.768,31.352],[78.751,31.363],[78.75,31.369],[78.757,31.377],[78.753,31.385],[78.769,31.406],[78.773,31.416],[78.798,31.443],[78.78,31.45],[78.774,31.457],[78.769,31.472],[78.759,31.483],[78.749,31.484],[78.742,31.481],[78.725,31.485],[78.727,31.49],[78.72,31.507],[78.727,31.517],[78.731,31.532],[78.744,31.541],[78.757,31.542],[78.761,31.549],[78.775,31.544],[78.78,31.556],[78.798,31.562],[78.806,31.569],[78.807,31.577],[78.818,31.577],[78.83,31.593],[78.842,31.601],[78.847,31.608],[78.84,31.623],[78.831,31.624],[78.817,31.638],[78.81,31.638],[78.802,31.648],[78.799,31.658],[78.799,31.682],[78.789,31.678],[78.764,31.675],[78.75,31.681],[78.754,31.695],[78.745,31.705],[78.743,31.718],[78.73,31.733],[78.726,31.758],[78.716,31.768],[78.706,31.774],[78.707,31.784],[78.704,31.794],[78.703,31.807],[78.718,31.824],[78.735,31.834],[78.742,31.835],[78.745,31.843],[78.742,31.862],[78.75,31.874],[78.741,31.885],[78.748,31.892],[78.742,31.901],[78.749,31.906],[78.753,31.913],[78.771,31.929],[78.771,31.943],[78.766,31.949],[78.767,31.96],[78.781,31.966],[78.774,31.974],[78.776,31.987],[78.772,31.996],[78.765,32.003],[78.749,32.003],[78.74,32.001],[78.734,32.004],[78.734,32.013],[78.728,32.016],[78.721,32.029],[78.722,32.039],[78.712,32.047],[78.706,32.058],[78.706,32.066],[78.69,32.071],[78.675,32.088],[78.665,32.094],[78.663,32.103],[78.644,32.11],[78.622,32.113],[78.612,32.119],[78.61,32.131],[78.604,32.143],[78.59,32.154],[78.593,32.161],[78.604,32.167],[78.61,32.184],[78.607,32.2],[78.611,32.207],[78.609,32.214],[78.59,32.227],[78.559,32.244],[78.539,32.246],[78.499,32.239],[78.48,32.242],[78.455,32.242],[78.457,32.248],[78.474,32.265],[78.48,32.274],[78.483,32.288],[78.48,32.316],[78.477,32.333],[78.479,32.345],[78.484,32.354],[78.499,32.362],[78.51,32.373],[78.512,32.387],[78.518,32.396],[78.533,32.408],[78.535,32.414],[78.519,32.422],[78.494,32.422],[78.485,32.438],[78.478,32.444],[78.454,32.452],[78.453,32.467],[78.462,32.478],[78.465,32.486],[78.461,32.494],[78.448,32.506],[78.425,32.508],[78.418,32.514],[78.415,32.522],[78.411,32.525],[78.399,32.526],[78.372,32.509],[78.326,32.472],[78.322,32.474],[78.295,32.504],[78.311,32.519],[78.315,32.525],[78.313,32.574],[78.334,32.576],[78.348,32.581],[78.357,32.589],[78.393,32.611],[78.405,32.619],[78.392,32.626],[78.387,32.634],[78.38,32.668],[78.38,32.682],[78.384,32.696],[78.394,32.716],[78.388,32.73],[78.386,32.75],[78.388,32.757],[78.366,32.754],[78.357,32.758],[78.333,32.75],[78.331,32.745],[78.304,32.734],[78.311,32.728],[78.315,32.716],[78.312,32.709],[78.289,32.699],[78.276,32.699],[78.253,32.691],[78.246,32.672],[78.234,32.672],[78.219,32.665],[78.204,32.667],[78.176,32.681],[78.158,32.684],[78.153,32.683],[78.149,32.682],[78.143,32.682],[78.148,32.672],[78.148,32.655],[78.127,32.652],[78.121,32.661],[78.111,32.663],[78.107,32.659],[78.093,32.648],[78.093,32.647],[78.096,32.645],[78.099,32.636],[78.099,32.63],[78.087,32.624],[78.074,32.631],[78.062,32.626],[78.047,32.645],[78.034,32.637],[78.016,32.62],[78.012,32.625],[77.994,32.628],[77.985,32.641],[77.979,32.643],[77.975,32.646],[77.972,32.646],[77.97,32.647],[77.972,32.653],[77.964,32.658],[77.952,32.659],[77.942,32.666],[77.94,32.674],[77.928,32.685],[77.921,32.689],[77.922,32.709],[77.933,32.728],[77.93,32.743],[77.934,32.756],[77.926,32.772],[77.911,32.773],[77.903,32.772],[77.884,32.788],[77.888,32.799],[77.881,32.804],[77.879,32.819],[77.87,32.826],[77.858,32.831],[77.839,32.842],[77.832,32.836],[77.826,32.836],[77.816,32.848],[77.806,32.85],[77.799,32.856],[77.792,32.856],[77.781,32.866],[77.784,32.883],[77.793,32.893],[77.803,32.894],[77.811,32.9],[77.81,32.907],[77.8,32.912],[77.796,32.919],[77.788,32.923],[77.771,32.939],[77.763,32.949],[77.751,32.954],[77.74,32.969],[77.73,32.974],[77.728,32.973],[77.727,32.971],[77.725,32.97],[77.72,32.969],[77.713,32.983],[77.697,32.98],[77.694,32.984],[77.69,32.988],[77.682,32.989],[77.681,32.984],[77.682,32.976],[77.674,32.966],[77.673,32.961],[77.656,32.959],[77.647,32.951],[77.632,32.945],[77.605,32.943],[77.596,32.927],[77.588,32.921],[77.577,32.915],[77.565,32.913],[77.563,32.911],[77.558,32.906],[77.551,32.901],[77.54,32.887],[77.513,32.877],[77.502,32.886],[77.481,32.87],[77.475,32.862],[77.469,32.858],[77.453,32.864],[77.445,32.88],[77.427,32.876],[77.414,32.884],[77.397,32.879],[77.388,32.864],[77.374,32.855],[77.38,32.845],[77.374,32.824],[77.36,32.818],[77.35,32.816],[77.339,32.817],[77.336,32.825],[77.325,32.835],[77.326,32.84],[77.329,32.843],[77.317,32.852],[77.301,32.85],[77.292,32.856],[77.286,32.865],[77.274,32.874],[77.263,32.864],[77.254,32.864],[77.25,32.873],[77.244,32.873],[77.237,32.882],[77.242,32.893],[77.234,32.894],[77.219,32.904],[77.199,32.909],[77.193,32.917],[77.189,32.929],[77.178,32.923],[77.17,32.911],[77.161,32.912],[77.164,32.919],[77.159,32.938],[77.161,32.953],[77.149,32.956],[77.15,32.978],[77.135,32.98],[77.125,32.981],[77.12,32.984],[77.116,32.985],[77.111,32.975],[77.095,32.971],[77.082,32.976],[77.08,32.983],[77.071,32.984],[77.049,32.999],[77.04,32.998],[77.033,32.99],[77.025,32.992],[77.01,32.989],[76.989,33.003],[76.973,33],[76.961,33.009],[76.96,33.015],[76.95,33.02],[76.942,33.028],[76.933,33.028],[76.926,33.039],[76.925,33.048],[76.914,33.064],[76.91,33.077],[76.906,33.079],[76.909,33.095],[76.898,33.099],[76.893,33.106],[76.891,33.115],[76.885,33.122],[76.87,33.114],[76.855,33.114],[76.853,33.125],[76.843,33.131],[76.844,33.138],[76.83,33.146],[76.82,33.154],[76.814,33.17],[76.814,33.178],[76.822,33.184],[76.819,33.196],[76.834,33.205],[76.832,33.213],[76.826,33.215],[76.832,33.23],[76.845,33.242],[76.843,33.247],[76.831,33.249],[76.818,33.237],[76.807,33.245],[76.803,33.254],[76.794,33.256]]]},"properties":{"ST_NM":"Himachal Pradesh","id":"himachal-pradesh"}},{"type":"Feature","geometry":{"type":"Polygon","coordinates":[[[87.711,25.258],[87.711,25.275],[87.693,25.285],[87.696,25.294],[87.695,25.307],[87.692,25.312],[87.674,25.313],[87.673,25.308],[87.655,25.308],[87.631,25.32],[87.626,25.313],[87.617,25.318],[87.612,25.313],[87.592,25.322],[87.584,25.334],[87.592,25.342],[87.575,25.341],[87.571,25.333],[87.552,25.333],[87.547,25.315],[87.543,25.297],[87.543,25.281],[87.532,25.28],[87.52,25.292],[87.505,25.293],[87.494,25.304],[87.487,25.296],[87.491,25.28],[87.499,25.276],[87.501,25.267],[87.495,25.26],[87.481,25.25],[87.474,25.24],[87.473,25.233],[87.477,25.211],[87.478,25.194],[87.463,25.195],[87.446,25.204],[87.427,25.211],[87.404,25.223],[87.402,25.227],[87.392,25.228],[87.382,25.223],[87.371,25.207],[87.349,25.215],[87.335,25.216],[87.328,25.224],[87.318,25.195],[87.321,25.191],[87.316,25.181],[87.313,25.15],[87.308,25.147],[87.297,25.114],[87.298,25.1],[87.296,25.089],[87.27,25.094],[87.261,25.104],[87.25,25.105],[87.241,25.115],[87.235,25.107],[87.244,25.101],[87.237,25.089],[87.227,25.088],[87.213,25.091],[87.211,25.081],[87.2,25.078],[87.198,25.071],[87.192,25.066],[87.181,25.066],[87.171,25.047],[87.158,25.028],[87.15,25.026],[87.146,25.019],[87.146,25.009],[87.15,25.004],[87.153,24.991],[87.154,24.975],[87.15,24.963],[87.15,24.948],[87.146,24.942],[87.154,24.932],[87.145,24.919],[87.146,24.91],[87.154,24.903],[87.157,24.883],[87.139,24.86],[87.13,24.86],[87.118,24.852],[87.109,24.852],[87.104,24.842],[87.089,24.822],[87.077,24.824],[87.074,24.817],[87.077,24.808],[87.095,24.802],[87.093,24.793],[87.079,24.778],[87.079,24.768],[87.084,24.757],[87.07,24.743],[87.078,24.737],[87.08,24.726],[87.068,24.703],[87.07,24.697],[87.062,24.689],[87.06,24.676],[87.054,24.67],[87.051,24.652],[87.052,24.641],[87.046,24.63],[87.049,24.625],[87.051,24.609],[87.038,24.617],[87.036,24.613],[87.023,24.616],[87.024,24.625],[87.02,24.63],[87.011,24.631],[87.007,24.623],[86.995,24.62],[86.993,24.625],[86.978,24.64],[86.954,24.632],[86.957,24.65],[86.939,24.652],[86.945,24.636],[86.93,24.627],[86.928,24.615],[86.92,24.602],[86.909,24.596],[86.909,24.585],[86.914,24.577],[86.912,24.57],[86.918,24.558],[86.916,24.546],[86.905,24.55],[86.897,24.561],[86.889,24.561],[86.888,24.567],[86.877,24.571],[86.868,24.567],[86.86,24.556],[86.841,24.563],[86.844,24.575],[86.833,24.573],[86.822,24.575],[86.811,24.569],[86.802,24.57],[86.803,24.578],[86.81,24.582],[86.807,24.599],[86.787,24.616],[86.753,24.618],[86.748,24.604],[86.75,24.597],[86.733,24.579],[86.724,24.583],[86.707,24.576],[86.697,24.573],[86.692,24.577],[86.669,24.566],[86.653,24.57],[86.648,24.579],[86.632,24.585],[86.625,24.59],[86.624,24.6],[86.613,24.599],[86.603,24.602],[86.589,24.589],[86.589,24.58],[86.58,24.567],[86.559,24.565],[86.563,24.555],[86.553,24.544],[86.534,24.541],[86.528,24.544],[86.517,24.535],[86.515,24.525],[86.509,24.522],[86.504,24.512],[86.5,24.51],[86.503,24.5],[86.5,24.489],[86.493,24.487],[86.485,24.47],[86.495,24.456],[86.497,24.444],[86.491,24.428],[86.484,24.435],[86.477,24.425],[86.468,24.425],[86.472,24.394],[86.467,24.381],[86.458,24.378],[86.456,24.372],[86.445,24.368],[86.433,24.38],[86.427,24.377],[86.413,24.38],[86.405,24.388],[86.41,24.393],[86.402,24.408],[86.395,24.415],[86.38,24.425],[86.377,24.431],[86.365,24.425],[86.358,24.429],[86.349,24.447],[86.334,24.442],[86.316,24.442],[86.311,24.448],[86.301,24.448],[86.294,24.451],[86.299,24.461],[86.276,24.466],[86.283,24.48],[86.289,24.479],[86.303,24.506],[86.309,24.511],[86.305,24.528],[86.297,24.533],[86.308,24.548],[86.301,24.561],[86.306,24.571],[86.318,24.578],[86.319,24.586],[86.308,24.589],[86.303,24.583],[86.292,24.588],[86.276,24.587],[86.259,24.578],[86.255,24.587],[86.243,24.588],[86.242,24.597],[86.224,24.61],[86.215,24.614],[86.214,24.594],[86.189,24.584],[86.175,24.583],[86.158,24.587],[86.151,24.592],[86.15,24.602],[86.136,24.605],[86.125,24.611],[86.118,24.624],[86.121,24.635],[86.115,24.644],[86.124,24.655],[86.126,24.668],[86.131,24.676],[86.129,24.686],[86.129,24.699],[86.108,24.726],[86.107,24.735],[86.094,24.745],[86.065,24.751],[86.054,24.745],[86.037,24.741],[86.046,24.752],[86.054,24.756],[86.059,24.771],[86.055,24.78],[86.037,24.777],[86.025,24.767],[86.003,24.761],[85.996,24.753],[85.98,24.749],[85.975,24.745],[85.97,24.733],[85.96,24.731],[85.938,24.735],[85.92,24.744],[85.908,24.759],[85.898,24.775],[85.887,24.784],[85.89,24.793],[85.867,24.805],[85.858,24.808],[85.841,24.809],[85.82,24.808],[85.811,24.799],[85.81,24.794],[85.778,24.797],[85.769,24.803],[85.769,24.808],[85.742,24.82],[85.735,24.82],[85.731,24.813],[85.728,24.798],[85.724,24.797],[85.722,24.785],[85.712,24.781],[85.704,24.766],[85.704,24.752],[85.709,24.745],[85.705,24.736],[85.709,24.727],[85.689,24.698],[85.681,24.692],[85.649,24.685],[85.655,24.674],[85.667,24.661],[85.663,24.651],[85.667,24.637],[85.672,24.63],[85.676,24.618],[85.674,24.598],[85.678,24.591],[85.669,24.58],[85.653,24.576],[85.633,24.579],[85.627,24.582],[85.615,24.581],[85.609,24.591],[85.602,24.596],[85.589,24.597],[85.581,24.601],[85.568,24.591],[85.566,24.579],[85.571,24.575],[85.572,24.562],[85.568,24.558],[85.556,24.558],[85.545,24.563],[85.546,24.549],[85.542,24.532],[85.524,24.521],[85.518,24.526],[85.509,24.525],[85.509,24.538],[85.498,24.546],[85.491,24.548],[85.471,24.544],[85.461,24.536],[85.448,24.537],[85.432,24.532],[85.415,24.54],[85.398,24.545],[85.392,24.531],[85.373,24.525],[85.336,24.523],[85.322,24.52],[85.292,24.524],[85.282,24.52],[85.281,24.515],[85.285,24.495],[85.282,24.492],[85.25,24.491],[85.241,24.482],[85.242,24.477],[85.233,24.473],[85.225,24.464],[85.21,24.467],[85.201,24.461],[85.181,24.462],[85.172,24.459],[85.162,24.461],[85.153,24.455],[85.154,24.447],[85.164,24.444],[85.174,24.421],[85.166,24.419],[85.161,24.412],[85.123,24.402],[85.116,24.391],[85.103,24.384],[85.105,24.379],[85.099,24.374],[85.089,24.372],[85.084,24.377],[85.074,24.377],[85.082,24.398],[85.079,24.415],[85.081,24.428],[85.075,24.43],[85.067,24.423],[85.062,24.407],[85.045,24.409],[85.041,24.415],[85.031,24.416],[85.017,24.41],[84.998,24.395],[84.984,24.387],[84.975,24.375],[84.955,24.372],[84.937,24.38],[84.923,24.378],[84.917,24.373],[84.904,24.372],[84.908,24.382],[84.904,24.395],[84.893,24.405],[84.891,24.415],[84.882,24.425],[84.888,24.433],[84.885,24.441],[84.887,24.463],[84.873,24.466],[84.871,24.458],[84.854,24.467],[84.849,24.454],[84.841,24.452],[84.837,24.459],[84.841,24.467],[84.833,24.47],[84.835,24.484],[84.834,24.496],[84.838,24.498],[84.839,24.513],[84.826,24.525],[84.811,24.522],[84.802,24.531],[84.795,24.52],[84.79,24.519],[84.789,24.507],[84.756,24.5],[84.749,24.496],[84.746,24.487],[84.727,24.469],[84.71,24.471],[84.703,24.463],[84.686,24.456],[84.679,24.436],[84.671,24.428],[84.676,24.425],[84.665,24.392],[84.648,24.402],[84.641,24.399],[84.631,24.405],[84.615,24.399],[84.595,24.405],[84.583,24.413],[84.568,24.409],[84.565,24.393],[84.574,24.385],[84.559,24.376],[84.55,24.373],[84.547,24.377],[84.532,24.378],[84.527,24.375],[84.535,24.365],[84.534,24.36],[84.525,24.351],[84.531,24.338],[84.522,24.332],[84.516,24.317],[84.509,24.315],[84.51,24.305],[84.501,24.288],[84.492,24.286],[84.49,24.292],[84.496,24.3],[84.485,24.302],[84.489,24.315],[84.503,24.321],[84.5,24.33],[84.487,24.314],[84.472,24.315],[84.465,24.321],[84.466,24.332],[84.461,24.337],[84.452,24.333],[84.424,24.33],[84.423,24.334],[84.426,24.357],[84.403,24.363],[84.398,24.373],[84.389,24.38],[84.388,24.389],[84.379,24.388],[84.374,24.384],[84.363,24.389],[84.342,24.394],[84.344,24.399],[84.333,24.404],[84.329,24.419],[84.321,24.423],[84.336,24.427],[84.322,24.446],[84.297,24.45],[84.291,24.466],[84.303,24.48],[84.317,24.487],[84.327,24.487],[84.328,24.5],[84.322,24.508],[84.322,24.517],[84.312,24.523],[84.311,24.535],[84.3,24.545],[84.298,24.559],[84.29,24.563],[84.283,24.559],[84.27,24.56],[84.277,24.544],[84.259,24.534],[84.257,24.527],[84.25,24.528],[84.25,24.536],[84.236,24.55],[84.22,24.547],[84.217,24.533],[84.21,24.534],[84.209,24.541],[84.202,24.544],[84.199,24.553],[84.188,24.553],[84.184,24.545],[84.173,24.545],[84.172,24.539],[84.178,24.526],[84.185,24.519],[84.179,24.505],[84.171,24.505],[84.156,24.511],[84.153,24.516],[84.162,24.528],[84.163,24.533],[84.146,24.538],[84.135,24.524],[84.139,24.511],[84.141,24.501],[84.13,24.497],[84.125,24.491],[84.125,24.481],[84.111,24.477],[84.104,24.481],[84.089,24.501],[84.085,24.514],[84.089,24.525],[84.089,24.536],[84.078,24.541],[84.073,24.555],[84.073,24.567],[84.06,24.571],[84.063,24.58],[84.062,24.587],[84.047,24.605],[84.042,24.619],[84.034,24.622],[84.034,24.63],[84.021,24.639],[84.008,24.643],[83.998,24.638],[83.985,24.614],[83.975,24.591],[83.97,24.587],[83.951,24.564],[83.933,24.547],[83.908,24.541],[83.899,24.541],[83.873,24.532],[83.863,24.537],[83.843,24.533],[83.817,24.529],[83.801,24.53],[83.789,24.523],[83.755,24.509],[83.745,24.51],[83.727,24.504],[83.715,24.504],[83.688,24.514],[83.651,24.515],[83.629,24.513],[83.596,24.513],[83.576,24.516],[83.552,24.523],[83.538,24.525],[83.503,24.525],[83.48,24.521],[83.468,24.517],[83.431,24.511],[83.402,24.503],[83.397,24.497],[83.398,24.485],[83.391,24.474],[83.39,24.464],[83.386,24.458],[83.387,24.448],[83.394,24.435],[83.405,24.436],[83.403,24.423],[83.405,24.405],[83.417,24.406],[83.43,24.4],[83.434,24.393],[83.443,24.386],[83.448,24.371],[83.456,24.364],[83.444,24.358],[83.439,24.346],[83.434,24.339],[83.411,24.34],[83.392,24.325],[83.388,24.316],[83.38,24.313],[83.387,24.298],[83.402,24.296],[83.407,24.289],[83.408,24.263],[83.401,24.257],[83.398,24.244],[83.385,24.239],[83.378,24.229],[83.385,24.221],[83.379,24.211],[83.382,24.195],[83.375,24.186],[83.372,24.175],[83.362,24.156],[83.359,24.14],[83.355,24.136],[83.355,24.127],[83.345,24.111],[83.33,24.102],[83.35,24.096],[83.364,24.103],[83.388,24.1],[83.401,24.092],[83.407,24.08],[83.421,24.083],[83.426,24.086],[83.434,24.084],[83.437,24.078],[83.438,24.058],[83.454,24.041],[83.475,24.041],[83.508,24.031],[83.524,24.012],[83.523,24.006],[83.514,23.996],[83.515,23.982],[83.528,23.958],[83.537,23.951],[83.549,23.934],[83.547,23.914],[83.553,23.898],[83.558,23.893],[83.57,23.895],[83.579,23.892],[83.586,23.883],[83.581,23.875],[83.569,23.867],[83.575,23.861],[83.591,23.863],[83.612,23.854],[83.617,23.856],[83.631,23.85],[83.646,23.847],[83.656,23.85],[83.667,23.844],[83.668,23.837],[83.665,23.828],[83.674,23.827],[83.684,23.819],[83.691,23.826],[83.703,23.823],[83.708,23.817],[83.704,23.807],[83.714,23.8],[83.722,23.788],[83.721,23.772],[83.738,23.761],[83.74,23.732],[83.746,23.72],[83.741,23.703],[83.725,23.691],[83.724,23.684],[83.739,23.667],[83.759,23.654],[83.761,23.648],[83.752,23.639],[83.759,23.626],[83.772,23.624],[83.776,23.618],[83.777,23.608],[83.801,23.601],[83.807,23.588],[83.817,23.595],[83.826,23.591],[83.851,23.587],[83.889,23.579],[83.894,23.583],[83.909,23.576],[83.919,23.576],[83.936,23.569],[83.94,23.571],[83.939,23.591],[83.933,23.601],[83.931,23.611],[83.932,23.62],[83.942,23.626],[83.981,23.625],[83.981,23.634],[84.014,23.634],[84.009,23.628],[84.017,23.608],[84.03,23.6],[84.028,23.591],[84.03,23.568],[84.026,23.557],[84.028,23.546],[84.022,23.528],[84.015,23.504],[84.001,23.494],[83.998,23.486],[83.976,23.476],[83.971,23.467],[83.973,23.455],[83.982,23.422],[83.98,23.414],[83.969,23.394],[83.962,23.385],[83.963,23.377],[83.969,23.367],[83.99,23.357],[83.997,23.359],[84.012,23.354],[84.015,23.369],[84.023,23.378],[84.036,23.379],[84.051,23.375],[84.052,23.36],[84.067,23.343],[84.074,23.334],[84.062,23.307],[84.067,23.294],[84.062,23.288],[84.064,23.277],[84.06,23.269],[84.054,23.247],[84.059,23.236],[84.056,23.22],[84.063,23.207],[84.055,23.191],[84.043,23.183],[84.032,23.158],[84.04,23.137],[84.049,23.135],[84.058,23.126],[84.063,23.113],[84.072,23.109],[84.09,23.112],[84.106,23.105],[84.109,23.098],[84.119,23.088],[84.124,23.09],[84.133,23.083],[84.133,23.065],[84.126,23.058],[84.126,23.033],[84.14,23.007],[84.138,23.004],[84.147,22.991],[84.146,22.981],[84.149,22.965],[84.171,22.97],[84.178,22.98],[84.175,22.997],[84.179,23.001],[84.175,23.01],[84.186,23.027],[84.202,23.021],[84.203,23.014],[84.2,23.006],[84.217,22.989],[84.219,22.979],[84.23,22.983],[84.243,22.983],[84.245,22.978],[84.254,22.972],[84.266,22.982],[84.274,22.986],[84.281,22.964],[84.292,22.964],[84.308,22.967],[84.319,22.974],[84.328,22.982],[84.351,22.978],[84.365,22.974],[84.373,22.979],[84.38,22.972],[84.383,22.964],[84.384,22.953],[84.393,22.946],[84.396,22.939],[84.396,22.926],[84.389,22.915],[84.378,22.91],[84.375,22.902],[84.382,22.897],[84.38,22.876],[84.373,22.872],[84.371,22.865],[84.36,22.861],[84.353,22.865],[84.344,22.86],[84.335,22.862],[84.323,22.848],[84.326,22.837],[84.322,22.82],[84.316,22.814],[84.315,22.801],[84.308,22.801],[84.299,22.796],[84.292,22.786],[84.289,22.766],[84.279,22.768],[84.26,22.768],[84.256,22.76],[84.243,22.752],[84.232,22.742],[84.23,22.737],[84.234,22.705],[84.233,22.7],[84.238,22.692],[84.233,22.681],[84.221,22.668],[84.2,22.667],[84.188,22.655],[84.163,22.645],[84.15,22.637],[84.14,22.638],[84.124,22.637],[84.111,22.641],[84.095,22.635],[84.084,22.638],[84.07,22.622],[84.065,22.612],[84.049,22.595],[84.024,22.592],[84.023,22.586],[84.012,22.576],[84.008,22.554],[84.003,22.546],[84.01,22.532],[84.009,22.526],[84.012,22.524],[84.026,22.526],[84.028,22.52],[84.04,22.516],[84.058,22.516],[84.065,22.508],[84.076,22.506],[84.075,22.499],[84.09,22.49],[84.107,22.484],[84.113,22.477],[84.134,22.478],[84.142,22.472],[84.143,22.457],[84.139,22.449],[84.141,22.426],[84.152,22.413],[84.154,22.411],[84.166,22.4],[84.185,22.39],[84.197,22.378],[84.214,22.378],[84.237,22.38],[84.25,22.379],[84.256,22.374],[84.269,22.355],[84.279,22.349],[84.29,22.347],[84.291,22.343],[84.311,22.345],[84.317,22.342],[84.338,22.347],[84.366,22.348],[84.367,22.353],[84.377,22.353],[84.383,22.349],[84.394,22.349],[84.4,22.346],[84.423,22.354],[84.43,22.353],[84.429,22.371],[84.438,22.377],[84.453,22.382],[84.461,22.379],[84.477,22.387],[84.479,22.394],[84.475,22.408],[84.481,22.414],[84.487,22.414],[84.503,22.42],[84.525,22.42],[84.53,22.426],[84.546,22.425],[84.548,22.422],[84.568,22.428],[84.594,22.43],[84.603,22.429],[84.622,22.432],[84.629,22.435],[84.638,22.432],[84.667,22.42],[84.676,22.421],[84.699,22.416],[84.718,22.42],[84.75,22.419],[84.753,22.434],[84.759,22.447],[84.794,22.447],[84.803,22.448],[84.81,22.453],[84.817,22.444],[84.818,22.437],[84.836,22.432],[84.866,22.44],[84.88,22.449],[84.889,22.428],[84.886,22.42],[84.909,22.423],[84.926,22.435],[84.922,22.444],[84.938,22.446],[84.944,22.454],[84.954,22.459],[84.963,22.45],[84.971,22.452],[85.02,22.472],[85.031,22.473],[85.037,22.481],[85.051,22.482],[85.057,22.486],[85.078,22.477],[85.077,22.464],[85.064,22.455],[85.06,22.449],[85.067,22.44],[85.066,22.43],[85.077,22.418],[85.083,22.406],[85.088,22.388],[85.086,22.381],[85.08,22.37],[85.077,22.356],[85.083,22.345],[85.096,22.345],[85.089,22.32],[85.094,22.315],[85.108,22.321],[85.118,22.318],[85.116,22.308],[85.117,22.295],[85.107,22.296],[85.091,22.289],[85.072,22.276],[85.071,22.27],[85.078,22.258],[85.07,22.243],[85.073,22.238],[85.066,22.222],[85.052,22.195],[85.054,22.185],[85.051,22.18],[85.03,22.162],[85.029,22.157],[85.035,22.146],[85.034,22.138],[85.025,22.118],[85.004,22.109],[84.984,22.095],[84.984,22.093],[84.984,22.086],[84.991,22.081],[85.002,22.084],[85.012,22.09],[85.015,22.101],[85.024,22.109],[85.029,22.109],[85.042,22.116],[85.055,22.116],[85.09,22.106],[85.1,22.104],[85.101,22.094],[85.114,22.083],[85.113,22.079],[85.122,22.071],[85.127,22.075],[85.145,22.08],[85.153,22.079],[85.168,22.068],[85.173,22.074],[85.182,22.072],[85.187,22.058],[85.197,22.056],[85.214,22.049],[85.22,22.039],[85.217,22.035],[85.222,22.018],[85.229,22.012],[85.239,22.009],[85.252,22.027],[85.26,22.047],[85.263,22.059],[85.273,22.074],[85.275,22.082],[85.281,22.09],[85.301,22.107],[85.311,22.119],[85.319,22.121],[85.323,22.127],[85.353,22.129],[85.359,22.124],[85.364,22.14],[85.36,22.144],[85.371,22.161],[85.385,22.156],[85.394,22.158],[85.397,22.163],[85.412,22.162],[85.464,22.139],[85.477,22.128],[85.485,22.127],[85.495,22.119],[85.512,22.117],[85.527,22.109],[85.541,22.098],[85.547,22.09],[85.563,22.095],[85.568,22.088],[85.574,22.09],[85.588,22.085],[85.599,22.078],[85.627,22.081],[85.64,22.089],[85.645,22.095],[85.656,22.093],[85.658,22.085],[85.674,22.067],[85.68,22.063],[85.679,22.056],[85.687,22.054],[85.69,22.061],[85.699,22.062],[85.71,22.059],[85.713,22.062],[85.73,22.065],[85.757,22.079],[85.757,22.084],[85.768,22.093],[85.787,22.099],[85.79,22.104],[85.807,22.116],[85.823,22.106],[85.817,22.099],[85.836,22.091],[85.838,22.08],[85.823,22.074],[85.815,22.074],[85.796,22.081],[85.777,22.056],[85.785,22.04],[85.783,22.031],[85.767,22.021],[85.761,22.008],[85.766,21.995],[85.784,21.984],[85.805,21.989],[85.821,21.983],[85.826,21.975],[85.852,21.983],[85.884,21.979],[85.901,21.983],[85.906,21.973],[85.914,21.98],[85.912,21.987],[85.914,21.996],[85.931,22.023],[85.944,22.02],[85.965,22.052],[85.976,22.071],[85.984,22.076],[85.988,22.088],[85.994,22.094],[86.009,22.118],[85.997,22.132],[86.003,22.14],[86.005,22.15],[86.015,22.161],[86.017,22.171],[86.03,22.188],[86.031,22.193],[86.016,22.207],[86.003,22.214],[85.992,22.226],[85.986,22.237],[85.974,22.247],[85.99,22.254],[85.988,22.267],[86.005,22.279],[86.009,22.288],[86.017,22.297],[86.028,22.302],[86.049,22.308],[86.043,22.312],[86.031,22.307],[86.017,22.313],[86.014,22.322],[86.029,22.334],[86.014,22.34],[86.006,22.335],[85.998,22.345],[86.014,22.352],[86.024,22.364],[86.029,22.386],[86.027,22.395],[86.023,22.398],[86.018,22.426],[86.014,22.429],[86.006,22.425],[85.986,22.435],[85.981,22.441],[85.968,22.451],[85.97,22.46],[85.96,22.461],[85.963,22.482],[85.972,22.492],[85.973,22.506],[85.99,22.517],[85.998,22.513],[86.023,22.528],[86.029,22.524],[86.034,22.534],[86.024,22.545],[86.032,22.555],[86.045,22.568],[86.051,22.563],[86.069,22.556],[86.07,22.55],[86.078,22.544],[86.089,22.529],[86.104,22.501],[86.118,22.487],[86.124,22.489],[86.15,22.483],[86.18,22.479],[86.197,22.472],[86.212,22.471],[86.226,22.453],[86.238,22.452],[86.269,22.442],[86.283,22.448],[86.29,22.434],[86.297,22.424],[86.304,22.422],[86.309,22.415],[86.308,22.409],[86.323,22.397],[86.323,22.385],[86.33,22.377],[86.343,22.372],[86.352,22.364],[86.368,22.344],[86.379,22.341],[86.411,22.32],[86.43,22.317],[86.432,22.307],[86.442,22.303],[86.446,22.308],[86.446,22.327],[86.464,22.325],[86.471,22.336],[86.486,22.337],[86.49,22.348],[86.499,22.346],[86.509,22.334],[86.51,22.327],[86.529,22.323],[86.526,22.315],[86.528,22.307],[86.534,22.302],[86.542,22.308],[86.553,22.299],[86.56,22.301],[86.585,22.301],[86.596,22.278],[86.613,22.282],[86.627,22.273],[86.636,22.273],[86.643,22.265],[86.651,22.263],[86.657,22.25],[86.652,22.241],[86.656,22.236],[86.668,22.242],[86.673,22.241],[86.68,22.225],[86.69,22.221],[86.702,22.22],[86.707,22.223],[86.72,22.22],[86.727,22.217],[86.745,22.216],[86.757,22.211],[86.771,22.221],[86.776,22.218],[86.778,22.237],[86.787,22.237],[86.778,22.218],[86.785,22.215],[86.792,22.222],[86.802,22.218],[86.809,22.236],[86.812,22.241],[86.794,22.244],[86.792,22.266],[86.801,22.266],[86.798,22.252],[86.803,22.244],[86.81,22.251],[86.82,22.254],[86.823,22.266],[86.83,22.264],[86.849,22.264],[86.859,22.258],[86.864,22.261],[86.887,22.258],[86.887,22.274],[86.89,22.285],[86.888,22.297],[86.876,22.301],[86.872,22.307],[86.866,22.308],[86.854,22.314],[86.84,22.319],[86.833,22.324],[86.831,22.335],[86.832,22.348],[86.843,22.373],[86.841,22.382],[86.846,22.391],[86.844,22.402],[86.831,22.411],[86.813,22.419],[86.792,22.422],[86.785,22.425],[86.765,22.427],[86.76,22.445],[86.761,22.45],[86.751,22.456],[86.751,22.465],[86.747,22.475],[86.751,22.483],[86.768,22.48],[86.784,22.48],[86.794,22.478],[86.801,22.488],[86.794,22.496],[86.802,22.502],[86.793,22.511],[86.795,22.517],[86.787,22.538],[86.786,22.55],[86.776,22.55],[86.767,22.559],[86.766,22.576],[86.757,22.579],[86.73,22.578],[86.71,22.583],[86.684,22.579],[86.679,22.575],[86.659,22.576],[86.653,22.582],[86.656,22.591],[86.638,22.598],[86.637,22.61],[86.633,22.611],[86.638,22.626],[86.638,22.652],[86.641,22.659],[86.635,22.666],[86.627,22.668],[86.619,22.679],[86.595,22.69],[86.584,22.692],[86.562,22.707],[86.553,22.717],[86.543,22.722],[86.535,22.718],[86.523,22.721],[86.513,22.718],[86.507,22.708],[86.503,22.717],[86.494,22.727],[86.482,22.732],[86.472,22.745],[86.47,22.754],[86.459,22.765],[86.451,22.764],[86.44,22.774],[86.432,22.775],[86.426,22.786],[86.419,22.791],[86.425,22.801],[86.422,22.811],[86.436,22.829],[86.436,22.843],[86.433,22.853],[86.438,22.863],[86.451,22.862],[86.452,22.873],[86.456,22.881],[86.453,22.886],[86.465,22.895],[86.466,22.903],[86.458,22.903],[86.447,22.908],[86.436,22.923],[86.443,22.931],[86.453,22.931],[86.463,22.937],[86.465,22.945],[86.478,22.946],[86.491,22.939],[86.5,22.945],[86.503,22.951],[86.525,22.947],[86.533,22.962],[86.545,22.97],[86.549,22.978],[86.548,22.989],[86.529,22.98],[86.521,22.971],[86.498,22.993],[86.47,22.992],[86.465,22.989],[86.426,22.997],[86.405,22.987],[86.401,22.982],[86.394,22.981],[86.389,22.987],[86.386,22.996],[86.371,22.998],[86.37,22.998],[86.364,23.001],[86.342,22.997],[86.338,22.991],[86.322,22.997],[86.31,23.004],[86.309,23.008],[86.293,23.014],[86.272,23.006],[86.265,23],[86.237,22.995],[86.224,22.995],[86.207,23],[86.207,23.008],[86.186,23.005],[86.18,23.02],[86.171,23.027],[86.156,23.033],[86.158,23.048],[86.142,23.057],[86.146,23.075],[86.138,23.077],[86.127,23.087],[86.119,23.085],[86.098,23.085],[86.09,23.09],[86.089,23.095],[86.075,23.095],[86.049,23.106],[86.055,23.124],[86.037,23.147],[86.024,23.145],[86.019,23.148],[85.997,23.15],[85.988,23.154],[85.975,23.156],[85.958,23.161],[85.951,23.152],[85.929,23.151],[85.927,23.147],[85.917,23.146],[85.911,23.153],[85.895,23.155],[85.882,23.168],[85.881,23.172],[85.883,23.196],[85.864,23.222],[85.836,23.222],[85.839,23.232],[85.836,23.239],[85.838,23.247],[85.823,23.259],[85.821,23.27],[85.831,23.287],[85.839,23.307],[85.847,23.309],[85.852,23.317],[85.868,23.329],[85.865,23.34],[85.874,23.343],[85.883,23.352],[85.876,23.358],[85.875,23.378],[85.878,23.382],[85.87,23.39],[85.891,23.397],[85.9,23.394],[85.903,23.399],[85.898,23.406],[85.89,23.409],[85.882,23.42],[85.885,23.43],[85.864,23.432],[85.861,23.439],[85.868,23.465],[85.876,23.481],[85.909,23.484],[85.92,23.478],[85.933,23.473],[85.95,23.471],[85.962,23.477],[85.978,23.477],[86.026,23.486],[86.032,23.483],[86.054,23.487],[86.056,23.495],[86.039,23.498],[86.04,23.515],[86.028,23.534],[86.017,23.548],[86.019,23.56],[86.025,23.562],[86.031,23.573],[86.041,23.576],[86.042,23.586],[86.054,23.584],[86.075,23.576],[86.074,23.569],[86.095,23.563],[86.099,23.567],[86.11,23.568],[86.12,23.566],[86.126,23.57],[86.131,23.563],[86.148,23.563],[86.159,23.559],[86.152,23.548],[86.158,23.541],[86.156,23.532],[86.149,23.525],[86.153,23.512],[86.16,23.508],[86.158,23.492],[86.151,23.482],[86.148,23.465],[86.159,23.468],[86.182,23.468],[86.18,23.461],[86.207,23.45],[86.229,23.443],[86.233,23.462],[86.246,23.46],[86.247,23.456],[86.237,23.445],[86.231,23.43],[86.235,23.421],[86.246,23.423],[86.245,23.414],[86.25,23.411],[86.259,23.413],[86.26,23.418],[86.252,23.427],[86.264,23.431],[86.289,23.43],[86.29,23.418],[86.301,23.413],[86.31,23.412],[86.317,23.416],[86.317,23.427],[86.306,23.43],[86.305,23.435],[86.32,23.443],[86.333,23.447],[86.337,23.44],[86.344,23.441],[86.345,23.441],[86.351,23.442],[86.355,23.45],[86.36,23.452],[86.358,23.463],[86.364,23.472],[86.379,23.474],[86.378,23.485],[86.368,23.483],[86.365,23.491],[86.364,23.502],[86.373,23.506],[86.375,23.512],[86.365,23.522],[86.367,23.54],[86.378,23.549],[86.382,23.557],[86.389,23.56],[86.388,23.574],[86.397,23.579],[86.415,23.577],[86.421,23.59],[86.439,23.599],[86.449,23.601],[86.446,23.618],[86.456,23.622],[86.457,23.623],[86.462,23.63],[86.47,23.63],[86.481,23.636],[86.491,23.638],[86.512,23.632],[86.527,23.63],[86.538,23.633],[86.553,23.64],[86.574,23.648],[86.578,23.653],[86.599,23.666],[86.598,23.674],[86.622,23.674],[86.634,23.677],[86.661,23.687],[86.683,23.688],[86.705,23.697],[86.718,23.699],[86.74,23.694],[86.745,23.68],[86.771,23.681],[86.789,23.688],[86.799,23.688],[86.805,23.696],[86.799,23.705],[86.808,23.724],[86.808,23.73],[86.812,23.745],[86.823,23.748],[86.828,23.753],[86.826,23.778],[86.809,23.799],[86.804,23.802],[86.809,23.819],[86.8,23.834],[86.806,23.838],[86.815,23.83],[86.813,23.82],[86.824,23.814],[86.841,23.824],[86.853,23.826],[86.861,23.834],[86.863,23.845],[86.875,23.848],[86.879,23.843],[86.88,23.829],[86.894,23.826],[86.894,23.835],[86.889,23.844],[86.889,23.859],[86.885,23.866],[86.894,23.877],[86.916,23.883],[86.931,23.871],[86.936,23.852],[86.947,23.846],[86.963,23.849],[86.966,23.865],[86.974,23.869],[86.986,23.86],[87.011,23.853],[87.027,23.843],[87.04,23.837],[87.053,23.823],[87.087,23.809],[87.096,23.814],[87.102,23.805],[87.12,23.798],[87.131,23.798],[87.14,23.804],[87.145,23.798],[87.152,23.799],[87.164,23.818],[87.167,23.825],[87.159,23.831],[87.154,23.829],[87.139,23.848],[87.13,23.854],[87.129,23.869],[87.134,23.87],[87.155,23.865],[87.165,23.865],[87.174,23.855],[87.181,23.853],[87.188,23.86],[87.195,23.856],[87.188,23.849],[87.214,23.851],[87.222,23.858],[87.238,23.855],[87.23,23.846],[87.223,23.846],[87.223,23.838],[87.217,23.83],[87.23,23.825],[87.241,23.826],[87.246,23.83],[87.256,23.844],[87.244,23.859],[87.246,23.869],[87.241,23.87],[87.245,23.882],[87.243,23.89],[87.244,23.903],[87.252,23.913],[87.259,23.906],[87.256,23.901],[87.261,23.886],[87.259,23.883],[87.269,23.874],[87.275,23.884],[87.282,23.886],[87.291,23.893],[87.295,23.901],[87.291,23.908],[87.285,23.939],[87.291,23.943],[87.292,23.959],[87.28,23.96],[87.271,23.967],[87.262,23.967],[87.262,23.981],[87.268,23.99],[87.263,24.004],[87.253,23.997],[87.248,23.999],[87.241,24.012],[87.246,24.016],[87.235,24.022],[87.234,24.032],[87.241,24.041],[87.248,24.045],[87.26,24.038],[87.267,24.038],[87.288,24.029],[87.292,24.033],[87.306,24.032],[87.316,24.035],[87.328,24.032],[87.337,24.034],[87.339,24.026],[87.336,24.021],[87.326,24.018],[87.319,24.008],[87.329,23.999],[87.351,23.999],[87.361,24.013],[87.397,24.001],[87.415,23.994],[87.427,23.993],[87.429,23.987],[87.44,23.982],[87.45,23.989],[87.46,23.984],[87.461,23.996],[87.445,24.007],[87.452,24.016],[87.461,24.013],[87.473,24.016],[87.476,24.012],[87.491,24.018],[87.497,24.025],[87.509,24.032],[87.512,24.038],[87.509,24.048],[87.493,24.054],[87.497,24.063],[87.49,24.071],[87.493,24.077],[87.502,24.076],[87.502,24.085],[87.491,24.089],[87.5,24.102],[87.496,24.112],[87.5,24.116],[87.511,24.111],[87.522,24.112],[87.53,24.107],[87.535,24.095],[87.547,24.085],[87.556,24.087],[87.559,24.081],[87.571,24.089],[87.581,24.089],[87.575,24.099],[87.575,24.112],[87.583,24.114],[87.585,24.124],[87.602,24.127],[87.61,24.133],[87.578,24.155],[87.582,24.162],[87.594,24.16],[87.606,24.161],[87.616,24.166],[87.631,24.164],[87.641,24.153],[87.657,24.159],[87.675,24.151],[87.674,24.142],[87.675,24.142],[87.684,24.143],[87.688,24.151],[87.694,24.149],[87.696,24.161],[87.702,24.175],[87.698,24.187],[87.686,24.19],[87.677,24.195],[87.674,24.208],[87.656,24.208],[87.639,24.214],[87.646,24.23],[87.636,24.242],[87.647,24.252],[87.653,24.239],[87.662,24.237],[87.662,24.245],[87.672,24.243],[87.689,24.253],[87.69,24.258],[87.7,24.263],[87.706,24.261],[87.709,24.28],[87.713,24.283],[87.713,24.294],[87.727,24.289],[87.729,24.288],[87.737,24.295],[87.747,24.298],[87.755,24.31],[87.761,24.308],[87.764,24.338],[87.771,24.345],[87.773,24.351],[87.787,24.364],[87.794,24.383],[87.801,24.382],[87.799,24.393],[87.802,24.4],[87.813,24.413],[87.806,24.42],[87.801,24.409],[87.789,24.415],[87.795,24.437],[87.803,24.454],[87.824,24.458],[87.823,24.47],[87.811,24.477],[87.817,24.49],[87.812,24.499],[87.812,24.508],[87.804,24.509],[87.799,24.526],[87.799,24.539],[87.809,24.547],[87.8,24.565],[87.788,24.572],[87.771,24.575],[87.772,24.584],[87.792,24.584],[87.812,24.579],[87.818,24.572],[87.826,24.569],[87.828,24.558],[87.841,24.559],[87.852,24.554],[87.854,24.559],[87.865,24.557],[87.869,24.564],[87.892,24.566],[87.893,24.581],[87.901,24.586],[87.908,24.585],[87.913,24.597],[87.911,24.61],[87.906,24.615],[87.906,24.631],[87.914,24.638],[87.911,24.652],[87.916,24.656],[87.917,24.666],[87.904,24.672],[87.891,24.675],[87.89,24.683],[87.898,24.689],[87.908,24.722],[87.898,24.723],[87.888,24.728],[87.885,24.74],[87.879,24.741],[87.875,24.733],[87.86,24.734],[87.837,24.746],[87.829,24.753],[87.819,24.754],[87.818,24.761],[87.823,24.77],[87.83,24.77],[87.832,24.787],[87.841,24.789],[87.84,24.777],[87.843,24.769],[87.852,24.762],[87.861,24.766],[87.869,24.775],[87.869,24.789],[87.879,24.79],[87.882,24.799],[87.875,24.807],[87.876,24.822],[87.886,24.823],[87.897,24.83],[87.9,24.844],[87.891,24.855],[87.897,24.861],[87.915,24.883],[87.924,24.89],[87.946,24.903],[87.952,24.908],[87.961,24.923],[87.962,24.938],[87.959,24.951],[87.958,24.97],[87.954,24.978],[87.94,24.991],[87.923,25.001],[87.911,25.002],[87.896,25.011],[87.877,25.034],[87.848,25.054],[87.835,25.059],[87.81,25.076],[87.795,25.09],[87.802,25.104],[87.801,25.115],[87.789,25.135],[87.779,25.144],[87.782,25.162],[87.781,25.18],[87.778,25.196],[87.773,25.206],[87.773,25.221],[87.778,25.235],[87.779,25.251],[87.711,25.258]]]},"properties":{"ST_NM":"Jharkhand","id":"jharkhand"}},{"type":"Feature","geometry":{"type":"MultiPolygon","coordinates":[[[[79.781,11.903],[79.775,11.905],[79.77,11.891],[79.78,11.876],[79.778,11.863],[79.785,11.863],[79.787,11.873],[79.792,11.878],[79.797,11.895],[79.788,11.897],[79.781,11.903]]],[[[79.233,9.249],[79.229,9.242],[79.239,9.236],[79.24,9.242],[79.233,9.249]]],[[[79.077,9.201],[79.067,9.209],[79.065,9.199],[79.077,9.201]]],[[[79.211,9.251],[79.196,9.258],[79.187,9.255],[79.176,9.244],[79.179,9.235],[79.193,9.224],[79.205,9.226],[79.221,9.241],[79.226,9.25],[79.211,9.251]]],[[[79.155,9.221],[79.151,9.224],[79.141,9.224],[79.136,9.216],[79.155,9.221]]],[[[78.582,9.111],[78.571,9.101],[78.581,9.101],[78.582,9.111]]],[[[79.874,12.043],[79.885,12.064],[79.924,12.126],[79.974,12.201],[79.999,12.24],[80.012,12.257],[80.031,12.29],[80.057,12.326],[80.081,12.351],[80.107,12.375],[80.117,12.385],[80.138,12.411],[80.15,12.436],[80.156,12.46],[80.161,12.488],[80.161,12.501],[80.166,12.528],[80.169,12.537],[80.185,12.576],[80.187,12.587],[80.197,12.614],[80.201,12.632],[80.212,12.661],[80.227,12.708],[80.246,12.754],[80.255,12.783],[80.25,12.795],[80.248,12.81],[80.248,12.831],[80.252,12.881],[80.26,12.937],[80.268,12.979],[80.273,13.001],[80.279,13.017],[80.282,13.041],[80.286,13.06],[80.294,13.078],[80.302,13.09],[80.295,13.093],[80.302,13.115],[80.301,13.121],[80.306,13.13],[80.298,13.138],[80.308,13.154],[80.319,13.186],[80.33,13.224],[80.335,13.239],[80.336,13.251],[80.34,13.268],[80.345,13.276],[80.346,13.315],[80.345,13.331],[80.339,13.366],[80.335,13.378],[80.329,13.409],[80.329,13.428],[80.324,13.45],[80.308,13.466],[80.301,13.479],[80.292,13.501],[80.291,13.506],[80.277,13.547],[80.268,13.564],[80.264,13.563],[80.251,13.503],[80.242,13.472],[80.235,13.474],[80.226,13.485],[80.21,13.486],[80.186,13.491],[80.162,13.488],[80.145,13.491],[80.145,13.501],[80.133,13.501],[80.127,13.505],[80.117,13.504],[80.111,13.492],[80.105,13.493],[80.099,13.488],[80.078,13.489],[80.077,13.513],[80.077,13.526],[80.089,13.535],[80.081,13.55],[80.067,13.544],[80.063,13.545],[80.057,13.537],[80.028,13.539],[80.025,13.545],[80.013,13.547],[80,13.542],[80,13.526],[80.017,13.53],[80.019,13.519],[80.027,13.514],[80.035,13.518],[80.048,13.512],[80.047,13.494],[80.03,13.498],[80.016,13.498],[80.008,13.478],[79.984,13.48],[79.982,13.47],[79.972,13.469],[79.972,13.443],[79.973,13.43],[79.962,13.423],[79.953,13.426],[79.94,13.425],[79.944,13.406],[79.944,13.397],[79.956,13.397],[79.963,13.394],[79.958,13.379],[79.949,13.378],[79.945,13.363],[79.931,13.352],[79.925,13.358],[79.917,13.358],[79.904,13.34],[79.883,13.333],[79.878,13.324],[79.868,13.33],[79.863,13.318],[79.853,13.316],[79.833,13.315],[79.817,13.319],[79.809,13.317],[79.804,13.312],[79.802,13.301],[79.792,13.294],[79.786,13.297],[79.78,13.306],[79.775,13.306],[79.768,13.314],[79.762,13.313],[79.76,13.302],[79.752,13.292],[79.744,13.289],[79.739,13.291],[79.731,13.284],[79.735,13.276],[79.742,13.271],[79.748,13.271],[79.761,13.258],[79.782,13.252],[79.787,13.245],[79.795,13.242],[79.794,13.228],[79.788,13.229],[79.777,13.219],[79.764,13.219],[79.76,13.207],[79.75,13.208],[79.751,13.216],[79.733,13.237],[79.731,13.224],[79.722,13.223],[79.718,13.217],[79.703,13.222],[79.708,13.235],[79.714,13.236],[79.708,13.25],[79.701,13.253],[79.696,13.243],[79.689,13.24],[79.684,13.244],[79.678,13.262],[79.688,13.267],[79.694,13.274],[79.694,13.28],[79.683,13.288],[79.671,13.28],[79.665,13.282],[79.663,13.29],[79.655,13.285],[79.652,13.292],[79.642,13.29],[79.643,13.285],[79.634,13.282],[79.634,13.272],[79.629,13.27],[79.606,13.288],[79.596,13.285],[79.594,13.266],[79.59,13.261],[79.583,13.257],[79.574,13.259],[79.558,13.273],[79.54,13.272],[79.535,13.275],[79.535,13.285],[79.541,13.293],[79.535,13.301],[79.542,13.311],[79.544,13.317],[79.537,13.339],[79.526,13.344],[79.511,13.342],[79.51,13.335],[79.495,13.345],[79.48,13.34],[79.456,13.339],[79.446,13.348],[79.436,13.35],[79.432,13.337],[79.421,13.336],[79.413,13.333],[79.405,13.335],[79.398,13.33],[79.399,13.322],[79.388,13.318],[79.389,13.31],[79.394,13.3],[79.405,13.298],[79.414,13.3],[79.42,13.29],[79.431,13.3],[79.445,13.302],[79.446,13.292],[79.436,13.291],[79.434,13.275],[79.419,13.272],[79.411,13.265],[79.417,13.258],[79.418,13.243],[79.438,13.243],[79.441,13.238],[79.453,13.238],[79.454,13.217],[79.44,13.218],[79.441,13.208],[79.432,13.197],[79.432,13.189],[79.392,13.192],[79.38,13.184],[79.376,13.178],[79.38,13.163],[79.37,13.163],[79.363,13.166],[79.356,13.165],[79.361,13.142],[79.365,13.131],[79.358,13.122],[79.349,13.12],[79.344,13.132],[79.329,13.131],[79.324,13.119],[79.31,13.112],[79.307,13.106],[79.294,13.11],[79.299,13.119],[79.309,13.127],[79.284,13.123],[79.281,13.153],[79.277,13.156],[79.262,13.149],[79.26,13.16],[79.253,13.16],[79.254,13.146],[79.245,13.138],[79.24,13.144],[79.245,13.149],[79.241,13.162],[79.243,13.171],[79.236,13.171],[79.227,13.159],[79.215,13.157],[79.21,13.148],[79.222,13.146],[79.228,13.14],[79.23,13.126],[79.238,13.119],[79.234,13.115],[79.234,13.105],[79.225,13.101],[79.213,13.092],[79.2,13.088],[79.186,13.075],[79.192,13.067],[79.183,13.057],[79.183,13.047],[79.192,13.048],[79.185,13.03],[79.172,13.027],[79.163,13.02],[79.15,13.024],[79.138,13.034],[79.115,13.039],[79.108,13.039],[79.098,13.026],[79.087,13.028],[79.081,13.026],[79.064,13.04],[79.063,13.053],[79.039,13.061],[79.035,13.07],[79.015,13.077],[79.009,13.077],[79.004,13.085],[78.982,13.086],[78.972,13.084],[78.969,13.078],[78.955,13.076],[78.95,13.08],[78.941,13.079],[78.924,13.081],[78.922,13.066],[78.91,13.063],[78.904,13.05],[78.906,13.045],[78.919,13.044],[78.929,13.046],[78.929,13.037],[78.917,13.034],[78.892,13.033],[78.891,13.069],[78.889,13.073],[78.892,13.09],[78.896,13.095],[78.881,13.098],[78.87,13.091],[78.871,13.082],[78.861,13.084],[78.842,13.079],[78.821,13.088],[78.813,13.089],[78.798,13.075],[78.795,13.067],[78.788,13.064],[78.751,13.055],[78.74,13.064],[78.714,13.069],[78.708,13.036],[78.705,13.015],[78.677,13.024],[78.656,13.031],[78.655,13.015],[78.645,13.006],[78.635,13.001],[78.631,12.995],[78.621,12.991],[78.64,12.971],[78.638,12.965],[78.643,12.953],[78.65,12.94],[78.657,12.932],[78.653,12.929],[78.634,12.931],[78.633,12.925],[78.623,12.904],[78.615,12.883],[78.613,12.868],[78.602,12.851],[78.608,12.822],[78.6,12.818],[78.601,12.804],[78.593,12.798],[78.592,12.783],[78.568,12.767],[78.566,12.759],[78.557,12.757],[78.564,12.738],[78.561,12.727],[78.554,12.718],[78.561,12.71],[78.555,12.707],[78.555,12.699],[78.541,12.691],[78.531,12.697],[78.529,12.716],[78.512,12.727],[78.513,12.733],[78.505,12.743],[78.493,12.747],[78.489,12.742],[78.504,12.725],[78.521,12.717],[78.519,12.71],[78.512,12.708],[78.504,12.711],[78.499,12.699],[78.503,12.697],[78.504,12.682],[78.5,12.676],[78.484,12.672],[78.468,12.676],[78.472,12.632],[78.465,12.624],[78.459,12.63],[78.433,12.63],[78.427,12.635],[78.413,12.628],[78.392,12.627],[78.379,12.625],[78.37,12.628],[78.363,12.634],[78.356,12.637],[78.344,12.649],[78.332,12.649],[78.318,12.662],[78.296,12.671],[78.292,12.682],[78.276,12.702],[78.268,12.706],[78.252,12.706],[78.24,12.703],[78.238,12.686],[78.229,12.687],[78.211,12.686],[78.21,12.69],[78.2,12.693],[78.21,12.701],[78.207,12.708],[78.218,12.709],[78.227,12.715],[78.231,12.713],[78.241,12.73],[78.236,12.738],[78.236,12.746],[78.231,12.761],[78.224,12.766],[78.213,12.765],[78.203,12.771],[78.184,12.776],[78.177,12.776],[78.168,12.77],[78.145,12.781],[78.134,12.782],[78.126,12.792],[78.12,12.802],[78.109,12.805],[78.09,12.817],[78.086,12.832],[78.074,12.831],[78.077,12.84],[78.06,12.844],[78.059,12.851],[78.05,12.849],[78.031,12.853],[78.024,12.842],[78.019,12.844],[78.018,12.831],[78.011,12.831],[78.004,12.823],[78.015,12.814],[78.007,12.809],[77.989,12.808],[77.99,12.822],[77.979,12.827],[77.98,12.835],[77.964,12.833],[77.965,12.848],[77.953,12.85],[77.953,12.857],[77.944,12.858],[77.94,12.853],[77.941,12.845],[77.946,12.84],[77.941,12.823],[77.934,12.823],[77.927,12.83],[77.921,12.828],[77.917,12.838],[77.924,12.851],[77.923,12.856],[77.937,12.867],[77.939,12.873],[77.935,12.881],[77.936,12.887],[77.929,12.891],[77.922,12.885],[77.909,12.885],[77.908,12.879],[77.895,12.879],[77.89,12.87],[77.876,12.867],[77.857,12.87],[77.836,12.87],[77.832,12.862],[77.823,12.856],[77.816,12.856],[77.808,12.848],[77.799,12.852],[77.792,12.842],[77.796,12.835],[77.81,12.832],[77.808,12.823],[77.802,12.817],[77.807,12.794],[77.799,12.796],[77.791,12.783],[77.779,12.768],[77.794,12.758],[77.792,12.747],[77.784,12.741],[77.768,12.74],[77.763,12.737],[77.762,12.727],[77.774,12.724],[77.766,12.714],[77.765,12.701],[77.761,12.697],[77.74,12.7],[77.735,12.692],[77.741,12.686],[77.74,12.674],[77.724,12.672],[77.723,12.68],[77.712,12.683],[77.711,12.667],[77.704,12.661],[77.69,12.659],[77.679,12.66],[77.676,12.68],[77.66,12.684],[77.638,12.676],[77.624,12.674],[77.599,12.667],[77.596,12.65],[77.606,12.628],[77.596,12.622],[77.591,12.615],[77.591,12.592],[77.579,12.573],[77.58,12.552],[77.586,12.546],[77.585,12.537],[77.588,12.527],[77.587,12.515],[77.594,12.516],[77.611,12.514],[77.615,12.504],[77.602,12.497],[77.592,12.485],[77.584,12.479],[77.596,12.475],[77.607,12.475],[77.616,12.483],[77.626,12.496],[77.635,12.487],[77.632,12.472],[77.627,12.459],[77.629,12.445],[77.626,12.431],[77.63,12.418],[77.623,12.412],[77.62,12.383],[77.613,12.361],[77.601,12.359],[77.599,12.351],[77.592,12.34],[77.579,12.336],[77.575,12.325],[77.566,12.306],[77.558,12.306],[77.551,12.291],[77.533,12.291],[77.527,12.279],[77.508,12.276],[77.501,12.282],[77.488,12.281],[77.479,12.271],[77.478,12.259],[77.473,12.256],[77.471,12.244],[77.478,12.24],[77.483,12.23],[77.472,12.21],[77.475,12.206],[77.486,12.204],[77.493,12.197],[77.519,12.195],[77.53,12.199],[77.535,12.198],[77.548,12.204],[77.563,12.197],[77.575,12.201],[77.583,12.198],[77.599,12.2],[77.607,12.206],[77.613,12.206],[77.621,12.2],[77.63,12.202],[77.64,12.196],[77.655,12.199],[77.67,12.195],[77.697,12.186],[77.711,12.182],[77.722,12.183],[77.731,12.18],[77.735,12.17],[77.747,12.155],[77.747,12.143],[77.757,12.131],[77.776,12.119],[77.777,12.114],[77.768,12.107],[77.756,12.08],[77.741,12.069],[77.727,12.061],[77.714,12.041],[77.708,12.035],[77.696,12.016],[77.678,11.974],[77.674,11.963],[77.674,11.954],[77.669,11.949],[77.646,11.95],[77.629,11.946],[77.624,11.947],[77.604,11.938],[77.594,11.94],[77.586,11.937],[77.575,11.937],[77.561,11.942],[77.542,11.938],[77.538,11.932],[77.528,11.934],[77.518,11.938],[77.504,11.941],[77.493,11.941],[77.491,11.909],[77.483,11.9],[77.486,11.889],[77.474,11.895],[77.47,11.9],[77.464,11.896],[77.46,11.882],[77.465,11.875],[77.462,11.853],[77.466,11.846],[77.458,11.83],[77.452,11.813],[77.45,11.796],[77.442,11.784],[77.434,11.778],[77.428,11.767],[77.422,11.772],[77.414,11.775],[77.395,11.786],[77.388,11.789],[77.369,11.787],[77.365,11.791],[77.36,11.78],[77.335,11.771],[77.327,11.776],[77.313,11.794],[77.294,11.809],[77.288,11.801],[77.25,11.813],[77.25,11.804],[77.239,11.795],[77.217,11.795],[77.189,11.793],[77.182,11.786],[77.147,11.782],[77.138,11.773],[77.111,11.774],[77.113,11.766],[77.112,11.743],[77.118,11.722],[77.115,11.722],[77.105,11.733],[77.081,11.737],[77.083,11.74],[77.071,11.751],[77.056,11.77],[77.069,11.784],[77.063,11.791],[77.05,11.79],[77.04,11.781],[77.035,11.77],[77.029,11.775],[77.035,11.783],[77.039,11.794],[77.03,11.805],[77.013,11.815],[76.993,11.809],[76.983,11.812],[76.983,11.801],[76.976,11.79],[76.97,11.777],[76.961,11.782],[76.956,11.791],[76.944,11.788],[76.932,11.793],[76.922,11.792],[76.909,11.795],[76.897,11.777],[76.896,11.758],[76.888,11.742],[76.888,11.734],[76.874,11.724],[76.863,11.711],[76.862,11.704],[76.85,11.687],[76.842,11.662],[76.834,11.649],[76.835,11.64],[76.845,11.632],[76.851,11.616],[76.858,11.614],[76.856,11.599],[76.848,11.596],[76.84,11.597],[76.823,11.608],[76.818,11.605],[76.809,11.608],[76.796,11.609],[76.791,11.613],[76.775,11.612],[76.757,11.619],[76.748,11.614],[76.722,11.615],[76.703,11.616],[76.685,11.614],[76.671,11.616],[76.65,11.614],[76.629,11.614],[76.614,11.608],[76.611,11.611],[76.598,11.611],[76.59,11.618],[76.583,11.614],[76.57,11.618],[76.56,11.625],[76.561,11.633],[76.553,11.649],[76.555,11.652],[76.549,11.665],[76.551,11.672],[76.539,11.69],[76.512,11.705],[76.505,11.699],[76.49,11.692],[76.475,11.682],[76.464,11.67],[76.457,11.665],[76.443,11.664],[76.431,11.666],[76.436,11.654],[76.443,11.65],[76.443,11.644],[76.435,11.636],[76.427,11.634],[76.407,11.634],[76.388,11.63],[76.383,11.624],[76.384,11.612],[76.378,11.609],[76.378,11.602],[76.367,11.598],[76.355,11.589],[76.34,11.587],[76.336,11.596],[76.322,11.587],[76.316,11.577],[76.311,11.577],[76.302,11.571],[76.296,11.59],[76.286,11.59],[76.279,11.601],[76.274,11.594],[76.268,11.594],[76.257,11.588],[76.249,11.58],[76.239,11.575],[76.233,11.568],[76.25,11.536],[76.25,11.527],[76.241,11.526],[76.251,11.502],[76.248,11.488],[76.247,11.468],[76.265,11.481],[76.273,11.477],[76.284,11.483],[76.295,11.474],[76.295,11.466],[76.305,11.468],[76.326,11.454],[76.342,11.468],[76.346,11.464],[76.369,11.456],[76.398,11.436],[76.419,11.442],[76.416,11.423],[76.421,11.418],[76.46,11.389],[76.475,11.384],[76.518,11.372],[76.515,11.36],[76.508,11.354],[76.548,11.359],[76.547,11.346],[76.55,11.331],[76.537,11.314],[76.542,11.297],[76.527,11.289],[76.522,11.271],[76.513,11.268],[76.487,11.258],[76.466,11.245],[76.453,11.239],[76.449,11.206],[76.458,11.188],[76.473,11.195],[76.472,11.209],[76.499,11.211],[76.509,11.208],[76.516,11.195],[76.534,11.186],[76.601,11.198],[76.615,11.192],[76.629,11.194],[76.652,11.21],[76.655,11.21],[76.678,11.222],[76.684,11.228],[76.684,11.234],[76.698,11.24],[76.707,11.238],[76.719,11.227],[76.736,11.216],[76.727,11.207],[76.73,11.194],[76.723,11.187],[76.714,11.188],[76.698,11.174],[76.695,11.167],[76.706,11.142],[76.712,11.151],[76.719,11.149],[76.725,11.137],[76.748,11.135],[76.749,11.113],[76.743,11.103],[76.751,11.094],[76.755,11.079],[76.744,11.073],[76.746,11.057],[76.761,11.052],[76.769,11.044],[76.782,11.042],[76.788,11.045],[76.792,11.037],[76.774,11.034],[76.767,11.029],[76.749,11.034],[76.742,11.038],[76.727,11.041],[76.716,11.041],[76.708,11.032],[76.7,11.027],[76.689,11.009],[76.686,10.989],[76.667,10.968],[76.667,10.959],[76.664,10.951],[76.665,10.944],[76.656,10.939],[76.659,10.931],[76.677,10.918],[76.695,10.91],[76.708,10.91],[76.724,10.903],[76.739,10.895],[76.741,10.891],[76.752,10.896],[76.761,10.894],[76.768,10.888],[76.78,10.891],[76.787,10.889],[76.792,10.882],[76.812,10.879],[76.831,10.871],[76.832,10.861],[76.848,10.85],[76.854,10.835],[76.845,10.826],[76.848,10.82],[76.864,10.818],[76.87,10.809],[76.889,10.81],[76.901,10.808],[76.901,10.801],[76.907,10.783],[76.903,10.772],[76.904,10.763],[76.897,10.753],[76.896,10.745],[76.89,10.736],[76.888,10.728],[76.891,10.717],[76.882,10.717],[76.871,10.699],[76.866,10.684],[76.87,10.676],[76.877,10.676],[76.878,10.668],[76.884,10.648],[76.882,10.639],[76.868,10.633],[76.853,10.634],[76.839,10.634],[76.831,10.637],[76.821,10.634],[76.814,10.635],[76.812,10.62],[76.819,10.611],[76.817,10.603],[76.827,10.596],[76.832,10.599],[76.839,10.596],[76.838,10.581],[76.834,10.574],[76.84,10.565],[76.836,10.557],[76.835,10.545],[76.842,10.541],[76.842,10.535],[76.83,10.497],[76.828,10.45],[76.816,10.423],[76.83,10.411],[76.834,10.403],[76.823,10.395],[76.844,10.375],[76.849,10.367],[76.846,10.357],[76.836,10.345],[76.837,10.336],[76.83,10.303],[76.838,10.301],[76.848,10.287],[76.858,10.293],[76.862,10.291],[76.87,10.298],[76.874,10.293],[76.873,10.276],[76.884,10.27],[76.891,10.262],[76.897,10.262],[76.904,10.243],[76.91,10.235],[76.922,10.232],[76.94,10.238],[76.971,10.229],[76.973,10.225],[76.984,10.222],[76.993,10.23],[76.999,10.23],[77.005,10.239],[77.027,10.251],[77.04,10.253],[77.052,10.264],[77.053,10.272],[77.044,10.284],[77.056,10.287],[77.066,10.298],[77.078,10.303],[77.092,10.313],[77.12,10.318],[77.128,10.326],[77.151,10.338],[77.161,10.349],[77.176,10.359],[77.195,10.355],[77.235,10.353],[77.235,10.339],[77.229,10.331],[77.228,10.315],[77.235,10.309],[77.239,10.296],[77.248,10.282],[77.251,10.281],[77.264,10.264],[77.257,10.259],[77.259,10.23],[77.265,10.235],[77.28,10.235],[77.288,10.232],[77.295,10.219],[77.285,10.209],[77.283,10.198],[77.278,10.193],[77.275,10.185],[77.275,10.177],[77.272,10.166],[77.275,10.131],[77.266,10.122],[77.253,10.125],[77.244,10.132],[77.235,10.129],[77.232,10.125],[77.218,10.119],[77.208,10.119],[77.201,10.107],[77.204,10.088],[77.219,10.079],[77.223,10.071],[77.232,10.067],[77.236,10.059],[77.251,10.046],[77.262,10.034],[77.264,10.026],[77.255,10.011],[77.265,10.004],[77.261,9.996],[77.269,9.979],[77.273,9.976],[77.273,9.964],[77.261,9.953],[77.253,9.954],[77.238,9.938],[77.232,9.925],[77.23,9.913],[77.218,9.905],[77.221,9.885],[77.215,9.878],[77.22,9.865],[77.226,9.861],[77.236,9.86],[77.237,9.852],[77.223,9.845],[77.228,9.839],[77.224,9.829],[77.227,9.822],[77.24,9.817],[77.247,9.809],[77.247,9.798],[77.239,9.796],[77.236,9.791],[77.223,9.788],[77.224,9.779],[77.232,9.77],[77.22,9.745],[77.223,9.73],[77.218,9.726],[77.205,9.724],[77.205,9.713],[77.202,9.704],[77.207,9.695],[77.195,9.674],[77.187,9.667],[77.187,9.661],[77.18,9.656],[77.179,9.645],[77.174,9.637],[77.176,9.63],[77.168,9.622],[77.168,9.615],[77.189,9.606],[77.204,9.615],[77.21,9.611],[77.21,9.605],[77.222,9.598],[77.222,9.593],[77.234,9.582],[77.243,9.585],[77.253,9.583],[77.264,9.574],[77.27,9.573],[77.29,9.585],[77.304,9.599],[77.315,9.601],[77.322,9.598],[77.326,9.589],[77.325,9.58],[77.332,9.579],[77.339,9.573],[77.345,9.588],[77.355,9.604],[77.366,9.6],[77.357,9.595],[77.356,9.588],[77.36,9.579],[77.35,9.567],[77.353,9.56],[77.361,9.558],[77.366,9.551],[77.366,9.535],[77.373,9.527],[77.38,9.525],[77.385,9.519],[77.397,9.524],[77.4,9.518],[77.408,9.515],[77.412,9.509],[77.399,9.496],[77.398,9.471],[77.392,9.469],[77.393,9.459],[77.377,9.453],[77.366,9.46],[77.359,9.454],[77.349,9.441],[77.344,9.423],[77.336,9.412],[77.344,9.401],[77.336,9.386],[77.335,9.379],[77.338,9.369],[77.336,9.361],[77.325,9.345],[77.325,9.337],[77.316,9.335],[77.3,9.337],[77.303,9.319],[77.299,9.311],[77.289,9.302],[77.283,9.301],[77.283,9.293],[77.288,9.282],[77.283,9.273],[77.282,9.256],[77.278,9.25],[77.28,9.244],[77.275,9.235],[77.281,9.221],[77.281,9.217],[77.271,9.205],[77.271,9.201],[77.257,9.197],[77.252,9.19],[77.264,9.186],[77.268,9.175],[77.266,9.165],[77.268,9.153],[77.253,9.14],[77.247,9.124],[77.241,9.124],[77.231,9.117],[77.219,9.101],[77.212,9.1],[77.206,9.084],[77.209,9.075],[77.205,9.066],[77.197,9.057],[77.192,9.044],[77.183,9.047],[77.167,9.045],[77.161,9.036],[77.161,9.029],[77.154,9.022],[77.149,9.01],[77.162,8.995],[77.173,8.992],[77.178,8.969],[77.185,8.97],[77.197,8.952],[77.194,8.944],[77.197,8.937],[77.192,8.928],[77.201,8.925],[77.21,8.932],[77.224,8.924],[77.218,8.917],[77.221,8.904],[77.228,8.904],[77.238,8.898],[77.238,8.886],[77.245,8.88],[77.257,8.878],[77.263,8.855],[77.26,8.851],[77.264,8.842],[77.253,8.828],[77.247,8.824],[77.247,8.814],[77.242,8.809],[77.232,8.807],[77.23,8.785],[77.224,8.783],[77.214,8.775],[77.218,8.769],[77.2,8.763],[77.197,8.75],[77.191,8.742],[77.183,8.741],[77.173,8.747],[77.17,8.742],[77.179,8.731],[77.178,8.724],[77.185,8.713],[77.195,8.708],[77.207,8.681],[77.201,8.669],[77.208,8.664],[77.214,8.649],[77.225,8.639],[77.232,8.636],[77.235,8.627],[77.251,8.62],[77.252,8.608],[77.246,8.604],[77.254,8.598],[77.257,8.591],[77.267,8.584],[77.27,8.573],[77.275,8.566],[77.274,8.56],[77.284,8.547],[77.275,8.539],[77.262,8.507],[77.251,8.506],[77.244,8.497],[77.239,8.496],[77.231,8.507],[77.221,8.512],[77.214,8.512],[77.201,8.498],[77.21,8.492],[77.21,8.479],[77.213,8.47],[77.225,8.46],[77.227,8.447],[77.206,8.444],[77.2,8.432],[77.196,8.429],[77.197,8.42],[77.183,8.405],[77.182,8.396],[77.167,8.384],[77.161,8.389],[77.16,8.368],[77.156,8.357],[77.169,8.363],[77.174,8.359],[77.175,8.35],[77.167,8.343],[77.178,8.323],[77.173,8.319],[77.168,8.333],[77.158,8.328],[77.139,8.328],[77.129,8.322],[77.119,8.32],[77.117,8.31],[77.113,8.304],[77.103,8.306],[77.098,8.292],[77.1,8.29],[77.152,8.252],[77.173,8.234],[77.183,8.22],[77.222,8.197],[77.234,8.182],[77.249,8.171],[77.256,8.172],[77.275,8.163],[77.299,8.147],[77.304,8.137],[77.304,8.132],[77.315,8.122],[77.323,8.123],[77.331,8.127],[77.357,8.122],[77.368,8.117],[77.387,8.112],[77.405,8.105],[77.447,8.094],[77.476,8.09],[77.508,8.083],[77.526,8.081],[77.531,8.077],[77.556,8.077],[77.561,8.088],[77.571,8.093],[77.566,8.102],[77.567,8.118],[77.578,8.129],[77.584,8.138],[77.604,8.146],[77.621,8.146],[77.637,8.153],[77.682,8.159],[77.733,8.164],[77.742,8.155],[77.758,8.145],[77.774,8.156],[77.794,8.162],[77.8,8.169],[77.805,8.179],[77.803,8.19],[77.805,8.203],[77.833,8.229],[77.841,8.252],[77.869,8.261],[77.891,8.27],[77.915,8.292],[77.949,8.312],[77.97,8.335],[77.98,8.344],[77.991,8.35],[78.028,8.364],[78.065,8.373],[78.058,8.379],[78.057,8.389],[78.064,8.412],[78.077,8.429],[78.097,8.45],[78.125,8.474],[78.13,8.485],[78.143,8.502],[78.136,8.537],[78.131,8.548],[78.14,8.576],[78.145,8.598],[78.135,8.616],[78.134,8.623],[78.139,8.662],[78.139,8.68],[78.152,8.697],[78.164,8.724],[78.195,8.752],[78.201,8.765],[78.203,8.791],[78.198,8.791],[78.199,8.768],[78.191,8.768],[78.169,8.776],[78.161,8.774],[78.163,8.784],[78.161,8.805],[78.166,8.815],[78.166,8.826],[78.171,8.83],[78.167,8.841],[78.168,8.853],[78.171,8.861],[78.17,8.872],[78.172,8.884],[78.182,8.891],[78.181,8.901],[78.189,8.92],[78.199,8.939],[78.21,8.954],[78.228,8.974],[78.243,8.985],[78.262,8.997],[78.266,8.998],[78.277,9.009],[78.293,9.02],[78.324,9.045],[78.346,9.06],[78.363,9.075],[78.374,9.086],[78.401,9.106],[78.415,9.114],[78.455,9.125],[78.49,9.129],[78.517,9.136],[78.536,9.138],[78.563,9.135],[78.575,9.13],[78.601,9.146],[78.616,9.151],[78.633,9.155],[78.657,9.157],[78.65,9.161],[78.643,9.171],[78.644,9.18],[78.658,9.191],[78.665,9.194],[78.685,9.195],[78.715,9.189],[78.719,9.193],[78.718,9.201],[78.727,9.209],[78.736,9.213],[78.757,9.216],[78.764,9.221],[78.779,9.227],[78.793,9.229],[78.806,9.237],[78.816,9.237],[78.83,9.242],[78.833,9.246],[78.856,9.249],[78.857,9.254],[78.876,9.257],[78.904,9.249],[78.908,9.25],[78.916,9.26],[78.926,9.267],[78.954,9.273],[78.981,9.274],[79.015,9.27],[79.064,9.26],[79.091,9.26],[79.113,9.265],[79.13,9.27],[79.139,9.268],[79.147,9.269],[79.153,9.276],[79.19,9.282],[79.205,9.278],[79.209,9.269],[79.217,9.265],[79.217,9.257],[79.224,9.258],[79.256,9.259],[79.273,9.256],[79.3,9.246],[79.347,9.22],[79.368,9.205],[79.392,9.19],[79.416,9.177],[79.428,9.172],[79.407,9.191],[79.39,9.205],[79.375,9.215],[79.328,9.258],[79.316,9.273],[79.314,9.279],[79.327,9.294],[79.335,9.309],[79.33,9.32],[79.312,9.328],[79.295,9.321],[79.279,9.311],[79.272,9.297],[79.265,9.292],[79.222,9.291],[79.213,9.283],[79.161,9.284],[79.144,9.291],[79.13,9.288],[79.125,9.29],[79.106,9.291],[79.09,9.295],[79.067,9.298],[79.039,9.315],[79.016,9.331],[78.978,9.365],[78.97,9.374],[78.944,9.4],[78.934,9.412],[78.917,9.438],[78.903,9.463],[78.898,9.482],[78.899,9.491],[78.914,9.493],[78.913,9.506],[78.92,9.525],[78.919,9.542],[78.923,9.566],[78.931,9.596],[78.937,9.608],[78.946,9.619],[78.955,9.624],[78.96,9.632],[78.971,9.657],[78.97,9.664],[78.98,9.69],[78.989,9.699],[78.994,9.709],[79.005,9.719],[79.008,9.725],[79.034,9.759],[79.041,9.766],[79.059,9.773],[79.061,9.781],[79.071,9.794],[79.079,9.802],[79.083,9.816],[79.097,9.833],[79.106,9.839],[79.119,9.852],[79.123,9.864],[79.118,9.867],[79.119,9.877],[79.126,9.891],[79.151,9.916],[79.153,9.928],[79.169,9.944],[79.174,9.951],[79.198,9.973],[79.202,9.98],[79.219,10.001],[79.244,10.027],[79.266,10.039],[79.255,10.045],[79.252,10.051],[79.252,10.066],[79.246,10.074],[79.238,10.075],[79.229,10.09],[79.226,10.101],[79.231,10.124],[79.228,10.134],[79.229,10.149],[79.237,10.154],[79.24,10.16],[79.238,10.17],[79.241,10.181],[79.246,10.188],[79.255,10.191],[79.265,10.197],[79.27,10.207],[79.279,10.216],[79.278,10.222],[79.267,10.229],[79.273,10.239],[79.3,10.265],[79.309,10.268],[79.319,10.278],[79.337,10.287],[79.354,10.289],[79.367,10.294],[79.37,10.303],[79.381,10.316],[79.39,10.317],[79.452,10.316],[79.484,10.315],[79.517,10.313],[79.533,10.307],[79.547,10.305],[79.563,10.304],[79.584,10.301],[79.591,10.301],[79.636,10.295],[79.654,10.288],[79.68,10.282],[79.712,10.278],[79.768,10.272],[79.824,10.275],[79.862,10.283],[79.876,10.295],[79.881,10.306],[79.882,10.323],[79.876,10.343],[79.87,10.375],[79.867,10.402],[79.868,10.416],[79.866,10.444],[79.862,10.488],[79.862,10.497],[79.859,10.545],[79.858,10.568],[79.855,10.604],[79.853,10.636],[79.854,10.655],[79.854,10.706],[79.851,10.753],[79.852,10.799],[79.851,10.828],[79.841,10.828],[79.831,10.827],[79.828,10.85],[79.821,10.846],[79.808,10.856],[79.818,10.864],[79.825,10.865],[79.822,10.874],[79.811,10.876],[79.824,10.884],[79.812,10.888],[79.8,10.887],[79.79,10.89],[79.792,10.898],[79.789,10.909],[79.777,10.905],[79.777,10.897],[79.765,10.896],[79.758,10.893],[79.758,10.909],[79.754,10.914],[79.745,10.916],[79.743,10.924],[79.725,10.929],[79.725,10.94],[79.731,10.947],[79.721,10.951],[79.721,10.969],[79.735,10.969],[79.745,10.966],[79.745,10.957],[79.759,10.961],[79.76,10.972],[79.754,10.977],[79.753,10.988],[79.748,10.99],[79.747,11.003],[79.756,11.004],[79.761,10.999],[79.779,10.997],[79.794,10.983],[79.803,10.988],[79.805,10.999],[79.819,10.999],[79.829,11.002],[79.84,11.002],[79.839,10.996],[79.851,10.994],[79.854,10.983],[79.855,11.013],[79.856,11.025],[79.856,11.043],[79.858,11.099],[79.858,11.129],[79.856,11.176],[79.853,11.205],[79.848,11.236],[79.845,11.251],[79.836,11.3],[79.835,11.322],[79.836,11.334],[79.843,11.351],[79.832,11.357],[79.832,11.361],[79.823,11.379],[79.819,11.394],[79.811,11.432],[79.803,11.454],[79.793,11.471],[79.779,11.499],[79.778,11.507],[79.766,11.522],[79.761,11.538],[79.757,11.558],[79.758,11.597],[79.761,11.624],[79.772,11.679],[79.779,11.702],[79.788,11.742],[79.792,11.763],[79.795,11.774],[79.796,11.785],[79.784,11.787],[79.78,11.781],[79.77,11.783],[79.771,11.79],[79.762,11.791],[79.756,11.775],[79.74,11.781],[79.732,11.781],[79.72,11.785],[79.712,11.792],[79.714,11.796],[79.723,11.797],[79.724,11.81],[79.736,11.809],[79.732,11.826],[79.737,11.842],[79.749,11.841],[79.764,11.834],[79.765,11.824],[79.773,11.823],[79.778,11.832],[79.798,11.828],[79.801,11.835],[79.807,11.834],[79.808,11.836],[79.808,11.845],[79.801,11.855],[79.782,11.856],[79.78,11.848],[79.774,11.837],[79.766,11.841],[79.764,11.847],[79.771,11.862],[79.77,11.875],[79.757,11.876],[79.759,11.869],[79.754,11.864],[79.754,11.85],[79.743,11.848],[79.744,11.858],[79.74,11.864],[79.713,11.861],[79.708,11.869],[79.71,11.889],[79.687,11.886],[79.685,11.881],[79.674,11.881],[79.674,11.892],[79.695,11.895],[79.696,11.919],[79.719,11.919],[79.718,11.913],[79.707,11.914],[79.705,11.894],[79.712,11.891],[79.729,11.89],[79.731,11.902],[79.741,11.905],[79.726,11.923],[79.717,11.929],[79.721,11.945],[79.71,11.95],[79.708,11.941],[79.697,11.942],[79.692,11.951],[79.703,11.967],[79.71,11.966],[79.711,11.975],[79.721,11.993],[79.733,11.993],[79.738,12.001],[79.748,12.008],[79.762,12.003],[79.76,11.989],[79.748,11.985],[79.743,11.978],[79.735,11.979],[79.726,11.986],[79.724,11.971],[79.744,11.965],[79.749,11.944],[79.749,11.922],[79.756,11.92],[79.761,11.931],[79.76,11.944],[79.771,11.944],[79.777,11.954],[79.785,11.96],[79.792,11.959],[79.803,11.953],[79.81,11.975],[79.818,11.978],[79.825,11.962],[79.833,11.957],[79.841,11.956],[79.847,11.979],[79.857,12.007],[79.84,12.013],[79.843,12.034],[79.85,12.052],[79.874,12.043]],[[79.693,12.035],[79.705,12.032],[79.703,12.011],[79.709,12.007],[79.718,11.995],[79.707,11.994],[79.694,11.99],[79.685,11.992],[79.681,11.983],[79.672,11.995],[79.663,11.99],[79.657,11.991],[79.661,12.012],[79.672,12.01],[79.676,12.022],[79.684,12.022],[79.691,12.029],[79.693,12.035]],[[79.798,12.017],[79.788,12.019],[79.789,12.028],[79.805,12.025],[79.798,12.017]],[[79.638,11.986],[79.636,11.978],[79.641,11.97],[79.648,11.967],[79.647,11.953],[79.642,11.954],[79.643,11.942],[79.657,11.947],[79.664,11.938],[79.669,11.937],[79.669,11.918],[79.656,11.908],[79.641,11.908],[79.641,11.902],[79.625,11.903],[79.628,11.919],[79.618,11.926],[79.619,11.943],[79.628,11.945],[79.627,11.968],[79.624,11.976],[79.624,11.989],[79.626,12],[79.619,12.001],[79.621,12.014],[79.629,12.019],[79.628,12.032],[79.638,12.027],[79.644,12.028],[79.648,12.02],[79.646,12.006],[79.638,11.986]],[[79.686,11.973],[79.688,11.97],[79.683,11.954],[79.677,11.948],[79.654,11.954],[79.66,11.958],[79.662,11.969],[79.673,11.968],[79.686,11.973]],[[79.617,11.884],[79.621,11.891],[79.641,11.887],[79.648,11.88],[79.649,11.871],[79.663,11.867],[79.663,11.861],[79.657,11.852],[79.647,11.85],[79.626,11.855],[79.628,11.87],[79.62,11.869],[79.614,11.863],[79.602,11.858],[79.603,11.869],[79.6,11.876],[79.608,11.877],[79.617,11.884]],[[79.647,11.844],[79.662,11.839],[79.659,11.83],[79.671,11.824],[79.671,11.815],[79.663,11.813],[79.646,11.816],[79.643,11.826],[79.647,11.844]],[[79.693,11.822],[79.7,11.822],[79.703,11.813],[79.692,11.814],[79.693,11.822]],[[79.679,11.815],[79.688,11.812],[79.69,11.802],[79.675,11.804],[79.679,11.815]]]]},"properties":{"ST_NM":"Tamil Nadu","id":"tamil-nadu"}},{"type":"Feature","geometry":{"type":"MultiPolygon","coordinates":[[[[79.365,25.171],[79.372,25.179],[79.36,25.188],[79.354,25.176],[79.365,25.171]]],[[[79.396,25.032],[79.409,25.034],[79.424,25.045],[79.426,25.059],[79.407,25.065],[79.405,25.076],[79.399,25.083],[79.387,25.086],[79.389,25.092],[79.386,25.103],[79.381,25.107],[79.381,25.122],[79.365,25.128],[79.373,25.14],[79.36,25.144],[79.353,25.128],[79.352,25.12],[79.362,25.106],[79.374,25.104],[79.379,25.099],[79.374,25.092],[79.378,25.084],[79.376,25.071],[79.379,25.064],[79.364,25.06],[79.356,25.04],[79.364,25.041],[79.368,25.052],[79.374,25.045],[79.394,25.036],[79.396,25.032]]],[[[80.065,28.837],[80.059,28.825],[80.059,28.817],[80.068,28.803],[80.059,28.788],[80.062,28.783],[80.052,28.778],[80.03,28.749],[79.954,28.723],[79.944,28.734],[79.946,28.742],[79.939,28.75],[79.943,28.76],[79.933,28.763],[79.925,28.775],[79.94,28.788],[79.927,28.79],[79.906,28.782],[79.884,28.79],[79.874,28.796],[79.87,28.806],[79.878,28.815],[79.906,28.803],[79.916,28.804],[79.911,28.812],[79.914,28.818],[79.894,28.82],[79.894,28.832],[79.888,28.837],[79.873,28.832],[79.873,28.839],[79.863,28.838],[79.854,28.824],[79.852,28.816],[79.838,28.798],[79.827,28.795],[79.818,28.798],[79.808,28.807],[79.818,28.816],[79.824,28.807],[79.837,28.832],[79.838,28.848],[79.845,28.851],[79.849,28.861],[79.846,28.873],[79.829,28.877],[79.828,28.885],[79.818,28.888],[79.815,28.884],[79.8,28.888],[79.795,28.885],[79.789,28.873],[79.781,28.871],[79.767,28.875],[79.76,28.872],[79.749,28.872],[79.746,28.86],[79.737,28.856],[79.726,28.861],[79.719,28.848],[79.71,28.851],[79.707,28.841],[79.683,28.851],[79.684,28.855],[79.672,28.858],[79.666,28.866],[79.656,28.87],[79.645,28.863],[79.636,28.867],[79.629,28.862],[79.621,28.864],[79.613,28.853],[79.604,28.857],[79.597,28.851],[79.584,28.846],[79.576,28.851],[79.575,28.859],[79.581,28.866],[79.584,28.879],[79.577,28.889],[79.556,28.899],[79.538,28.877],[79.533,28.87],[79.522,28.865],[79.497,28.873],[79.482,28.872],[79.477,28.865],[79.45,28.871],[79.439,28.862],[79.426,28.866],[79.43,28.89],[79.423,28.9],[79.428,28.913],[79.425,28.923],[79.416,28.928],[79.419,28.934],[79.416,28.944],[79.408,28.952],[79.391,28.947],[79.377,28.971],[79.372,28.986],[79.362,28.982],[79.356,28.968],[79.337,28.972],[79.321,28.972],[79.311,28.974],[79.307,28.967],[79.261,28.991],[79.248,29.003],[79.245,29.01],[79.222,29.02],[79.212,29.028],[79.204,29.021],[79.194,29.02],[79.178,29.013],[79.166,29.018],[79.162,29.025],[79.167,29.032],[79.172,29.045],[79.162,29.049],[79.149,29.058],[79.143,29.067],[79.143,29.087],[79.15,29.092],[79.148,29.099],[79.153,29.114],[79.15,29.119],[79.126,29.133],[79.119,29.126],[79.101,29.134],[79.091,29.143],[79.075,29.152],[79.051,29.157],[79.039,29.169],[79.029,29.165],[79.036,29.153],[79.021,29.144],[79.015,29.135],[79.019,29.129],[79.028,29.132],[79.041,29.128],[79.035,29.118],[79.025,29.112],[79.017,29.116],[79.008,29.113],[79.004,29.125],[78.991,29.131],[78.99,29.14],[78.982,29.143],[78.975,29.136],[78.973,29.127],[78.964,29.131],[78.956,29.12],[78.944,29.128],[78.935,29.13],[78.927,29.118],[78.911,29.123],[78.907,29.127],[78.919,29.135],[78.912,29.144],[78.916,29.15],[78.909,29.164],[78.902,29.17],[78.909,29.177],[78.898,29.183],[78.9,29.189],[78.887,29.195],[78.891,29.201],[78.878,29.206],[78.882,29.211],[78.873,29.224],[78.858,29.233],[78.842,29.235],[78.838,29.241],[78.82,29.232],[78.809,29.236],[78.79,29.248],[78.77,29.267],[78.773,29.271],[78.765,29.279],[78.736,29.297],[78.721,29.301],[78.735,29.307],[78.731,29.314],[78.735,29.322],[78.75,29.317],[78.754,29.331],[78.767,29.337],[78.777,29.326],[78.795,29.325],[78.803,29.329],[78.801,29.336],[78.81,29.339],[78.822,29.359],[78.84,29.346],[78.849,29.344],[78.855,29.35],[78.851,29.356],[78.872,29.362],[78.887,29.373],[78.892,29.381],[78.903,29.385],[78.912,29.394],[78.913,29.401],[78.919,29.41],[78.925,29.426],[78.94,29.435],[78.936,29.438],[78.925,29.434],[78.908,29.438],[78.9,29.442],[78.881,29.443],[78.838,29.458],[78.823,29.46],[78.811,29.466],[78.8,29.465],[78.779,29.476],[78.746,29.5],[78.721,29.502],[78.711,29.501],[78.7,29.506],[78.667,29.534],[78.65,29.546],[78.639,29.547],[78.624,29.557],[78.618,29.558],[78.584,29.584],[78.565,29.601],[78.548,29.622],[78.542,29.626],[78.521,29.658],[78.522,29.675],[78.521,29.698],[78.517,29.719],[78.507,29.729],[78.489,29.738],[78.474,29.74],[78.456,29.745],[78.445,29.75],[78.427,29.765],[78.409,29.763],[78.393,29.767],[78.377,29.774],[78.336,29.797],[78.324,29.79],[78.318,29.783],[78.304,29.775],[78.293,29.759],[78.286,29.762],[78.279,29.754],[78.262,29.744],[78.26,29.739],[78.246,29.735],[78.241,29.741],[78.228,29.737],[78.222,29.741],[78.204,29.737],[78.202,29.714],[78.196,29.693],[78.188,29.692],[78.181,29.697],[78.138,29.664],[78.131,29.653],[78.117,29.649],[78.103,29.641],[78.093,29.641],[78.081,29.635],[78.084,29.625],[78.067,29.631],[78.057,29.631],[78.053,29.619],[78.034,29.61],[78.018,29.598],[78.015,29.587],[78.001,29.586],[77.996,29.592],[77.983,29.584],[77.975,29.585],[77.967,29.58],[77.94,29.593],[77.933,29.601],[77.948,29.617],[77.957,29.613],[77.967,29.611],[77.976,29.617],[77.977,29.631],[77.983,29.641],[77.966,29.65],[77.969,29.655],[77.969,29.668],[77.948,29.682],[77.951,29.687],[77.94,29.696],[77.951,29.702],[77.953,29.707],[77.946,29.713],[77.935,29.711],[77.926,29.714],[77.911,29.696],[77.902,29.701],[77.891,29.699],[77.879,29.7],[77.879,29.693],[77.875,29.687],[77.862,29.687],[77.839,29.671],[77.83,29.668],[77.815,29.678],[77.799,29.686],[77.81,29.702],[77.803,29.703],[77.792,29.71],[77.779,29.711],[77.77,29.718],[77.783,29.736],[77.77,29.745],[77.771,29.75],[77.78,29.765],[77.773,29.769],[77.778,29.775],[77.772,29.78],[77.775,29.789],[77.756,29.806],[77.759,29.819],[77.756,29.825],[77.742,29.833],[77.744,29.841],[77.742,29.852],[77.723,29.856],[77.717,29.863],[77.715,29.871],[77.717,29.888],[77.732,29.893],[77.728,29.899],[77.747,29.91],[77.744,29.923],[77.73,29.932],[77.745,29.945],[77.748,29.952],[77.734,29.955],[77.741,29.97],[77.744,29.984],[77.76,29.995],[77.756,29.999],[77.762,30.009],[77.782,30.019],[77.785,30.028],[77.77,30.043],[77.775,30.055],[77.796,30.08],[77.801,30.096],[77.809,30.093],[77.822,30.086],[77.828,30.086],[77.839,30.103],[77.853,30.107],[77.866,30.119],[77.868,30.127],[77.88,30.146],[77.902,30.174],[77.912,30.183],[77.913,30.194],[77.919,30.211],[77.933,30.216],[77.947,30.234],[77.961,30.244],[77.952,30.245],[77.941,30.24],[77.937,30.249],[77.917,30.255],[77.894,30.265],[77.886,30.267],[77.879,30.262],[77.866,30.266],[77.859,30.271],[77.846,30.272],[77.833,30.28],[77.82,30.285],[77.793,30.298],[77.785,30.305],[77.766,30.314],[77.721,30.331],[77.709,30.345],[77.695,30.366],[77.69,30.377],[77.679,30.375],[77.677,30.388],[77.661,30.39],[77.657,30.398],[77.647,30.405],[77.636,30.399],[77.618,30.402],[77.605,30.402],[77.596,30.406],[77.585,30.405],[77.576,30.397],[77.585,30.385],[77.586,30.38],[77.591,30.374],[77.604,30.369],[77.601,30.361],[77.592,30.355],[77.586,30.34],[77.578,30.33],[77.587,30.314],[77.583,30.306],[77.57,30.3],[77.545,30.281],[77.538,30.279],[77.531,30.253],[77.52,30.245],[77.501,30.22],[77.5,30.214],[77.483,30.193],[77.477,30.182],[77.469,30.18],[77.455,30.163],[77.45,30.166],[77.43,30.164],[77.424,30.157],[77.418,30.135],[77.423,30.131],[77.409,30.105],[77.423,30.103],[77.406,30.089],[77.388,30.088],[77.383,30.093],[77.369,30.085],[77.365,30.078],[77.348,30.07],[77.334,30.054],[77.319,30.057],[77.297,30.053],[77.285,30.042],[77.276,30.038],[77.282,30.029],[77.279,30.012],[77.276,30.006],[77.276,29.997],[77.267,29.99],[77.261,29.982],[77.247,29.977],[77.244,29.959],[77.237,29.955],[77.228,29.938],[77.221,29.933],[77.218,29.924],[77.199,29.914],[77.19,29.914],[77.186,29.908],[77.186,29.898],[77.194,29.891],[77.2,29.89],[77.202,29.87],[77.197,29.858],[77.183,29.855],[77.178,29.842],[77.179,29.813],[77.172,29.808],[77.168,29.796],[77.151,29.788],[77.147,29.772],[77.125,29.77],[77.12,29.755],[77.127,29.747],[77.136,29.743],[77.139,29.733],[77.134,29.727],[77.134,29.718],[77.145,29.714],[77.156,29.698],[77.147,29.683],[77.147,29.672],[77.138,29.667],[77.141,29.655],[77.133,29.648],[77.132,29.642],[77.119,29.636],[77.115,29.638],[77.106,29.632],[77.102,29.619],[77.113,29.61],[77.106,29.595],[77.087,29.593],[77.084,29.587],[77.096,29.582],[77.105,29.572],[77.121,29.566],[77.127,29.558],[77.119,29.55],[77.108,29.548],[77.098,29.527],[77.096,29.52],[77.104,29.507],[77.113,29.507],[77.121,29.496],[77.13,29.49],[77.133,29.483],[77.123,29.47],[77.123,29.455],[77.136,29.447],[77.146,29.444],[77.148,29.434],[77.144,29.427],[77.133,29.419],[77.132,29.413],[77.137,29.397],[77.143,29.391],[77.154,29.384],[77.14,29.376],[77.128,29.376],[77.123,29.37],[77.129,29.357],[77.126,29.351],[77.135,29.34],[77.149,29.341],[77.16,29.337],[77.161,29.332],[77.156,29.319],[77.16,29.316],[77.158,29.303],[77.153,29.298],[77.149,29.288],[77.139,29.266],[77.149,29.25],[77.15,29.233],[77.133,29.222],[77.132,29.214],[77.142,29.204],[77.14,29.192],[77.147,29.18],[77.143,29.166],[77.143,29.156],[77.136,29.15],[77.136,29.142],[77.148,29.133],[77.149,29.117],[77.136,29.103],[77.134,29.095],[77.143,29.083],[77.165,29.077],[77.169,29.052],[77.172,29.047],[77.168,29.033],[77.188,29.03],[77.193,29.013],[77.191,29.009],[77.194,28.998],[77.202,28.987],[77.2,28.971],[77.193,28.959],[77.197,28.947],[77.197,28.938],[77.203,28.933],[77.213,28.933],[77.233,28.919],[77.234,28.912],[77.232,28.898],[77.228,28.894],[77.228,28.881],[77.221,28.879],[77.213,28.887],[77.198,28.888],[77.189,28.881],[77.191,28.867],[77.209,28.861],[77.21,28.858],[77.217,28.851],[77.217,28.842],[77.224,28.826],[77.22,28.819],[77.219,28.808],[77.201,28.812],[77.199,28.798],[77.203,28.793],[77.215,28.785],[77.229,28.787],[77.222,28.777],[77.236,28.771],[77.236,28.761],[77.259,28.75],[77.256,28.739],[77.261,28.734],[77.276,28.735],[77.291,28.722],[77.286,28.715],[77.292,28.706],[77.305,28.713],[77.317,28.713],[77.326,28.71],[77.323,28.699],[77.33,28.69],[77.333,28.682],[77.324,28.677],[77.32,28.651],[77.316,28.641],[77.343,28.622],[77.342,28.606],[77.337,28.602],[77.313,28.597],[77.301,28.582],[77.297,28.566],[77.304,28.552],[77.321,28.541],[77.334,28.525],[77.347,28.521],[77.345,28.513],[77.352,28.5],[77.358,28.502],[77.372,28.498],[77.37,28.486],[77.375,28.476],[77.386,28.468],[77.392,28.472],[77.406,28.466],[77.4,28.456],[77.414,28.453],[77.433,28.455],[77.438,28.439],[77.436,28.431],[77.452,28.425],[77.462,28.424],[77.464,28.415],[77.478,28.419],[77.484,28.409],[77.48,28.399],[77.483,28.388],[77.491,28.385],[77.503,28.369],[77.505,28.363],[77.496,28.349],[77.472,28.337],[77.472,28.328],[77.482,28.325],[77.5,28.311],[77.506,28.304],[77.502,28.284],[77.491,28.271],[77.493,28.252],[77.509,28.249],[77.519,28.242],[77.537,28.248],[77.548,28.247],[77.547,28.238],[77.526,28.229],[77.523,28.219],[77.535,28.21],[77.533,28.201],[77.524,28.196],[77.516,28.206],[77.504,28.21],[77.497,28.206],[77.499,28.196],[77.498,28.185],[77.503,28.181],[77.516,28.193],[77.531,28.186],[77.545,28.191],[77.549,28.176],[77.543,28.169],[77.522,28.161],[77.511,28.167],[77.502,28.161],[77.501,28.156],[77.505,28.148],[77.493,28.139],[77.494,28.133],[77.507,28.131],[77.512,28.125],[77.5,28.113],[77.498,28.104],[77.501,28.097],[77.494,28.094],[77.49,28.105],[77.482,28.107],[77.481,28.098],[77.474,28.087],[77.478,28.08],[77.49,28.073],[77.5,28.062],[77.501,28.057],[77.494,28.047],[77.485,28.045],[77.488,28.037],[77.51,28.033],[77.508,28.023],[77.521,28.014],[77.528,27.998],[77.542,27.989],[77.541,27.982],[77.529,27.976],[77.521,27.977],[77.517,27.971],[77.519,27.962],[77.544,27.962],[77.545,27.954],[77.537,27.934],[77.529,27.926],[77.517,27.933],[77.507,27.926],[77.502,27.925],[77.492,27.939],[77.475,27.929],[77.48,27.922],[77.477,27.916],[77.479,27.898],[77.472,27.884],[77.451,27.871],[77.439,27.88],[77.433,27.887],[77.422,27.891],[77.41,27.88],[77.411,27.867],[77.422,27.858],[77.413,27.852],[77.397,27.853],[77.39,27.857],[77.377,27.857],[77.361,27.851],[77.349,27.856],[77.335,27.847],[77.331,27.831],[77.321,27.825],[77.312,27.828],[77.297,27.825],[77.299,27.816],[77.291,27.811],[77.284,27.801],[77.286,27.796],[77.301,27.795],[77.309,27.786],[77.312,27.774],[77.308,27.767],[77.312,27.758],[77.308,27.753],[77.319,27.737],[77.319,27.733],[77.303,27.725],[77.304,27.71],[77.322,27.707],[77.33,27.709],[77.341,27.703],[77.341,27.677],[77.346,27.673],[77.345,27.661],[77.353,27.651],[77.346,27.64],[77.333,27.627],[77.317,27.607],[77.335,27.591],[77.344,27.597],[77.358,27.589],[77.351,27.584],[77.344,27.572],[77.338,27.571],[77.336,27.558],[77.338,27.55],[77.349,27.543],[77.34,27.539],[77.34,27.527],[77.356,27.517],[77.368,27.515],[77.374,27.512],[77.383,27.516],[77.399,27.5],[77.401,27.495],[77.399,27.483],[77.402,27.477],[77.419,27.47],[77.422,27.462],[77.434,27.46],[77.439,27.449],[77.427,27.445],[77.421,27.422],[77.438,27.409],[77.44,27.391],[77.47,27.383],[77.473,27.377],[77.485,27.384],[77.507,27.377],[77.516,27.368],[77.516,27.362],[77.533,27.349],[77.546,27.35],[77.548,27.337],[77.578,27.328],[77.584,27.321],[77.591,27.33],[77.613,27.332],[77.616,27.34],[77.623,27.336],[77.623,27.316],[77.608,27.301],[77.603,27.292],[77.617,27.286],[77.615,27.279],[77.622,27.275],[77.613,27.265],[77.621,27.255],[77.627,27.26],[77.646,27.243],[77.643,27.235],[77.653,27.235],[77.653,27.226],[77.645,27.217],[77.65,27.208],[77.666,27.209],[77.681,27.194],[77.675,27.185],[77.658,27.17],[77.649,27.17],[77.644,27.166],[77.622,27.172],[77.61,27.163],[77.614,27.151],[77.598,27.139],[77.603,27.133],[77.604,27.124],[77.598,27.118],[77.581,27.119],[77.562,27.11],[77.55,27.111],[77.538,27.098],[77.52,27.104],[77.505,27.092],[77.523,27.089],[77.526,27.078],[77.519,27.067],[77.524,27.064],[77.542,27.063],[77.545,27.072],[77.55,27.074],[77.567,27.073],[77.577,27.068],[77.573,27.049],[77.568,27.047],[77.563,27.029],[77.579,27.038],[77.597,27.033],[77.602,27.023],[77.623,27.022],[77.634,27.012],[77.642,27.026],[77.666,27.017],[77.673,27.029],[77.68,27.047],[77.693,27.04],[77.69,27.027],[77.705,27.015],[77.705,27.004],[77.711,26.997],[77.73,26.994],[77.729,27.008],[77.733,27.024],[77.738,27.03],[77.748,27.031],[77.75,27.021],[77.759,27.018],[77.757,27.012],[77.762,27.001],[77.75,27.002],[77.753,26.993],[77.745,26.985],[77.729,26.983],[77.722,26.988],[77.699,26.975],[77.676,26.973],[77.677,26.966],[77.671,26.961],[77.661,26.971],[77.651,26.964],[77.624,26.951],[77.602,26.933],[77.592,26.94],[77.583,26.924],[77.553,26.92],[77.523,26.911],[77.5,26.902],[77.49,26.9],[77.468,26.887],[77.46,26.885],[77.462,26.877],[77.437,26.863],[77.427,26.859],[77.431,26.849],[77.422,26.84],[77.405,26.835],[77.398,26.83],[77.408,26.817],[77.421,26.811],[77.428,26.793],[77.437,26.784],[77.431,26.771],[77.442,26.769],[77.454,26.778],[77.467,26.774],[77.469,26.766],[77.456,26.75],[77.455,26.742],[77.478,26.746],[77.486,26.749],[77.497,26.76],[77.503,26.769],[77.489,26.779],[77.487,26.788],[77.501,26.817],[77.499,26.825],[77.501,26.844],[77.508,26.846],[77.521,26.841],[77.517,26.836],[77.517,26.825],[77.526,26.819],[77.542,26.822],[77.556,26.818],[77.574,26.821],[77.578,26.827],[77.592,26.828],[77.601,26.836],[77.608,26.838],[77.608,26.828],[77.618,26.832],[77.62,26.843],[77.63,26.841],[77.667,26.854],[77.675,26.858],[77.676,26.868],[77.687,26.875],[77.694,26.874],[77.701,26.868],[77.706,26.877],[77.723,26.874],[77.728,26.885],[77.723,26.895],[77.718,26.897],[77.732,26.92],[77.746,26.921],[77.753,26.917],[77.761,26.933],[77.775,26.932],[77.787,26.924],[77.791,26.918],[77.798,26.916],[77.81,26.924],[77.815,26.92],[77.824,26.92],[77.832,26.914],[77.836,26.917],[77.85,26.913],[77.858,26.906],[77.868,26.906],[77.878,26.902],[77.885,26.891],[77.894,26.885],[77.904,26.883],[77.909,26.906],[77.906,26.918],[77.915,26.914],[77.916,26.907],[77.927,26.91],[77.941,26.906],[77.943,26.897],[77.948,26.894],[77.958,26.897],[77.968,26.904],[77.976,26.892],[77.987,26.889],[77.993,26.892],[78.002,26.903],[78.01,26.904],[78.022,26.899],[78.027,26.884],[78.025,26.872],[78.035,26.872],[78.032,26.865],[78.021,26.858],[78.026,26.85],[78.031,26.851],[78.05,26.879],[78.052,26.894],[78.049,26.91],[78.057,26.907],[78.072,26.906],[78.096,26.894],[78.095,26.904],[78.112,26.904],[78.106,26.914],[78.102,26.916],[78.105,26.927],[78.122,26.923],[78.122,26.935],[78.112,26.94],[78.125,26.949],[78.133,26.947],[78.144,26.95],[78.158,26.944],[78.169,26.948],[78.184,26.941],[78.192,26.942],[78.2,26.939],[78.211,26.931],[78.218,26.937],[78.221,26.943],[78.237,26.936],[78.239,26.927],[78.248,26.929],[78.257,26.935],[78.272,26.919],[78.265,26.911],[78.259,26.897],[78.244,26.889],[78.237,26.889],[78.233,26.874],[78.227,26.875],[78.209,26.869],[78.203,26.882],[78.196,26.881],[78.203,26.865],[78.213,26.846],[78.221,26.839],[78.223,26.831],[78.236,26.828],[78.252,26.817],[78.262,26.813],[78.271,26.814],[78.275,26.823],[78.273,26.84],[78.284,26.854],[78.307,26.863],[78.332,26.861],[78.35,26.868],[78.361,26.869],[78.37,26.866],[78.375,26.86],[78.378,26.844],[78.395,26.817],[78.406,26.819],[78.427,26.826],[78.434,26.825],[78.441,26.819],[78.449,26.802],[78.46,26.788],[78.481,26.786],[78.492,26.782],[78.519,26.781],[78.533,26.773],[78.545,26.764],[78.565,26.762],[78.578,26.748],[78.593,26.752],[78.605,26.75],[78.613,26.752],[78.62,26.767],[78.63,26.773],[78.661,26.764],[78.675,26.766],[78.681,26.786],[78.699,26.793],[78.711,26.793],[78.722,26.796],[78.729,26.792],[78.726,26.78],[78.737,26.774],[78.745,26.785],[78.752,26.787],[78.772,26.77],[78.786,26.765],[78.803,26.766],[78.816,26.762],[78.829,26.743],[78.859,26.709],[78.869,26.699],[78.881,26.697],[78.893,26.697],[78.906,26.706],[78.915,26.706],[78.937,26.697],[78.956,26.692],[78.957,26.683],[78.948,26.674],[78.943,26.658],[78.95,26.654],[78.957,26.657],[78.972,26.672],[78.98,26.676],[78.993,26.677],[79.005,26.673],[79.009,26.668],[78.994,26.64],[79.008,26.624],[79.017,26.601],[78.999,26.598],[78.988,26.593],[78.991,26.577],[79,26.578],[79.007,26.565],[79.007,26.558],[79.014,26.551],[79.01,26.543],[79.019,26.541],[79.029,26.545],[79.028,26.535],[79.04,26.529],[79.038,26.518],[79.053,26.503],[79.056,26.495],[79.068,26.497],[79.068,26.485],[79.072,26.479],[79.053,26.454],[79.063,26.453],[79.07,26.442],[79.091,26.444],[79.1,26.453],[79.108,26.448],[79.121,26.447],[79.129,26.44],[79.129,26.433],[79.124,26.423],[79.124,26.412],[79.114,26.408],[79.091,26.405],[79.089,26.396],[79.097,26.381],[79.096,26.372],[79.087,26.368],[79.084,26.358],[79.098,26.356],[79.105,26.349],[79.12,26.348],[79.132,26.337],[79.135,26.325],[79.116,26.321],[79.125,26.312],[79.117,26.305],[79.102,26.307],[79.096,26.294],[79.09,26.288],[79.096,26.277],[79.087,26.271],[79.084,26.28],[79.062,26.274],[79.052,26.258],[79.052,26.252],[79.064,26.249],[79.071,26.242],[79.063,26.238],[79.065,26.23],[79.045,26.224],[79.035,26.226],[79.031,26.239],[79.018,26.248],[79.008,26.242],[79.004,26.244],[78.992,26.239],[78.989,26.235],[78.997,26.228],[79.014,26.226],[79.025,26.221],[79.025,26.208],[79.02,26.192],[79.007,26.192],[78.997,26.198],[78.99,26.193],[78.983,26.184],[78.995,26.173],[79.005,26.168],[79.008,26.156],[79.004,26.15],[78.994,26.146],[78.98,26.151],[78.964,26.148],[78.963,26.137],[78.952,26.134],[78.952,26.129],[78.977,26.116],[78.976,26.105],[79.001,26.091],[79.013,26.09],[79.003,26.067],[78.989,26.067],[78.986,26.054],[78.974,26.045],[78.97,26.046],[78.961,26.035],[78.948,26.026],[78.953,26.015],[78.945,26.007],[78.947,26.001],[78.955,25.998],[78.952,25.988],[78.938,25.974],[78.938,25.965],[78.933,25.949],[78.922,25.941],[78.908,25.935],[78.905,25.925],[78.899,25.918],[78.884,25.913],[78.892,25.897],[78.888,25.886],[78.892,25.88],[78.887,25.869],[78.877,25.875],[78.865,25.872],[78.851,25.852],[78.851,25.838],[78.845,25.822],[78.818,25.829],[78.806,25.814],[78.814,25.807],[78.82,25.816],[78.833,25.81],[78.829,25.796],[78.808,25.801],[78.786,25.769],[78.783,25.758],[78.776,25.76],[78.771,25.75],[78.759,25.755],[78.753,25.75],[78.756,25.729],[78.763,25.72],[78.772,25.718],[78.784,25.709],[78.8,25.703],[78.796,25.697],[78.805,25.692],[78.807,25.684],[78.817,25.676],[78.816,25.664],[78.82,25.652],[78.817,25.637],[78.811,25.631],[78.81,25.619],[78.798,25.616],[78.79,25.612],[78.774,25.612],[78.756,25.607],[78.749,25.599],[78.741,25.597],[78.733,25.606],[78.725,25.602],[78.716,25.604],[78.7,25.595],[78.695,25.588],[78.687,25.589],[78.679,25.585],[78.675,25.578],[78.668,25.575],[78.658,25.56],[78.646,25.561],[78.624,25.567],[78.631,25.579],[78.616,25.584],[78.611,25.579],[78.612,25.57],[78.598,25.571],[78.587,25.557],[78.582,25.561],[78.569,25.565],[78.561,25.559],[78.545,25.562],[78.532,25.572],[78.525,25.567],[78.515,25.569],[78.494,25.579],[78.483,25.573],[78.467,25.559],[78.465,25.546],[78.454,25.549],[78.444,25.563],[78.428,25.55],[78.426,25.543],[78.419,25.534],[78.42,25.517],[78.417,25.501],[78.429,25.488],[78.431,25.474],[78.42,25.476],[78.414,25.47],[78.404,25.467],[78.398,25.46],[78.395,25.444],[78.377,25.438],[78.369,25.439],[78.36,25.452],[78.354,25.452],[78.347,25.435],[78.339,25.426],[78.343,25.421],[78.339,25.407],[78.341,25.401],[78.331,25.39],[78.322,25.387],[78.317,25.379],[78.308,25.381],[78.301,25.362],[78.328,25.352],[78.337,25.336],[78.334,25.323],[78.316,25.31],[78.312,25.303],[78.339,25.292],[78.355,25.291],[78.35,25.277],[78.362,25.272],[78.373,25.26],[78.36,25.242],[78.368,25.237],[78.379,25.239],[78.377,25.227],[78.382,25.223],[78.411,25.213],[78.398,25.208],[78.394,25.198],[78.395,25.188],[78.417,25.184],[78.416,25.176],[78.423,25.169],[78.443,25.165],[78.453,25.168],[78.448,25.153],[78.432,25.155],[78.427,25.147],[78.443,25.13],[78.447,25.122],[78.434,25.12],[78.411,25.129],[78.4,25.124],[78.386,25.104],[78.382,25.101],[78.361,25.096],[78.34,25.087],[78.335,25.079],[78.335,25.068],[78.34,25.04],[78.347,25.024],[78.345,25.011],[78.334,24.995],[78.319,24.991],[78.313,24.986],[78.298,24.967],[78.285,24.957],[78.28,24.957],[78.267,24.942],[78.256,24.937],[78.251,24.931],[78.222,24.914],[78.211,24.895],[78.19,24.887],[78.172,24.878],[78.169,24.868],[78.173,24.847],[78.181,24.843],[78.193,24.843],[78.199,24.838],[78.204,24.824],[78.217,24.809],[78.232,24.777],[78.236,24.772],[78.226,24.753],[78.232,24.736],[78.252,24.71],[78.258,24.703],[78.266,24.678],[78.277,24.662],[78.264,24.651],[78.263,24.643],[78.267,24.629],[78.277,24.618],[78.278,24.611],[78.273,24.596],[78.272,24.578],[78.268,24.577],[78.265,24.567],[78.264,24.552],[78.256,24.547],[78.245,24.545],[78.23,24.538],[78.227,24.534],[78.226,24.52],[78.235,24.513],[78.244,24.511],[78.247,24.499],[78.245,24.487],[78.25,24.484],[78.271,24.477],[78.275,24.47],[78.264,24.456],[78.271,24.446],[78.301,24.427],[78.324,24.408],[78.339,24.404],[78.344,24.399],[78.349,24.387],[78.366,24.386],[78.37,24.377],[78.357,24.367],[78.356,24.362],[78.346,24.351],[78.343,24.345],[78.331,24.334],[78.33,24.326],[78.342,24.319],[78.346,24.314],[78.348,24.299],[78.358,24.292],[78.365,24.292],[78.369,24.285],[78.376,24.285],[78.382,24.273],[78.392,24.263],[78.395,24.269],[78.414,24.273],[78.418,24.285],[78.431,24.284],[78.44,24.297],[78.438,24.312],[78.444,24.319],[78.456,24.324],[78.478,24.339],[78.474,24.348],[78.478,24.361],[78.502,24.39],[78.519,24.388],[78.527,24.382],[78.53,24.368],[78.538,24.368],[78.559,24.357],[78.572,24.353],[78.579,24.356],[78.586,24.354],[78.584,24.346],[78.589,24.338],[78.596,24.335],[78.601,24.327],[78.603,24.315],[78.61,24.308],[78.619,24.31],[78.629,24.301],[78.62,24.293],[78.624,24.287],[78.639,24.284],[78.649,24.272],[78.66,24.267],[78.664,24.252],[78.669,24.24],[78.683,24.238],[78.703,24.227],[78.709,24.234],[78.726,24.236],[78.728,24.248],[78.734,24.252],[78.741,24.247],[78.739,24.238],[78.749,24.233],[78.76,24.244],[78.76,24.257],[78.768,24.252],[78.769,24.245],[78.765,24.232],[78.767,24.22],[78.781,24.206],[78.783,24.189],[78.789,24.177],[78.806,24.178],[78.812,24.181],[78.813,24.203],[78.822,24.204],[78.829,24.197],[78.838,24.208],[78.847,24.214],[78.86,24.209],[78.88,24.216],[78.888,24.227],[78.884,24.243],[78.885,24.25],[78.904,24.264],[78.917,24.269],[78.918,24.284],[78.912,24.288],[78.91,24.296],[78.922,24.305],[78.941,24.315],[78.947,24.324],[78.963,24.344],[78.971,24.348],[78.972,24.356],[78.97,24.369],[78.974,24.376],[78.977,24.389],[78.984,24.405],[78.984,24.41],[78.994,24.423],[78.986,24.442],[78.947,24.437],[78.941,24.452],[78.928,24.46],[78.915,24.458],[78.912,24.474],[78.916,24.482],[78.918,24.495],[78.927,24.495],[78.934,24.489],[78.929,24.481],[78.941,24.479],[78.963,24.484],[78.971,24.49],[78.966,24.498],[78.95,24.501],[78.948,24.515],[78.951,24.519],[78.944,24.535],[78.949,24.545],[78.946,24.557],[78.935,24.561],[78.929,24.566],[78.925,24.575],[78.92,24.575],[78.914,24.585],[78.913,24.6],[78.899,24.609],[78.895,24.626],[78.887,24.632],[78.883,24.641],[78.868,24.64],[78.866,24.627],[78.858,24.618],[78.843,24.623],[78.838,24.616],[78.835,24.605],[78.814,24.601],[78.803,24.604],[78.799,24.594],[78.784,24.589],[78.757,24.599],[78.751,24.617],[78.752,24.628],[78.747,24.662],[78.755,24.669],[78.761,24.67],[78.765,24.678],[78.764,24.691],[78.771,24.691],[78.781,24.707],[78.774,24.725],[78.773,24.744],[78.776,24.753],[78.77,24.758],[78.77,24.773],[78.774,24.795],[78.787,24.801],[78.79,24.81],[78.781,24.82],[78.774,24.842],[78.775,24.85],[78.771,24.857],[78.764,24.859],[78.753,24.869],[78.747,24.865],[78.728,24.879],[78.72,24.882],[78.71,24.88],[78.706,24.887],[78.694,24.894],[78.684,24.895],[78.677,24.899],[78.667,24.914],[78.663,24.938],[78.65,24.941],[78.652,24.948],[78.632,24.962],[78.64,24.972],[78.644,24.984],[78.644,24.995],[78.646,25.008],[78.646,25.019],[78.652,25.029],[78.653,25.05],[78.632,25.082],[78.627,25.087],[78.616,25.087],[78.607,25.09],[78.602,25.098],[78.606,25.109],[78.605,25.127],[78.603,25.147],[78.597,25.164],[78.583,25.187],[78.571,25.205],[78.57,25.224],[78.568,25.241],[78.578,25.253],[78.561,25.265],[78.553,25.267],[78.545,25.265],[78.535,25.268],[78.531,25.284],[78.512,25.277],[78.503,25.29],[78.484,25.278],[78.473,25.274],[78.465,25.267],[78.45,25.263],[78.438,25.275],[78.435,25.285],[78.44,25.295],[78.455,25.301],[78.466,25.292],[78.477,25.289],[78.478,25.299],[78.484,25.301],[78.495,25.313],[78.502,25.314],[78.504,25.3],[78.51,25.295],[78.521,25.3],[78.533,25.301],[78.534,25.309],[78.552,25.32],[78.54,25.328],[78.538,25.341],[78.542,25.344],[78.53,25.353],[78.538,25.36],[78.553,25.353],[78.56,25.342],[78.567,25.341],[78.585,25.347],[78.588,25.355],[78.587,25.373],[78.578,25.382],[78.565,25.376],[78.562,25.379],[78.567,25.392],[78.577,25.391],[78.581,25.386],[78.592,25.388],[78.599,25.392],[78.602,25.409],[78.608,25.415],[78.623,25.413],[78.625,25.402],[78.631,25.399],[78.64,25.406],[78.645,25.415],[78.641,25.43],[78.643,25.435],[78.658,25.441],[78.669,25.439],[78.682,25.433],[78.689,25.446],[78.7,25.44],[78.702,25.433],[78.711,25.428],[78.706,25.42],[78.675,25.4],[78.668,25.409],[78.659,25.409],[78.665,25.393],[78.663,25.382],[78.678,25.381],[78.695,25.374],[78.7,25.382],[78.705,25.373],[78.715,25.372],[78.709,25.362],[78.709,25.351],[78.727,25.343],[78.732,25.349],[78.74,25.345],[78.753,25.346],[78.76,25.35],[78.775,25.353],[78.766,25.369],[78.774,25.376],[78.759,25.383],[78.765,25.391],[78.757,25.395],[78.746,25.396],[78.748,25.41],[78.758,25.415],[78.766,25.415],[78.775,25.42],[78.783,25.416],[78.794,25.417],[78.799,25.423],[78.819,25.42],[78.821,25.423],[78.803,25.437],[78.785,25.436],[78.771,25.423],[78.759,25.431],[78.75,25.449],[78.739,25.449],[78.732,25.46],[78.733,25.484],[78.738,25.495],[78.748,25.494],[78.748,25.484],[78.757,25.481],[78.758,25.476],[78.768,25.469],[78.773,25.476],[78.797,25.483],[78.805,25.475],[78.818,25.472],[78.806,25.454],[78.814,25.456],[78.821,25.468],[78.835,25.456],[78.85,25.449],[78.84,25.442],[78.829,25.444],[78.821,25.441],[78.828,25.428],[78.848,25.43],[78.849,25.437],[78.864,25.451],[78.866,25.466],[78.86,25.472],[78.86,25.479],[78.855,25.49],[78.84,25.493],[78.833,25.5],[78.842,25.513],[78.852,25.514],[78.871,25.513],[78.876,25.517],[78.884,25.516],[78.886,25.532],[78.874,25.541],[78.877,25.548],[78.884,25.554],[78.897,25.555],[78.906,25.551],[78.917,25.552],[78.916,25.546],[78.923,25.536],[78.928,25.55],[78.939,25.557],[78.952,25.549],[78.948,25.541],[78.953,25.538],[78.936,25.52],[78.927,25.525],[78.92,25.514],[78.935,25.505],[78.933,25.499],[78.944,25.483],[78.936,25.462],[78.925,25.457],[78.915,25.446],[78.909,25.442],[78.922,25.432],[78.933,25.43],[78.938,25.422],[78.947,25.436],[78.958,25.44],[78.97,25.432],[78.97,25.423],[78.976,25.42],[78.971,25.408],[78.973,25.394],[78.97,25.39],[78.987,25.381],[78.989,25.374],[78.973,25.367],[78.959,25.372],[78.944,25.349],[78.939,25.347],[78.928,25.351],[78.924,25.358],[78.915,25.358],[78.901,25.362],[78.896,25.373],[78.899,25.377],[78.913,25.377],[78.916,25.381],[78.938,25.375],[78.942,25.383],[78.958,25.395],[78.949,25.401],[78.932,25.4],[78.92,25.397],[78.914,25.384],[78.88,25.386],[78.871,25.38],[78.852,25.357],[78.846,25.356],[78.841,25.345],[78.843,25.337],[78.832,25.321],[78.822,25.317],[78.819,25.307],[78.81,25.308],[78.798,25.314],[78.788,25.3],[78.798,25.289],[78.804,25.292],[78.817,25.307],[78.824,25.306],[78.809,25.271],[78.818,25.265],[78.824,25.256],[78.834,25.25],[78.835,25.243],[78.843,25.228],[78.852,25.23],[78.857,25.243],[78.856,25.257],[78.865,25.265],[78.866,25.28],[78.874,25.28],[78.88,25.286],[78.872,25.299],[78.875,25.308],[78.864,25.31],[78.868,25.326],[78.881,25.325],[78.881,25.341],[78.884,25.344],[78.912,25.333],[78.921,25.344],[78.932,25.336],[78.931,25.325],[78.946,25.334],[78.953,25.34],[78.962,25.343],[78.957,25.325],[78.96,25.307],[78.964,25.299],[78.976,25.288],[78.978,25.277],[78.956,25.283],[78.949,25.274],[78.954,25.269],[78.955,25.261],[78.938,25.26],[78.93,25.269],[78.92,25.274],[78.912,25.269],[78.908,25.256],[78.9,25.243],[78.892,25.246],[78.886,25.254],[78.881,25.254],[78.873,25.241],[78.87,25.226],[78.891,25.214],[78.883,25.198],[78.872,25.188],[78.875,25.172],[78.882,25.157],[78.909,25.178],[78.91,25.183],[78.922,25.198],[78.921,25.201],[78.934,25.212],[78.957,25.218],[78.97,25.216],[78.981,25.206],[78.993,25.197],[79.006,25.195],[79.006,25.211],[78.999,25.232],[78.987,25.234],[78.985,25.24],[78.975,25.237],[78.98,25.255],[78.987,25.264],[78.994,25.266],[78.994,25.273],[79.013,25.274],[79.023,25.269],[79.025,25.259],[79.018,25.249],[79.022,25.241],[79.04,25.243],[79.037,25.233],[79.041,25.23],[79.064,25.222],[79.06,25.201],[79.062,25.193],[79.052,25.188],[79.044,25.202],[79.031,25.185],[79.035,25.174],[79.031,25.138],[79.051,25.135],[79.055,25.141],[79.068,25.15],[79.071,25.169],[79.09,25.191],[79.095,25.183],[79.095,25.176],[79.113,25.166],[79.126,25.161],[79.116,25.14],[79.131,25.128],[79.124,25.119],[79.124,25.111],[79.14,25.109],[79.144,25.115],[79.158,25.112],[79.166,25.107],[79.175,25.109],[79.178,25.116],[79.186,25.115],[79.187,25.126],[79.175,25.128],[79.179,25.141],[79.186,25.144],[79.204,25.14],[79.204,25.126],[79.214,25.121],[79.217,25.111],[79.227,25.122],[79.24,25.113],[79.248,25.116],[79.243,25.123],[79.247,25.135],[79.265,25.152],[79.264,25.128],[79.267,25.122],[79.275,25.122],[79.282,25.117],[79.288,25.128],[79.296,25.132],[79.307,25.129],[79.314,25.136],[79.315,25.147],[79.323,25.15],[79.314,25.162],[79.309,25.179],[79.308,25.198],[79.302,25.201],[79.299,25.192],[79.292,25.184],[79.285,25.191],[79.282,25.205],[79.286,25.226],[79.282,25.241],[79.29,25.242],[79.299,25.24],[79.308,25.232],[79.307,25.225],[79.325,25.218],[79.328,25.21],[79.339,25.199],[79.349,25.207],[79.345,25.217],[79.335,25.224],[79.344,25.227],[79.345,25.251],[79.35,25.264],[79.343,25.269],[79.334,25.269],[79.33,25.258],[79.317,25.256],[79.31,25.26],[79.299,25.28],[79.291,25.281],[79.289,25.273],[79.281,25.262],[79.27,25.263],[79.263,25.273],[79.268,25.287],[79.269,25.305],[79.278,25.32],[79.288,25.325],[79.295,25.323],[79.299,25.329],[79.3,25.338],[79.308,25.334],[79.326,25.335],[79.342,25.329],[79.347,25.322],[79.341,25.319],[79.34,25.311],[79.346,25.305],[79.341,25.3],[79.336,25.288],[79.357,25.282],[79.355,25.27],[79.358,25.264],[79.37,25.26],[79.374,25.273],[79.367,25.281],[79.369,25.292],[79.395,25.283],[79.408,25.273],[79.409,25.256],[79.425,25.254],[79.437,25.255],[79.463,25.272],[79.459,25.28],[79.468,25.283],[79.479,25.278],[79.482,25.269],[79.495,25.267],[79.493,25.262],[79.476,25.265],[79.472,25.261],[79.462,25.265],[79.462,25.256],[79.456,25.247],[79.447,25.245],[79.433,25.221],[79.434,25.218],[79.449,25.215],[79.438,25.197],[79.421,25.2],[79.412,25.198],[79.412,25.183],[79.39,25.17],[79.384,25.143],[79.391,25.139],[79.388,25.13],[79.396,25.128],[79.393,25.117],[79.405,25.106],[79.42,25.111],[79.426,25.119],[79.437,25.11],[79.441,25.103],[79.452,25.109],[79.46,25.12],[79.477,25.127],[79.474,25.12],[79.465,25.088],[79.472,25.088],[79.483,25.08],[79.5,25.083],[79.503,25.094],[79.51,25.097],[79.525,25.097],[79.524,25.108],[79.519,25.12],[79.523,25.132],[79.529,25.131],[79.535,25.142],[79.546,25.148],[79.552,25.161],[79.561,25.17],[79.569,25.172],[79.576,25.163],[79.582,25.151],[79.591,25.148],[79.6,25.138],[79.599,25.128],[79.608,25.128],[79.624,25.139],[79.641,25.127],[79.649,25.13],[79.66,25.125],[79.676,25.124],[79.679,25.133],[79.684,25.135],[79.712,25.129],[79.736,25.131],[79.747,25.139],[79.762,25.134],[79.773,25.125],[79.806,25.113],[79.812,25.109],[79.826,25.107],[79.829,25.099],[79.844,25.094],[79.858,25.096],[79.858,25.101],[79.848,25.111],[79.852,25.129],[79.866,25.141],[79.866,25.162],[79.87,25.172],[79.863,25.177],[79.865,25.188],[79.857,25.197],[79.868,25.217],[79.851,25.227],[79.851,25.236],[79.865,25.236],[79.872,25.243],[79.877,25.251],[79.893,25.242],[79.902,25.241],[79.907,25.251],[79.917,25.245],[79.928,25.25],[79.937,25.247],[79.94,25.259],[79.948,25.269],[79.955,25.265],[79.971,25.266],[79.981,25.262],[79.987,25.267],[80.003,25.267],[80.006,25.273],[79.999,25.278],[79.999,25.286],[80.012,25.295],[80.022,25.298],[80.024,25.312],[80.019,25.317],[80.02,25.325],[80.026,25.335],[80.034,25.342],[80.042,25.338],[80.056,25.34],[80.073,25.337],[80.082,25.344],[80.089,25.356],[80.101,25.351],[80.117,25.342],[80.127,25.34],[80.131,25.334],[80.142,25.351],[80.15,25.358],[80.167,25.364],[80.169,25.377],[80.182,25.377],[80.197,25.381],[80.196,25.402],[80.202,25.414],[80.206,25.404],[80.218,25.399],[80.227,25.399],[80.236,25.408],[80.254,25.401],[80.256,25.41],[80.264,25.424],[80.28,25.421],[80.3,25.407],[80.316,25.386],[80.32,25.366],[80.311,25.361],[80.312,25.346],[80.322,25.335],[80.319,25.322],[80.321,25.313],[80.319,25.306],[80.311,25.298],[80.311,25.286],[80.328,25.278],[80.348,25.278],[80.355,25.271],[80.356,25.263],[80.366,25.25],[80.384,25.237],[80.39,25.239],[80.395,25.245],[80.404,25.244],[80.411,25.224],[80.408,25.218],[80.415,25.206],[80.421,25.198],[80.432,25.178],[80.427,25.168],[80.419,25.163],[80.397,25.16],[80.385,25.156],[80.375,25.146],[80.368,25.146],[80.357,25.142],[80.353,25.13],[80.37,25.118],[80.376,25.115],[80.371,25.1],[80.357,25.095],[80.351,25.09],[80.352,25.081],[80.346,25.065],[80.353,25.063],[80.351,25.053],[80.34,25.058],[80.33,25.048],[80.321,25.05],[80.311,25.044],[80.302,25.053],[80.291,25.06],[80.285,25.054],[80.288,25.038],[80.274,25.026],[80.292,25.017],[80.3,25.016],[80.307,25.006],[80.32,25.003],[80.331,24.992],[80.342,25.011],[80.348,25.018],[80.357,25.012],[80.363,25.024],[80.376,25.015],[80.377,25.007],[80.387,25.004],[80.394,25.009],[80.387,25.024],[80.378,25.027],[80.383,25.035],[80.371,25.044],[80.374,25.056],[80.388,25.051],[80.393,25.064],[80.404,25.062],[80.408,25.057],[80.416,25.061],[80.421,25.071],[80.433,25.066],[80.439,25.075],[80.449,25.079],[80.45,25.069],[80.454,25.062],[80.467,25.065],[80.47,25.044],[80.477,25.038],[80.489,25.043],[80.501,25.038],[80.494,25.03],[80.484,25.034],[80.474,25.031],[80.463,25.04],[80.449,25.041],[80.436,25.028],[80.455,25.006],[80.454,25.003],[80.437,25.001],[80.437,24.994],[80.446,24.996],[80.456,25.004],[80.463,25.002],[80.461,24.993],[80.456,24.99],[80.457,24.981],[80.465,24.976],[80.48,24.976],[80.48,24.986],[80.492,24.989],[80.501,25.004],[80.515,25.003],[80.517,25.008],[80.531,25.001],[80.539,25.001],[80.548,25.005],[80.541,25.017],[80.547,25.024],[80.546,25.032],[80.534,25.037],[80.503,25.045],[80.501,25.052],[80.509,25.059],[80.502,25.071],[80.507,25.084],[80.483,25.093],[80.483,25.1],[80.498,25.097],[80.5,25.1],[80.513,25.097],[80.52,25.093],[80.522,25.076],[80.534,25.07],[80.539,25.072],[80.545,25.064],[80.552,25.063],[80.568,25.073],[80.568,25.083],[80.595,25.079],[80.604,25.069],[80.614,25.071],[80.609,25.08],[80.592,25.09],[80.596,25.099],[80.598,25.114],[80.607,25.118],[80.597,25.128],[80.598,25.143],[80.602,25.15],[80.609,25.15],[80.613,25.143],[80.61,25.129],[80.62,25.134],[80.633,25.131],[80.633,25.123],[80.621,25.11],[80.615,25.093],[80.623,25.089],[80.629,25.09],[80.643,25.089],[80.659,25.083],[80.662,25.068],[80.676,25.079],[80.685,25.076],[80.684,25.067],[80.674,25.061],[80.681,25.053],[80.693,25.054],[80.712,25.059],[80.719,25.065],[80.729,25.067],[80.738,25.055],[80.762,25.056],[80.775,25.055],[80.787,25.062],[80.783,25.076],[80.776,25.076],[80.757,25.083],[80.753,25.092],[80.74,25.093],[80.731,25.089],[80.723,25.095],[80.723,25.105],[80.731,25.113],[80.724,25.122],[80.711,25.12],[80.704,25.122],[80.707,25.13],[80.718,25.131],[80.728,25.138],[80.735,25.137],[80.742,25.124],[80.748,25.131],[80.76,25.135],[80.772,25.132],[80.778,25.139],[80.787,25.129],[80.794,25.13],[80.804,25.138],[80.815,25.132],[80.819,25.125],[80.825,25.121],[80.83,25.103],[80.838,25.104],[80.843,25.112],[80.836,25.131],[80.84,25.156],[80.849,25.163],[80.845,25.174],[80.838,25.178],[80.843,25.186],[80.857,25.181],[80.864,25.182],[80.868,25.175],[80.882,25.183],[80.904,25.159],[80.913,25.159],[80.889,25.133],[80.88,25.138],[80.879,25.126],[80.869,25.117],[80.879,25.102],[80.867,25.08],[80.875,25.074],[80.878,25.065],[80.864,25.057],[80.857,25.048],[80.848,25.045],[80.84,25.033],[80.832,25.032],[80.835,25.024],[80.842,25.02],[80.855,25.004],[80.852,24.989],[80.847,24.985],[80.834,24.982],[80.827,24.978],[80.824,24.968],[80.816,24.966],[80.811,24.97],[80.799,24.968],[80.792,24.964],[80.806,24.953],[80.808,24.939],[80.818,24.933],[80.812,24.923],[80.83,24.918],[80.838,24.921],[80.838,24.928],[80.857,24.931],[80.859,24.929],[80.875,24.936],[80.892,24.945],[80.929,24.961],[80.944,24.965],[80.95,24.964],[80.954,24.953],[80.948,24.941],[80.958,24.94],[80.957,24.93],[80.965,24.929],[80.974,24.934],[80.996,24.928],[81.002,24.937],[81.01,24.936],[81.013,24.928],[81.024,24.932],[81.023,24.944],[81.034,24.953],[81.051,24.95],[81.065,24.949],[81.09,24.946],[81.087,24.933],[81.093,24.929],[81.097,24.921],[81.103,24.919],[81.112,24.907],[81.118,24.908],[81.123,24.9],[81.14,24.888],[81.14,24.897],[81.145,24.91],[81.15,24.914],[81.16,24.914],[81.159,24.922],[81.164,24.928],[81.165,24.947],[81.172,24.957],[81.179,24.95],[81.185,24.952],[81.201,24.938],[81.199,24.931],[81.21,24.923],[81.215,24.933],[81.213,24.945],[81.214,24.958],[81.207,24.964],[81.221,24.974],[81.219,24.982],[81.209,24.993],[81.213,24.997],[81.224,24.999],[81.234,25.011],[81.263,25.052],[81.262,25.058],[81.269,25.067],[81.26,25.075],[81.267,25.085],[81.26,25.09],[81.259,25.098],[81.252,25.102],[81.253,25.108],[81.261,25.11],[81.268,25.128],[81.266,25.14],[81.278,25.147],[81.282,25.153],[81.278,25.166],[81.292,25.162],[81.299,25.164],[81.313,25.164],[81.313,25.14],[81.316,25.127],[81.324,25.128],[81.325,25.137],[81.319,25.144],[81.322,25.162],[81.335,25.169],[81.343,25.163],[81.356,25.163],[81.369,25.143],[81.393,25.131],[81.4,25.119],[81.408,25.12],[81.407,25.127],[81.428,25.131],[81.437,25.13],[81.438,25.124],[81.445,25.116],[81.447,25.108],[81.431,25.106],[81.413,25.108],[81.422,25.099],[81.455,25.09],[81.465,25.09],[81.465,25.083],[81.472,25.078],[81.482,25.077],[81.491,25.072],[81.499,25.077],[81.507,25.096],[81.514,25.1],[81.509,25.106],[81.49,25.11],[81.484,25.116],[81.487,25.124],[81.481,25.128],[81.485,25.135],[81.496,25.131],[81.5,25.149],[81.509,25.148],[81.527,25.138],[81.53,25.151],[81.537,25.161],[81.521,25.167],[81.513,25.177],[81.519,25.186],[81.54,25.181],[81.541,25.185],[81.564,25.187],[81.57,25.192],[81.579,25.191],[81.596,25.182],[81.588,25.166],[81.595,25.164],[81.612,25.164],[81.626,25.161],[81.626,25.145],[81.614,25.144],[81.603,25.136],[81.602,25.128],[81.597,25.119],[81.606,25.117],[81.615,25.1],[81.621,25.116],[81.624,25.12],[81.633,25.117],[81.632,25.106],[81.638,25.099],[81.621,25.09],[81.616,25.081],[81.605,25.079],[81.601,25.074],[81.61,25.069],[81.612,25.056],[81.627,25.052],[81.634,25.059],[81.642,25.057],[81.655,25.072],[81.669,25.072],[81.667,25.061],[81.679,25.062],[81.686,25.058],[81.693,25.048],[81.689,25.04],[81.708,25.035],[81.722,25.04],[81.724,25.05],[81.74,25.045],[81.746,25.033],[81.755,25.035],[81.759,25.027],[81.78,25.02],[81.793,25.004],[81.804,25.002],[81.811,25.013],[81.835,25.017],[81.849,25.012],[81.855,25.003],[81.878,24.999],[81.891,24.996],[81.908,24.98],[81.909,24.941],[81.92,24.928],[81.914,24.914],[81.907,24.904],[81.904,24.89],[81.908,24.881],[81.915,24.88],[81.922,24.874],[81.934,24.87],[81.933,24.859],[81.944,24.841],[81.96,24.837],[81.965,24.827],[81.972,24.839],[81.985,24.839],[81.992,24.842],[82.003,24.841],[82.011,24.847],[82.031,24.84],[82.045,24.829],[82.051,24.831],[82.072,24.819],[82.075,24.822],[82.098,24.816],[82.113,24.799],[82.116,24.785],[82.132,24.792],[82.139,24.799],[82.167,24.786],[82.168,24.791],[82.179,24.793],[82.175,24.801],[82.178,24.811],[82.189,24.806],[82.184,24.799],[82.187,24.794],[82.203,24.792],[82.206,24.796],[82.215,24.79],[82.21,24.777],[82.197,24.778],[82.203,24.758],[82.198,24.747],[82.187,24.739],[82.2,24.735],[82.214,24.734],[82.217,24.739],[82.206,24.744],[82.215,24.754],[82.229,24.745],[82.231,24.756],[82.236,24.759],[82.242,24.744],[82.246,24.754],[82.256,24.749],[82.251,24.735],[82.245,24.729],[82.251,24.711],[82.246,24.702],[82.247,24.692],[82.235,24.69],[82.235,24.671],[82.254,24.67],[82.264,24.666],[82.273,24.675],[82.281,24.675],[82.286,24.668],[82.292,24.665],[82.303,24.656],[82.3,24.647],[82.3,24.635],[82.304,24.625],[82.3,24.612],[82.301,24.608],[82.316,24.608],[82.33,24.618],[82.339,24.62],[82.35,24.615],[82.361,24.599],[82.402,24.591],[82.407,24.595],[82.416,24.591],[82.422,24.599],[82.412,24.612],[82.413,24.62],[82.409,24.625],[82.41,24.635],[82.418,24.642],[82.419,24.651],[82.412,24.66],[82.414,24.67],[82.407,24.683],[82.428,24.702],[82.441,24.7],[82.454,24.688],[82.45,24.675],[82.457,24.673],[82.48,24.678],[82.49,24.671],[82.505,24.672],[82.51,24.675],[82.524,24.673],[82.531,24.651],[82.539,24.648],[82.58,24.659],[82.592,24.668],[82.607,24.676],[82.641,24.685],[82.657,24.695],[82.671,24.697],[82.676,24.691],[82.698,24.678],[82.702,24.672],[82.699,24.663],[82.698,24.647],[82.707,24.636],[82.717,24.642],[82.729,24.636],[82.732,24.644],[82.743,24.641],[82.763,24.643],[82.774,24.642],[82.771,24.634],[82.772,24.622],[82.778,24.611],[82.77,24.605],[82.767,24.595],[82.778,24.595],[82.803,24.598],[82.801,24.58],[82.78,24.572],[82.768,24.562],[82.748,24.561],[82.748,24.55],[82.739,24.548],[82.72,24.554],[82.722,24.545],[82.728,24.54],[82.73,24.531],[82.721,24.53],[82.721,24.514],[82.736,24.502],[82.743,24.499],[82.74,24.483],[82.731,24.474],[82.735,24.47],[82.736,24.46],[82.732,24.454],[82.734,24.447],[82.731,24.438],[82.739,24.432],[82.738,24.425],[82.726,24.419],[82.713,24.381],[82.726,24.368],[82.741,24.368],[82.765,24.375],[82.769,24.367],[82.765,24.354],[82.77,24.345],[82.767,24.33],[82.769,24.324],[82.766,24.314],[82.773,24.308],[82.771,24.295],[82.762,24.27],[82.756,24.262],[82.759,24.237],[82.751,24.228],[82.736,24.223],[82.735,24.217],[82.74,24.2],[82.744,24.166],[82.729,24.148],[82.728,24.136],[82.711,24.136],[82.697,24.141],[82.692,24.15],[82.683,24.155],[82.672,24.146],[82.674,24.141],[82.665,24.13],[82.671,24.12],[82.696,24.1],[82.703,24.099],[82.712,24.089],[82.71,24.085],[82.714,24.075],[82.734,24.078],[82.747,24.071],[82.754,24.077],[82.774,24.075],[82.77,24.056],[82.759,24.036],[82.748,24.028],[82.751,24.012],[82.768,24.006],[82.786,24.005],[82.788,24.008],[82.804,24.004],[82.806,23.989],[82.802,23.98],[82.81,23.963],[82.813,23.96],[82.828,23.962],[82.837,23.957],[82.841,23.951],[82.853,23.945],[82.861,23.939],[82.867,23.925],[82.877,23.918],[82.885,23.909],[82.905,23.898],[82.926,23.893],[82.931,23.889],[82.937,23.877],[82.954,23.871],[82.976,23.872],[82.981,23.874],[82.996,23.873],[83.001,23.877],[83.019,23.879],[83.054,23.879],[83.062,23.874],[83.072,23.874],[83.075,23.87],[83.091,23.872],[83.112,23.879],[83.141,23.885],[83.154,23.897],[83.154,23.904],[83.163,23.909],[83.172,23.908],[83.181,23.915],[83.198,23.914],[83.208,23.921],[83.208,23.931],[83.216,23.939],[83.223,23.958],[83.219,23.969],[83.227,23.977],[83.229,23.988],[83.235,23.996],[83.242,23.998],[83.243,24.012],[83.255,24.015],[83.264,24.009],[83.273,24.018],[83.279,24.018],[83.284,24.04],[83.282,24.05],[83.287,24.055],[83.295,24.072],[83.306,24.08],[83.318,24.097],[83.323,24.106],[83.33,24.102],[83.345,24.111],[83.355,24.127],[83.355,24.136],[83.359,24.14],[83.362,24.156],[83.372,24.175],[83.375,24.186],[83.382,24.195],[83.379,24.211],[83.385,24.221],[83.378,24.229],[83.385,24.239],[83.398,24.244],[83.401,24.257],[83.408,24.263],[83.407,24.289],[83.402,24.296],[83.387,24.298],[83.38,24.313],[83.388,24.316],[83.392,24.325],[83.411,24.34],[83.434,24.339],[83.439,24.346],[83.444,24.358],[83.456,24.364],[83.448,24.371],[83.443,24.386],[83.434,24.393],[83.43,24.4],[83.417,24.406],[83.405,24.405],[83.403,24.423],[83.405,24.436],[83.394,24.435],[83.387,24.448],[83.386,24.458],[83.39,24.464],[83.391,24.474],[83.398,24.485],[83.397,24.497],[83.402,24.503],[83.431,24.511],[83.468,24.517],[83.48,24.521],[83.503,24.525],[83.498,24.538],[83.522,24.548],[83.522,24.555],[83.528,24.562],[83.53,24.582],[83.525,24.588],[83.523,24.599],[83.53,24.612],[83.542,24.613],[83.548,24.623],[83.544,24.628],[83.532,24.627],[83.527,24.63],[83.53,24.642],[83.521,24.641],[83.51,24.648],[83.502,24.649],[83.504,24.666],[83.52,24.678],[83.502,24.693],[83.498,24.703],[83.49,24.7],[83.485,24.704],[83.486,24.716],[83.49,24.734],[83.487,24.737],[83.471,24.732],[83.458,24.732],[83.447,24.741],[83.441,24.757],[83.428,24.763],[83.428,24.768],[83.413,24.775],[83.397,24.779],[83.391,24.789],[83.4,24.797],[83.394,24.805],[83.4,24.81],[83.401,24.819],[83.395,24.826],[83.397,24.832],[83.393,24.841],[83.387,24.84],[83.381,24.848],[83.377,24.86],[83.37,24.862],[83.358,24.871],[83.37,24.88],[83.358,24.889],[83.366,24.893],[83.355,24.905],[83.363,24.909],[83.363,24.928],[83.365,24.938],[83.361,24.942],[83.362,24.954],[83.344,24.966],[83.343,24.981],[83.353,24.997],[83.351,25.009],[83.32,25.017],[83.324,25.027],[83.324,25.037],[83.336,25.051],[83.343,25.051],[83.34,25.069],[83.341,25.082],[83.347,25.087],[83.351,25.105],[83.35,25.114],[83.363,25.111],[83.366,25.125],[83.363,25.142],[83.363,25.154],[83.351,25.157],[83.356,25.178],[83.354,25.189],[83.357,25.2],[83.366,25.195],[83.373,25.2],[83.384,25.203],[83.398,25.216],[83.409,25.23],[83.406,25.238],[83.409,25.246],[83.417,25.25],[83.422,25.247],[83.427,25.254],[83.433,25.25],[83.439,25.258],[83.45,25.261],[83.453,25.256],[83.464,25.25],[83.476,25.261],[83.477,25.272],[83.485,25.279],[83.507,25.282],[83.517,25.285],[83.534,25.297],[83.537,25.304],[83.554,25.309],[83.562,25.314],[83.586,25.316],[83.588,25.322],[83.596,25.327],[83.608,25.332],[83.63,25.33],[83.635,25.343],[83.643,25.34],[83.652,25.347],[83.649,25.354],[83.66,25.364],[83.667,25.363],[83.688,25.367],[83.695,25.371],[83.684,25.381],[83.694,25.386],[83.702,25.396],[83.71,25.386],[83.717,25.398],[83.73,25.398],[83.734,25.406],[83.742,25.41],[83.747,25.401],[83.757,25.404],[83.758,25.39],[83.768,25.386],[83.771,25.397],[83.791,25.398],[83.808,25.409],[83.814,25.421],[83.802,25.425],[83.826,25.436],[83.834,25.431],[83.846,25.434],[83.843,25.446],[83.824,25.446],[83.812,25.449],[83.815,25.46],[83.823,25.466],[83.834,25.458],[83.857,25.469],[83.863,25.483],[83.869,25.486],[83.878,25.503],[83.874,25.51],[83.876,25.518],[83.894,25.52],[83.905,25.527],[83.914,25.545],[83.928,25.557],[83.957,25.57],[84.017,25.615],[84.044,25.626],[84.081,25.636],[84.085,25.652],[84.075,25.695],[84.089,25.713],[84.105,25.721],[84.135,25.724],[84.139,25.716],[84.15,25.719],[84.154,25.727],[84.17,25.723],[84.174,25.718],[84.199,25.702],[84.206,25.67],[84.223,25.662],[84.274,25.662],[84.276,25.659],[84.294,25.66],[84.3,25.665],[84.299,25.671],[84.324,25.67],[84.329,25.709],[84.329,25.731],[84.337,25.744],[84.365,25.742],[84.375,25.735],[84.377,25.741],[84.385,25.747],[84.394,25.744],[84.384,25.732],[84.4,25.729],[84.406,25.716],[84.401,25.708],[84.407,25.698],[84.428,25.694],[84.43,25.711],[84.462,25.709],[84.471,25.687],[84.493,25.691],[84.492,25.676],[84.499,25.675],[84.508,25.682],[84.52,25.675],[84.529,25.683],[84.535,25.724],[84.54,25.727],[84.535,25.691],[84.546,25.688],[84.557,25.682],[84.561,25.684],[84.565,25.717],[84.56,25.737],[84.6,25.738],[84.611,25.731],[84.627,25.727],[84.635,25.728],[84.63,25.742],[84.624,25.749],[84.61,25.755],[84.606,25.761],[84.607,25.772],[84.614,25.776],[84.624,25.771],[84.625,25.792],[84.581,25.825],[84.551,25.841],[84.548,25.829],[84.531,25.832],[84.531,25.853],[84.523,25.86],[84.534,25.864],[84.534,25.876],[84.511,25.871],[84.49,25.886],[84.472,25.882],[84.46,25.89],[84.454,25.888],[84.437,25.892],[84.428,25.891],[84.425,25.902],[84.414,25.923],[84.412,25.931],[84.387,25.937],[84.354,25.959],[84.312,25.944],[84.297,25.945],[84.282,25.959],[84.245,25.976],[84.245,25.981],[84.238,25.986],[84.207,25.999],[84.196,25.988],[84.176,25.997],[84.17,25.988],[84.173,26.025],[84.138,26.052],[84.121,26.077],[84.104,26.093],[84.089,26.1],[84.056,26.1],[84.049,26.111],[84.052,26.12],[84.051,26.129],[84.043,26.135],[84.028,26.142],[84.034,26.151],[84.034,26.16],[84.019,26.167],[84.01,26.174],[84.009,26.19],[84.016,26.196],[84.026,26.197],[84.028,26.215],[84.015,26.223],[84.012,26.232],[84.019,26.239],[84.027,26.24],[84.038,26.237],[84.038,26.232],[84.051,26.229],[84.06,26.224],[84.08,26.222],[84.091,26.234],[84.117,26.24],[84.12,26.258],[84.132,26.259],[84.148,26.255],[84.151,26.258],[84.162,26.245],[84.162,26.257],[84.177,26.265],[84.175,26.291],[84.178,26.304],[84.186,26.314],[84.173,26.334],[84.173,26.354],[84.176,26.36],[84.176,26.373],[84.138,26.378],[84.136,26.382],[84.12,26.385],[84.089,26.387],[84.084,26.382],[84.068,26.388],[84.064,26.401],[84.055,26.403],[84.041,26.412],[84.023,26.431],[84.024,26.437],[84.019,26.447],[84.008,26.444],[83.997,26.446],[83.992,26.432],[83.966,26.437],[83.946,26.439],[83.911,26.45],[83.91,26.476],[83.913,26.498],[83.915,26.503],[83.906,26.512],[83.915,26.517],[83.931,26.52],[83.94,26.525],[83.95,26.516],[83.951,26.509],[83.972,26.511],[83.973,26.52],[83.977,26.532],[83.992,26.533],[84.007,26.526],[84.032,26.534],[84.048,26.536],[84.056,26.545],[84.055,26.558],[84.066,26.577],[84.076,26.583],[84.083,26.592],[84.09,26.607],[84.087,26.613],[84.088,26.636],[84.131,26.633],[84.136,26.636],[84.159,26.636],[84.157,26.626],[84.169,26.623],[84.191,26.625],[84.201,26.625],[84.228,26.618],[84.23,26.614],[84.245,26.609],[84.268,26.605],[84.268,26.602],[84.285,26.6],[84.286,26.606],[84.3,26.604],[84.307,26.616],[84.319,26.612],[84.353,26.62],[84.38,26.615],[84.386,26.622],[84.4,26.625],[84.407,26.623],[84.42,26.626],[84.41,26.647],[84.411,26.67],[84.376,26.678],[84.35,26.678],[84.33,26.684],[84.326,26.714],[84.314,26.739],[84.306,26.75],[84.286,26.75],[84.276,26.742],[84.266,26.74],[84.255,26.727],[84.24,26.739],[84.233,26.754],[84.249,26.771],[84.257,26.79],[84.26,26.807],[84.25,26.819],[84.261,26.829],[84.262,26.843],[84.254,26.857],[84.234,26.868],[84.219,26.871],[84.211,26.864],[84.19,26.859],[84.183,26.847],[84.187,26.842],[84.182,26.834],[84.166,26.834],[84.149,26.843],[84.141,26.853],[84.14,26.867],[84.147,26.872],[84.144,26.88],[84.131,26.884],[84.13,26.893],[84.117,26.889],[84.116,26.895],[84.108,26.897],[84.107,26.888],[84.1,26.877],[84.087,26.882],[84.08,26.878],[84.067,26.889],[84.052,26.906],[84.06,26.917],[84.053,26.93],[84.044,26.931],[84.045,26.94],[84.034,26.939],[84.046,26.953],[84.054,26.956],[84.054,26.973],[84.047,26.98],[84.056,26.99],[84.046,27.005],[84.037,27.009],[84.043,27.015],[84.049,27.035],[84.046,27.046],[84.031,27.046],[84.018,27.056],[84.006,27.06],[84,27.07],[84.016,27.072],[84.029,27.087],[84.03,27.098],[84.016,27.105],[84.009,27.099],[84.003,27.102],[83.987,27.09],[83.978,27.091],[83.965,27.084],[83.95,27.086],[83.946,27.092],[83.947,27.112],[83.959,27.122],[83.963,27.128],[83.959,27.136],[83.975,27.156],[83.979,27.165],[83.993,27.173],[83.987,27.198],[83.975,27.205],[83.968,27.213],[83.973,27.219],[83.97,27.224],[83.956,27.235],[83.923,27.242],[83.912,27.246],[83.905,27.257],[83.905,27.272],[83.913,27.278],[83.929,27.292],[83.934,27.3],[83.935,27.307],[83.926,27.322],[83.917,27.327],[83.904,27.327],[83.892,27.321],[83.871,27.307],[83.86,27.308],[83.853,27.317],[83.846,27.315],[83.837,27.322],[83.859,27.333],[83.864,27.344],[83.864,27.347],[83.831,27.37],[83.793,27.387],[83.71,27.426],[83.631,27.462],[83.615,27.469],[83.527,27.474],[83.505,27.474],[83.409,27.479],[83.392,27.478],[83.403,27.457],[83.4,27.45],[83.386,27.443],[83.385,27.436],[83.396,27.422],[83.405,27.419],[83.407,27.412],[83.403,27.401],[83.386,27.39],[83.388,27.376],[83.385,27.372],[83.372,27.369],[83.374,27.359],[83.359,27.351],[83.36,27.345],[83.345,27.338],[83.338,27.334],[83.319,27.338],[83.316,27.333],[83.296,27.334],[83.274,27.353],[83.266,27.366],[83.272,27.383],[83.24,27.407],[83.226,27.412],[83.211,27.423],[83.196,27.446],[83.188,27.454],[83.162,27.457],[83.097,27.454],[83.035,27.449],[83.02,27.454],[82.969,27.464],[82.955,27.468],[82.945,27.476],[82.939,27.491],[82.929,27.501],[82.913,27.501],[82.879,27.498],[82.849,27.499],[82.833,27.502],[82.802,27.496],[82.785,27.5],[82.735,27.503],[82.737,27.514],[82.744,27.521],[82.749,27.523],[82.738,27.548],[82.746,27.563],[82.746,27.569],[82.754,27.585],[82.747,27.6],[82.735,27.61],[82.734,27.629],[82.739,27.638],[82.726,27.658],[82.718,27.656],[82.718,27.667],[82.714,27.675],[82.718,27.69],[82.706,27.704],[82.709,27.716],[82.696,27.718],[82.681,27.714],[82.666,27.716],[82.638,27.709],[82.627,27.709],[82.619,27.702],[82.605,27.706],[82.594,27.697],[82.585,27.699],[82.541,27.686],[82.531,27.686],[82.517,27.691],[82.491,27.683],[82.483,27.684],[82.474,27.677],[82.449,27.68],[82.427,27.69],[82.413,27.699],[82.402,27.704],[82.383,27.721],[82.368,27.743],[82.338,27.756],[82.304,27.774],[82.252,27.811],[82.229,27.823],[82.208,27.843],[82.177,27.855],[82.153,27.867],[82.149,27.858],[82.121,27.866],[82.113,27.878],[82.091,27.894],[82.089,27.9],[82.07,27.923],[82.062,27.922],[82.047,27.924],[82.026,27.925],[81.991,27.928],[81.968,27.929],[81.959,27.916],[81.938,27.894],[81.937,27.887],[81.929,27.881],[81.925,27.874],[81.925,27.86],[81.899,27.854],[81.885,27.857],[81.877,27.866],[81.845,27.888],[81.833,27.898],[81.821,27.903],[81.805,27.904],[81.699,27.988],[81.694,27.989],[81.644,27.993],[81.617,28.01],[81.576,28.031],[81.551,28.047],[81.499,28.072],[81.478,28.083],[81.479,28.11],[81.484,28.119],[81.468,28.127],[81.45,28.141],[81.45,28.151],[81.444,28.162],[81.426,28.171],[81.416,28.174],[81.391,28.174],[81.375,28.178],[81.383,28.166],[81.373,28.162],[81.37,28.153],[81.385,28.153],[81.38,28.146],[81.365,28.145],[81.364,28.141],[81.334,28.14],[81.321,28.134],[81.315,28.137],[81.318,28.145],[81.328,28.148],[81.32,28.16],[81.312,28.156],[81.302,28.167],[81.321,28.169],[81.324,28.175],[81.318,28.182],[81.321,28.197],[81.299,28.22],[81.291,28.223],[81.248,28.27],[81.233,28.289],[81.234,28.326],[81.219,28.345],[81.211,28.361],[81.165,28.369],[81.123,28.376],[81.08,28.389],[81.058,28.414],[81.051,28.407],[81.036,28.413],[81.035,28.399],[81.017,28.416],[81.035,28.428],[81.03,28.439],[81.02,28.431],[81.013,28.437],[81.017,28.451],[80.998,28.452],[80.989,28.441],[80.977,28.442],[80.979,28.434],[80.965,28.438],[80.964,28.445],[80.98,28.455],[80.967,28.457],[80.964,28.449],[80.951,28.447],[80.944,28.455],[80.932,28.459],[80.917,28.46],[80.905,28.466],[80.902,28.485],[80.908,28.498],[80.9,28.501],[80.896,28.507],[80.875,28.511],[80.861,28.505],[80.856,28.498],[80.844,28.5],[80.83,28.512],[80.815,28.521],[80.799,28.521],[80.789,28.524],[80.784,28.529],[80.789,28.543],[80.769,28.55],[80.769,28.566],[80.738,28.575],[80.739,28.566],[80.724,28.575],[80.714,28.569],[80.703,28.579],[80.69,28.588],[80.696,28.604],[80.677,28.604],[80.679,28.621],[80.671,28.628],[80.667,28.642],[80.652,28.634],[80.641,28.643],[80.633,28.638],[80.611,28.639],[80.606,28.652],[80.598,28.656],[80.58,28.661],[80.59,28.68],[80.569,28.688],[80.555,28.691],[80.54,28.69],[80.506,28.671],[80.503,28.664],[80.511,28.623],[80.515,28.615],[80.522,28.576],[80.531,28.572],[80.523,28.555],[80.518,28.552],[80.511,28.565],[80.489,28.581],[80.472,28.591],[80.462,28.612],[80.462,28.622],[80.455,28.624],[80.433,28.635],[80.416,28.64],[80.404,28.634],[80.377,28.629],[80.358,28.641],[80.354,28.649],[80.326,28.666],[80.322,28.681],[80.323,28.687],[80.319,28.698],[80.307,28.705],[80.3,28.707],[80.295,28.712],[80.277,28.712],[80.267,28.722],[80.257,28.729],[80.263,28.733],[80.264,28.746],[80.251,28.757],[80.244,28.755],[80.233,28.757],[80.216,28.755],[80.171,28.782],[80.139,28.813],[80.118,28.828],[80.075,28.824],[80.065,28.837]]]]},"properties":{"ST_NM":"Uttar Pradesh","id":"uttar-pradesh"}},{"type":"Feature","geometry":{"type":"MultiPolygon","coordinates":[[[[88.061,21.508],[88.075,21.517],[88.076,21.53],[88.059,21.511],[88.061,21.508]]],[[[88.237,21.487],[88.243,21.497],[88.241,21.508],[88.234,21.516],[88.227,21.539],[88.216,21.541],[88.211,21.537],[88.207,21.527],[88.204,21.51],[88.208,21.498],[88.229,21.484],[88.237,21.487]]],[[[88.101,21.97],[88.122,21.985],[88.135,22.004],[88.135,22.015],[88.13,22.017],[88.114,22.013],[88.098,22.002],[88.089,21.988],[88.088,21.974],[88.101,21.97]]],[[[89.599,25.951],[89.597,25.959],[89.586,25.962],[89.574,25.948],[89.573,25.939],[89.58,25.935],[89.585,25.945],[89.59,25.938],[89.605,25.943],[89.607,25.951],[89.599,25.951]]],[[[89.509,25.947],[89.502,25.96],[89.498,25.953],[89.509,25.947]]],[[[89.06,26.304],[89.054,26.299],[89.063,26.295],[89.069,26.298],[89.068,26.304],[89.06,26.304]]],[[[89.075,26.323],[89.07,26.326],[89.058,26.325],[89.065,26.317],[89.073,26.315],[89.075,26.323]]],[[[88.955,26.417],[88.952,26.426],[88.944,26.409],[88.949,26.401],[88.955,26.408],[88.955,26.417]]],[[[88.52,21.921],[88.519,21.936],[88.513,21.936],[88.512,21.926],[88.52,21.921]]],[[[88.775,21.945],[88.75,21.959],[88.75,21.975],[88.733,21.982],[88.728,21.98],[88.728,21.962],[88.725,21.952],[88.729,21.939],[88.743,21.932],[88.758,21.935],[88.781,21.932],[88.792,21.925],[88.803,21.931],[88.799,21.939],[88.789,21.943],[88.787,21.948],[88.775,21.945]]],[[[88.334,21.543],[88.341,21.556],[88.342,21.568],[88.336,21.569],[88.33,21.543],[88.334,21.543]]],[[[88.039,21.578],[88.028,21.582],[88.022,21.594],[88.014,21.577],[88.001,21.555],[87.991,21.516],[88.001,21.513],[88.016,21.532],[88.022,21.543],[88.026,21.562],[88.03,21.56],[88.034,21.546],[88.039,21.551],[88.039,21.565],[88.049,21.561],[88.055,21.566],[88.048,21.573],[88.048,21.581],[88.039,21.578]]],[[[88.519,21.586],[88.503,21.599],[88.493,21.593],[88.486,21.571],[88.486,21.558],[88.489,21.55],[88.499,21.544],[88.501,21.54],[88.515,21.532],[88.521,21.534],[88.528,21.528],[88.543,21.531],[88.546,21.538],[88.536,21.55],[88.532,21.562],[88.535,21.578],[88.531,21.583],[88.519,21.586]]],[[[88.198,21.542],[88.197,21.549],[88.189,21.578],[88.179,21.591],[88.167,21.598],[88.161,21.592],[88.168,21.573],[88.173,21.553],[88.185,21.544],[88.198,21.542]]],[[[88.359,21.568],[88.353,21.588],[88.348,21.594],[88.342,21.586],[88.35,21.58],[88.355,21.568],[88.359,21.568]]],[[[87.882,21.745],[87.897,21.762],[87.898,21.773],[87.88,21.758],[87.876,21.75],[87.882,21.745]]],[[[87.907,21.687],[87.91,21.703],[87.905,21.703],[87.902,21.687],[87.907,21.687]]],[[[87.928,21.689],[87.943,21.72],[87.932,21.72],[87.923,21.71],[87.921,21.698],[87.928,21.689]]],[[[88.183,21.781],[88.182,21.793],[88.174,21.795],[88.176,21.783],[88.183,21.781]]],[[[88.487,21.802],[88.498,21.812],[88.497,21.82],[88.492,21.832],[88.483,21.835],[88.46,21.814],[88.457,21.808],[88.472,21.799],[88.487,21.802]]],[[[88.359,21.805],[88.351,21.821],[88.35,21.831],[88.352,21.854],[88.338,21.86],[88.329,21.86],[88.316,21.854],[88.304,21.831],[88.281,21.822],[88.269,21.815],[88.264,21.809],[88.262,21.8],[88.275,21.796],[88.294,21.783],[88.299,21.785],[88.324,21.785],[88.334,21.8],[88.344,21.802],[88.352,21.798],[88.359,21.805]]],[[[87.95,21.592],[87.977,21.609],[87.986,21.617],[87.991,21.628],[87.991,21.644],[87.987,21.666],[87.99,21.682],[87.986,21.687],[87.977,21.685],[87.973,21.676],[87.976,21.669],[87.963,21.644],[87.968,21.638],[87.966,21.631],[87.949,21.611],[87.944,21.599],[87.95,21.592]]],[[[89.007,21.659],[89.011,21.664],[89.015,21.675],[89.016,21.691],[89.013,21.699],[89.005,21.703],[89.008,21.709],[89.005,21.714],[88.977,21.724],[88.976,21.719],[88.99,21.706],[88.994,21.689],[88.994,21.667],[88.991,21.659],[89.007,21.659]]],[[[88.838,21.605],[88.83,21.605],[88.829,21.581],[88.827,21.572],[88.832,21.57],[88.829,21.56],[88.833,21.553],[88.844,21.546],[88.867,21.533],[88.877,21.533],[88.896,21.539],[88.904,21.547],[88.906,21.558],[88.901,21.572],[88.892,21.581],[88.885,21.583],[88.881,21.59],[88.854,21.601],[88.838,21.605]]],[[[88.774,21.633],[88.775,21.649],[88.771,21.652],[88.746,21.647],[88.73,21.638],[88.722,21.637],[88.716,21.631],[88.716,21.619],[88.706,21.6],[88.706,21.592],[88.712,21.579],[88.729,21.569],[88.751,21.57],[88.754,21.564],[88.765,21.566],[88.773,21.574],[88.793,21.583],[88.798,21.592],[88.796,21.596],[88.785,21.595],[88.79,21.605],[88.778,21.617],[88.774,21.633]]],[[[88.585,21.602],[88.581,21.612],[88.565,21.625],[88.539,21.637],[88.525,21.653],[88.519,21.648],[88.522,21.624],[88.517,21.615],[88.514,21.599],[88.541,21.588],[88.549,21.565],[88.56,21.56],[88.573,21.57],[88.584,21.591],[88.585,21.602]]],[[[88.206,21.672],[88.194,21.684],[88.197,21.692],[88.209,21.705],[88.204,21.708],[88.194,21.696],[88.182,21.686],[88.18,21.682],[88.18,21.668],[88.187,21.649],[88.198,21.628],[88.205,21.604],[88.214,21.602],[88.212,21.617],[88.225,21.636],[88.227,21.65],[88.225,21.666],[88.206,21.672]]],[[[88.961,21.642],[88.956,21.666],[88.947,21.662],[88.94,21.65],[88.94,21.641],[88.955,21.632],[88.961,21.624],[88.969,21.619],[88.986,21.617],[88.992,21.626],[88.986,21.642],[88.98,21.643],[88.966,21.641],[88.961,21.642]]],[[[88.352,21.606],[88.352,21.62],[88.346,21.62],[88.344,21.608],[88.352,21.606]]],[[[88.605,21.615],[88.603,21.633],[88.596,21.647],[88.582,21.663],[88.575,21.688],[88.57,21.684],[88.572,21.662],[88.561,21.651],[88.559,21.641],[88.586,21.619],[88.601,21.612],[88.605,21.615]]],[[[88.321,21.607],[88.326,21.615],[88.343,21.63],[88.347,21.643],[88.345,21.659],[88.349,21.669],[88.348,21.685],[88.338,21.698],[88.326,21.703],[88.31,21.706],[88.311,21.692],[88.315,21.68],[88.316,21.656],[88.31,21.643],[88.305,21.626],[88.309,21.607],[88.321,21.607]]],[[[88.634,21.651],[88.635,21.659],[88.642,21.671],[88.633,21.675],[88.627,21.658],[88.634,21.651]]],[[[88.406,21.733],[88.396,21.742],[88.388,21.736],[88.374,21.73],[88.38,21.724],[88.385,21.726],[88.404,21.72],[88.402,21.706],[88.396,21.696],[88.386,21.688],[88.383,21.681],[88.383,21.649],[88.388,21.644],[88.386,21.632],[88.396,21.62],[88.389,21.616],[88.386,21.605],[88.394,21.59],[88.407,21.594],[88.406,21.606],[88.419,21.615],[88.43,21.625],[88.429,21.636],[88.41,21.651],[88.41,21.66],[88.414,21.667],[88.411,21.684],[88.415,21.698],[88.421,21.703],[88.415,21.713],[88.413,21.726],[88.406,21.733]]],[[[88.542,21.701],[88.539,21.707],[88.525,21.718],[88.52,21.714],[88.521,21.703],[88.528,21.679],[88.53,21.656],[88.546,21.641],[88.552,21.645],[88.557,21.659],[88.564,21.663],[88.566,21.669],[88.565,21.688],[88.562,21.702],[88.542,21.701]]],[[[88.74,21.658],[88.728,21.668],[88.71,21.675],[88.705,21.682],[88.7,21.695],[88.695,21.717],[88.689,21.712],[88.689,21.699],[88.685,21.689],[88.686,21.678],[88.693,21.675],[88.709,21.656],[88.716,21.657],[88.717,21.648],[88.726,21.644],[88.731,21.648],[88.742,21.649],[88.74,21.658]]],[[[88.966,21.741],[88.959,21.752],[88.95,21.757],[88.934,21.763],[88.927,21.764],[88.929,21.752],[88.932,21.746],[88.931,21.735],[88.925,21.726],[88.928,21.716],[88.947,21.704],[88.952,21.682],[88.956,21.681],[88.965,21.657],[88.965,21.648],[88.977,21.648],[88.986,21.645],[88.995,21.628],[88.999,21.612],[88.996,21.6],[89.009,21.602],[89.02,21.599],[89.025,21.606],[89.024,21.613],[89.017,21.645],[89.011,21.655],[89.004,21.651],[88.995,21.652],[88.985,21.659],[88.983,21.665],[88.988,21.68],[88.987,21.691],[88.979,21.709],[88.967,21.72],[88.967,21.729],[88.977,21.738],[88.966,21.741]]],[[[88.92,21.631],[88.926,21.653],[88.935,21.666],[88.939,21.684],[88.937,21.701],[88.913,21.715],[88.906,21.729],[88.89,21.738],[88.88,21.74],[88.867,21.706],[88.867,21.7],[88.877,21.691],[88.882,21.678],[88.884,21.666],[88.892,21.651],[88.906,21.643],[88.91,21.635],[88.92,21.631]]],[[[89.015,21.778],[89.012,21.792],[89.012,21.807],[89.001,21.812],[88.996,21.806],[88.994,21.787],[89.004,21.782],[89.001,21.776],[88.993,21.781],[88.984,21.782],[88.966,21.773],[88.957,21.766],[88.956,21.76],[88.963,21.756],[88.968,21.747],[88.981,21.747],[88.981,21.741],[88.977,21.73],[88.988,21.726],[89.012,21.714],[89.012,21.706],[89.018,21.7],[89.021,21.688],[89.02,21.677],[89.017,21.667],[89.019,21.66],[89.032,21.659],[89.021,21.651],[89.024,21.635],[89.031,21.636],[89.035,21.615],[89.042,21.61],[89.053,21.612],[89.062,21.61],[89.073,21.612],[89.077,21.622],[89.085,21.627],[89.093,21.638],[89.093,21.652],[89.086,21.668],[89.072,21.676],[89.077,21.681],[89.072,21.69],[89.064,21.692],[89.074,21.704],[89.061,21.722],[89.054,21.722],[89.05,21.729],[89.054,21.737],[89.045,21.745],[89.026,21.759],[89.015,21.778]]],[[[88.838,21.766],[88.834,21.766],[88.815,21.753],[88.796,21.75],[88.788,21.742],[88.792,21.736],[88.784,21.733],[88.78,21.718],[88.768,21.705],[88.771,21.703],[88.786,21.712],[88.804,21.716],[88.814,21.711],[88.819,21.706],[88.817,21.681],[88.821,21.667],[88.818,21.657],[88.809,21.647],[88.805,21.635],[88.829,21.624],[88.836,21.619],[88.843,21.622],[88.844,21.628],[88.855,21.637],[88.856,21.653],[88.839,21.693],[88.839,21.719],[88.845,21.734],[88.859,21.752],[88.86,21.763],[88.838,21.766]]],[[[88.45,21.791],[88.44,21.787],[88.426,21.761],[88.424,21.751],[88.428,21.731],[88.427,21.715],[88.432,21.709],[88.432,21.697],[88.424,21.694],[88.421,21.689],[88.42,21.669],[88.418,21.655],[88.434,21.638],[88.438,21.629],[88.438,21.619],[88.43,21.605],[88.439,21.601],[88.453,21.611],[88.456,21.634],[88.463,21.651],[88.465,21.663],[88.471,21.675],[88.47,21.683],[88.459,21.697],[88.451,21.719],[88.453,21.739],[88.454,21.76],[88.458,21.778],[88.467,21.786],[88.45,21.791]]],[[[87.981,21.692],[87.985,21.702],[87.975,21.701],[87.981,21.692]]],[[[88.183,21.694],[88.201,21.71],[88.2,21.724],[88.183,21.706],[88.18,21.699],[88.183,21.694]]],[[[88.126,21.674],[88.124,21.687],[88.13,21.69],[88.135,21.7],[88.131,21.718],[88.123,21.726],[88.121,21.739],[88.128,21.747],[88.13,21.757],[88.123,21.76],[88.121,21.774],[88.103,21.785],[88.092,21.785],[88.08,21.781],[88.072,21.773],[88.074,21.753],[88.072,21.745],[88.065,21.738],[88.054,21.722],[88.053,21.711],[88.043,21.707],[88.033,21.688],[88.034,21.663],[88.041,21.659],[88.041,21.648],[88.044,21.644],[88.065,21.636],[88.09,21.634],[88.1,21.628],[88.121,21.624],[88.138,21.632],[88.147,21.645],[88.137,21.67],[88.126,21.674]]],[[[88.372,21.718],[88.365,21.721],[88.359,21.739],[88.361,21.748],[88.367,21.761],[88.364,21.764],[88.345,21.758],[88.343,21.75],[88.347,21.738],[88.348,21.721],[88.341,21.713],[88.342,21.706],[88.363,21.687],[88.373,21.697],[88.39,21.704],[88.394,21.713],[88.385,21.719],[88.372,21.718]]],[[[88.555,21.761],[88.558,21.774],[88.567,21.779],[88.568,21.792],[88.562,21.803],[88.553,21.809],[88.544,21.811],[88.542,21.806],[88.531,21.796],[88.52,21.791],[88.51,21.774],[88.514,21.766],[88.507,21.756],[88.509,21.744],[88.516,21.739],[88.52,21.725],[88.533,21.73],[88.533,21.721],[88.549,21.71],[88.564,21.708],[88.566,21.699],[88.584,21.689],[88.584,21.678],[88.591,21.661],[88.597,21.658],[88.602,21.664],[88.607,21.677],[88.605,21.688],[88.594,21.696],[88.589,21.704],[88.591,21.714],[88.574,21.725],[88.567,21.738],[88.573,21.748],[88.567,21.761],[88.555,21.761]]],[[[88.202,21.731],[88.207,21.757],[88.202,21.76],[88.197,21.742],[88.202,21.731]]],[[[87.943,21.746],[87.957,21.757],[87.957,21.771],[87.95,21.769],[87.932,21.748],[87.943,21.746]]],[[[88.895,21.785],[88.878,21.806],[88.876,21.821],[88.877,21.836],[88.871,21.853],[88.85,21.862],[88.845,21.858],[88.842,21.833],[88.844,21.811],[88.836,21.788],[88.867,21.78],[88.874,21.771],[88.883,21.752],[88.898,21.744],[88.911,21.734],[88.923,21.741],[88.923,21.749],[88.905,21.75],[88.898,21.753],[88.893,21.764],[88.895,21.785]]],[[[88.777,21.869],[88.77,21.876],[88.762,21.878],[88.743,21.896],[88.734,21.897],[88.722,21.905],[88.714,21.902],[88.712,21.889],[88.706,21.878],[88.704,21.87],[88.696,21.86],[88.702,21.849],[88.697,21.843],[88.698,21.837],[88.705,21.826],[88.712,21.809],[88.712,21.793],[88.709,21.78],[88.704,21.769],[88.694,21.758],[88.691,21.751],[88.693,21.741],[88.699,21.73],[88.706,21.711],[88.709,21.695],[88.746,21.662],[88.753,21.667],[88.767,21.666],[88.781,21.659],[88.792,21.665],[88.789,21.654],[88.805,21.655],[88.805,21.666],[88.809,21.67],[88.806,21.686],[88.806,21.698],[88.8,21.705],[88.781,21.701],[88.761,21.69],[88.759,21.7],[88.755,21.707],[88.758,21.715],[88.768,21.719],[88.769,21.724],[88.751,21.734],[88.748,21.743],[88.753,21.763],[88.745,21.77],[88.747,21.78],[88.756,21.785],[88.768,21.8],[88.771,21.793],[88.756,21.772],[88.766,21.768],[88.757,21.75],[88.759,21.741],[88.771,21.735],[88.781,21.738],[88.784,21.757],[88.779,21.763],[88.78,21.771],[88.793,21.79],[88.793,21.8],[88.812,21.814],[88.817,21.823],[88.817,21.835],[88.82,21.838],[88.826,21.861],[88.821,21.868],[88.809,21.866],[88.8,21.869],[88.79,21.865],[88.784,21.873],[88.777,21.869]]],[[[88.821,21.764],[88.822,21.77],[88.823,21.791],[88.828,21.801],[88.829,21.811],[88.82,21.819],[88.814,21.808],[88.803,21.794],[88.798,21.784],[88.786,21.773],[88.787,21.764],[88.792,21.757],[88.809,21.756],[88.821,21.764]]],[[[88.613,21.786],[88.596,21.785],[88.59,21.777],[88.589,21.765],[88.594,21.756],[88.605,21.749],[88.615,21.746],[88.619,21.734],[88.615,21.725],[88.601,21.712],[88.611,21.707],[88.619,21.717],[88.629,21.735],[88.626,21.752],[88.625,21.776],[88.623,21.781],[88.613,21.786]]],[[[88.595,21.723],[88.614,21.733],[88.612,21.741],[88.597,21.747],[88.586,21.757],[88.583,21.771],[88.572,21.771],[88.571,21.764],[88.58,21.752],[88.582,21.74],[88.582,21.727],[88.595,21.723]]],[[[88.302,21.719],[88.301,21.742],[88.299,21.755],[88.292,21.772],[88.288,21.77],[88.285,21.735],[88.294,21.721],[88.302,21.719]]],[[[88.384,21.745],[88.386,21.76],[88.377,21.766],[88.372,21.765],[88.363,21.738],[88.38,21.741],[88.384,21.745]]],[[[88.424,21.798],[88.421,21.807],[88.398,21.796],[88.382,21.782],[88.385,21.77],[88.391,21.76],[88.398,21.755],[88.403,21.739],[88.42,21.727],[88.42,21.758],[88.419,21.766],[88.425,21.776],[88.438,21.79],[88.438,21.795],[88.424,21.798]]],[[[88.354,21.796],[88.347,21.798],[88.334,21.796],[88.326,21.782],[88.316,21.783],[88.304,21.78],[88.301,21.775],[88.309,21.735],[88.307,21.715],[88.327,21.707],[88.324,21.725],[88.328,21.728],[88.338,21.722],[88.343,21.728],[88.338,21.753],[88.342,21.761],[88.356,21.767],[88.368,21.77],[88.371,21.786],[88.366,21.795],[88.354,21.796]]],[[[88.133,21.873],[88.127,21.873],[88.121,21.866],[88.116,21.854],[88.106,21.846],[88.086,21.798],[88.084,21.793],[88.102,21.793],[88.111,21.791],[88.122,21.783],[88.138,21.754],[88.128,21.735],[88.128,21.731],[88.137,21.718],[88.142,21.707],[88.139,21.692],[88.128,21.683],[88.137,21.678],[88.149,21.681],[88.149,21.693],[88.157,21.703],[88.171,21.738],[88.165,21.765],[88.164,21.799],[88.167,21.812],[88.165,21.824],[88.156,21.834],[88.135,21.871],[88.133,21.873]]],[[[88.982,21.896],[88.974,21.894],[88.976,21.869],[88.971,21.863],[88.963,21.858],[88.952,21.846],[88.951,21.838],[88.956,21.83],[88.969,21.83],[88.979,21.821],[88.979,21.812],[88.972,21.804],[88.952,21.795],[88.951,21.787],[88.966,21.78],[88.979,21.787],[88.995,21.816],[89.004,21.818],[89.014,21.817],[89.023,21.823],[89.028,21.832],[89.027,21.843],[89.021,21.847],[89.024,21.854],[89.025,21.867],[89.016,21.874],[89.003,21.88],[88.982,21.896]]],[[[88.094,21.867],[88.102,21.881],[88.104,21.89],[88.092,21.894],[88.088,21.889],[88.088,21.873],[88.094,21.867]]],[[[88.19,21.834],[88.189,21.84],[88.178,21.853],[88.174,21.85],[88.18,21.839],[88.19,21.834]]],[[[88.52,21.828],[88.526,21.841],[88.519,21.852],[88.503,21.853],[88.495,21.842],[88.498,21.833],[88.504,21.827],[88.514,21.826],[88.52,21.828]]],[[[88.608,21.798],[88.612,21.801],[88.605,21.818],[88.615,21.827],[88.612,21.833],[88.602,21.835],[88.601,21.842],[88.589,21.849],[88.577,21.834],[88.575,21.825],[88.577,21.815],[88.584,21.811],[88.586,21.804],[88.595,21.799],[88.608,21.798]]],[[[88.632,21.87],[88.629,21.882],[88.619,21.897],[88.602,21.877],[88.597,21.865],[88.598,21.856],[88.617,21.837],[88.619,21.825],[88.614,21.813],[88.625,21.796],[88.641,21.789],[88.645,21.793],[88.644,21.811],[88.648,21.823],[88.65,21.853],[88.653,21.864],[88.652,21.87],[88.632,21.87]]],[[[88.943,21.915],[88.915,21.933],[88.902,21.924],[88.894,21.915],[88.876,21.914],[88.869,21.916],[88.851,21.915],[88.828,21.927],[88.821,21.928],[88.823,21.918],[88.838,21.909],[88.854,21.889],[88.861,21.87],[88.867,21.865],[88.864,21.859],[88.877,21.852],[88.882,21.842],[88.891,21.832],[88.887,21.829],[88.888,21.802],[88.9,21.788],[88.901,21.762],[88.908,21.757],[88.916,21.767],[88.93,21.771],[88.949,21.769],[88.951,21.776],[88.943,21.785],[88.942,21.794],[88.945,21.801],[88.953,21.805],[88.965,21.807],[88.971,21.816],[88.968,21.824],[88.953,21.825],[88.948,21.828],[88.943,21.839],[88.947,21.852],[88.959,21.866],[88.967,21.868],[88.969,21.883],[88.968,21.897],[88.972,21.904],[88.968,21.909],[88.959,21.907],[88.943,21.915]]],[[[88.838,21.878],[88.837,21.891],[88.833,21.897],[88.817,21.901],[88.806,21.878],[88.81,21.872],[88.819,21.874],[88.832,21.87],[88.838,21.878]]],[[[88.638,21.922],[88.626,21.906],[88.626,21.899],[88.632,21.886],[88.638,21.877],[88.652,21.878],[88.657,21.891],[88.666,21.901],[88.667,21.913],[88.65,21.921],[88.638,21.922]]],[[[88.555,21.818],[88.55,21.832],[88.557,21.852],[88.556,21.863],[88.552,21.873],[88.545,21.853],[88.534,21.846],[88.536,21.831],[88.549,21.819],[88.555,21.818]]],[[[88.49,21.848],[88.487,21.864],[88.484,21.868],[88.481,21.879],[88.475,21.89],[88.452,21.9],[88.444,21.907],[88.432,21.902],[88.42,21.901],[88.415,21.89],[88.4,21.878],[88.398,21.868],[88.401,21.863],[88.394,21.85],[88.393,21.827],[88.399,21.807],[88.409,21.812],[88.419,21.814],[88.43,21.803],[88.446,21.808],[88.447,21.817],[88.453,21.825],[88.465,21.831],[88.465,21.846],[88.483,21.84],[88.49,21.848]]],[[[88.573,21.877],[88.559,21.877],[88.557,21.873],[88.563,21.86],[88.563,21.85],[88.558,21.833],[88.565,21.834],[88.574,21.858],[88.571,21.867],[88.573,21.877]]],[[[88.573,21.885],[88.57,21.898],[88.562,21.894],[88.559,21.884],[88.573,21.885]]],[[[88.485,21.897],[88.49,21.901],[88.486,21.907],[88.477,21.9],[88.485,21.897]]],[[[88.737,21.923],[88.721,21.928],[88.717,21.917],[88.727,21.909],[88.739,21.902],[88.745,21.903],[88.754,21.892],[88.767,21.881],[88.778,21.877],[88.789,21.883],[88.796,21.879],[88.809,21.895],[88.811,21.905],[88.81,21.913],[88.803,21.916],[88.763,21.928],[88.748,21.927],[88.737,21.923]]],[[[88.111,21.901],[88.104,21.908],[88.095,21.901],[88.107,21.898],[88.111,21.901]]],[[[88.13,21.9],[88.14,21.911],[88.142,21.921],[88.122,21.933],[88.115,21.931],[88.11,21.923],[88.121,21.901],[88.13,21.9]]],[[[88.746,27.142],[88.735,27.135],[88.724,27.135],[88.717,27.141],[88.716,27.154],[88.707,27.166],[88.7,27.168],[88.682,27.177],[88.672,27.175],[88.657,27.16],[88.647,27.163],[88.637,27.162],[88.631,27.172],[88.622,27.179],[88.607,27.181],[88.597,27.188],[88.589,27.189],[88.541,27.182],[88.533,27.177],[88.527,27.166],[88.531,27.154],[88.529,27.148],[88.519,27.147],[88.514,27.14],[88.498,27.131],[88.496,27.122],[88.489,27.124],[88.475,27.121],[88.466,27.112],[88.464,27.101],[88.456,27.087],[88.445,27.083],[88.431,27.079],[88.413,27.086],[88.397,27.089],[88.382,27.094],[88.357,27.095],[88.342,27.11],[88.324,27.105],[88.317,27.126],[88.302,27.129],[88.295,27.126],[88.279,27.131],[88.243,27.12],[88.232,27.119],[88.222,27.124],[88.216,27.132],[88.205,27.133],[88.182,27.133],[88.174,27.129],[88.162,27.114],[88.154,27.11],[88.145,27.115],[88.137,27.116],[88.134,27.122],[88.121,27.124],[88.111,27.13],[88.096,27.133],[88.09,27.142],[88.087,27.165],[88.078,27.173],[88.074,27.193],[88.079,27.201],[88.065,27.213],[88.053,27.215],[88.04,27.221],[88.029,27.221],[88.015,27.212],[88.013,27.202],[88.015,27.19],[88.014,27.176],[88.02,27.171],[88.012,27.163],[88.009,27.141],[87.995,27.131],[87.991,27.122],[87.994,27.105],[88.007,27.102],[88.022,27.084],[88.017,27.076],[88.03,27.051],[88.04,27.035],[88.045,27.037],[88.061,27.03],[88.08,27.034],[88.089,27.013],[88.09,27.007],[88.102,27.001],[88.111,26.99],[88.133,26.982],[88.123,26.968],[88.121,26.95],[88.123,26.946],[88.138,26.932],[88.144,26.921],[88.145,26.913],[88.138,26.897],[88.145,26.889],[88.162,26.877],[88.171,26.867],[88.173,26.854],[88.166,26.85],[88.17,26.838],[88.174,26.833],[88.17,26.825],[88.18,26.815],[88.178,26.806],[88.182,26.784],[88.186,26.774],[88.186,26.738],[88.181,26.72],[88.167,26.699],[88.168,26.683],[88.164,26.679],[88.165,26.669],[88.163,26.646],[88.16,26.637],[88.155,26.631],[88.145,26.629],[88.141,26.623],[88.139,26.606],[88.13,26.601],[88.13,26.573],[88.118,26.575],[88.112,26.571],[88.111,26.561],[88.105,26.56],[88.105,26.551],[88.113,26.548],[88.135,26.523],[88.148,26.524],[88.167,26.536],[88.166,26.545],[88.171,26.554],[88.182,26.554],[88.189,26.56],[88.202,26.555],[88.216,26.553],[88.221,26.561],[88.214,26.567],[88.217,26.574],[88.233,26.571],[88.233,26.556],[88.237,26.552],[88.235,26.545],[88.213,26.533],[88.208,26.524],[88.196,26.521],[88.19,26.512],[88.182,26.508],[88.189,26.495],[88.194,26.495],[88.198,26.485],[88.214,26.483],[88.229,26.49],[88.226,26.48],[88.235,26.46],[88.242,26.457],[88.251,26.433],[88.263,26.429],[88.261,26.42],[88.254,26.409],[88.248,26.406],[88.244,26.399],[88.234,26.392],[88.24,26.38],[88.252,26.374],[88.266,26.38],[88.282,26.375],[88.288,26.358],[88.296,26.354],[88.286,26.347],[88.286,26.332],[88.281,26.327],[88.258,26.332],[88.256,26.332],[88.253,26.327],[88.25,26.311],[88.245,26.309],[88.241,26.301],[88.231,26.301],[88.232,26.292],[88.228,26.285],[88.216,26.279],[88.214,26.274],[88.205,26.278],[88.201,26.271],[88.185,26.271],[88.18,26.257],[88.167,26.253],[88.157,26.256],[88.155,26.251],[88.146,26.25],[88.138,26.241],[88.142,26.226],[88.123,26.226],[88.118,26.219],[88.106,26.214],[88.105,26.209],[88.092,26.202],[88.09,26.191],[88.078,26.187],[88.079,26.181],[88.073,26.175],[88.065,26.175],[88.06,26.171],[88.049,26.177],[88.035,26.179],[88.032,26.17],[88.019,26.16],[88.009,26.158],[88.014,26.149],[88.006,26.147],[87.998,26.14],[87.994,26.149],[87.987,26.143],[87.98,26.144],[87.979,26.131],[87.976,26.118],[87.988,26.113],[87.984,26.102],[87.965,26.096],[87.981,26.085],[87.985,26.078],[87.982,26.073],[87.973,26.076],[87.958,26.073],[87.951,26.066],[87.95,26.06],[87.935,26.064],[87.93,26.071],[87.931,26.082],[87.925,26.083],[87.919,26.077],[87.906,26.074],[87.901,26.065],[87.89,26.061],[87.893,26.053],[87.88,26.039],[87.873,26.041],[87.865,26.034],[87.855,26.035],[87.857,26.025],[87.851,25.998],[87.848,25.996],[87.846,25.982],[87.849,25.977],[87.845,25.962],[87.835,25.946],[87.841,25.941],[87.834,25.93],[87.821,25.936],[87.811,25.928],[87.815,25.909],[87.825,25.911],[87.822,25.9],[87.83,25.893],[87.825,25.888],[87.831,25.871],[87.864,25.868],[87.876,25.86],[87.886,25.86],[87.892,25.866],[87.903,25.86],[87.914,25.852],[87.909,25.845],[87.893,25.836],[87.89,25.829],[87.899,25.826],[87.907,25.82],[87.9,25.807],[87.905,25.803],[87.907,25.785],[87.91,25.781],[87.904,25.773],[87.924,25.777],[87.935,25.769],[87.945,25.77],[87.946,25.76],[87.95,25.758],[87.95,25.749],[87.968,25.734],[87.968,25.726],[87.984,25.721],[87.986,25.726],[88.001,25.722],[88.002,25.716],[88.013,25.711],[88.022,25.71],[88.021,25.696],[88.032,25.704],[88.042,25.701],[88.05,25.702],[88.055,25.692],[88.049,25.683],[88.05,25.667],[88.035,25.626],[88.041,25.621],[88.042,25.609],[88.031,25.607],[88.022,25.596],[88.024,25.583],[88.031,25.576],[88.021,25.572],[88.032,25.567],[88.031,25.554],[88.052,25.549],[88.054,25.541],[88.062,25.536],[88.065,25.523],[88.071,25.516],[88.073,25.484],[88.065,25.489],[88.046,25.488],[88.031,25.491],[88.018,25.503],[88.014,25.514],[88.002,25.513],[88.008,25.496],[87.997,25.5],[87.994,25.514],[87.987,25.518],[87.983,25.525],[87.97,25.529],[87.966,25.536],[87.953,25.538],[87.94,25.535],[87.926,25.539],[87.924,25.535],[87.909,25.519],[87.903,25.505],[87.889,25.519],[87.886,25.51],[87.874,25.505],[87.866,25.497],[87.864,25.476],[87.854,25.467],[87.839,25.468],[87.839,25.462],[87.831,25.462],[87.83,25.449],[87.827,25.448],[87.824,25.437],[87.814,25.435],[87.803,25.444],[87.787,25.449],[87.785,25.437],[87.777,25.424],[87.779,25.412],[87.768,25.402],[87.764,25.386],[87.767,25.381],[87.776,25.377],[87.79,25.377],[87.787,25.352],[87.784,25.34],[87.793,25.33],[87.808,25.328],[87.828,25.312],[87.846,25.305],[87.852,25.295],[87.851,25.28],[87.846,25.276],[87.845,25.263],[87.831,25.256],[87.83,25.249],[87.819,25.243],[87.814,25.247],[87.799,25.251],[87.789,25.258],[87.777,25.26],[87.764,25.265],[87.743,25.264],[87.711,25.258],[87.779,25.251],[87.778,25.235],[87.773,25.221],[87.773,25.206],[87.778,25.196],[87.781,25.18],[87.782,25.162],[87.779,25.144],[87.789,25.135],[87.801,25.115],[87.802,25.104],[87.795,25.09],[87.81,25.076],[87.835,25.059],[87.848,25.054],[87.877,25.034],[87.896,25.011],[87.911,25.002],[87.923,25.001],[87.94,24.991],[87.954,24.978],[87.958,24.97],[87.959,24.951],[87.962,24.938],[87.961,24.923],[87.952,24.908],[87.946,24.903],[87.924,24.89],[87.915,24.883],[87.897,24.861],[87.891,24.855],[87.9,24.844],[87.897,24.83],[87.886,24.823],[87.876,24.822],[87.875,24.807],[87.882,24.799],[87.879,24.79],[87.869,24.789],[87.869,24.775],[87.861,24.766],[87.852,24.762],[87.843,24.769],[87.84,24.777],[87.841,24.789],[87.832,24.787],[87.83,24.77],[87.823,24.77],[87.818,24.761],[87.819,24.754],[87.829,24.753],[87.837,24.746],[87.86,24.734],[87.875,24.733],[87.879,24.741],[87.885,24.74],[87.888,24.728],[87.898,24.723],[87.908,24.722],[87.898,24.689],[87.89,24.683],[87.891,24.675],[87.904,24.672],[87.917,24.666],[87.916,24.656],[87.911,24.652],[87.914,24.638],[87.906,24.631],[87.906,24.615],[87.911,24.61],[87.913,24.597],[87.908,24.585],[87.901,24.586],[87.893,24.581],[87.892,24.566],[87.869,24.564],[87.865,24.557],[87.854,24.559],[87.852,24.554],[87.841,24.559],[87.828,24.558],[87.826,24.569],[87.818,24.572],[87.812,24.579],[87.792,24.584],[87.772,24.584],[87.771,24.575],[87.788,24.572],[87.8,24.565],[87.809,24.547],[87.799,24.539],[87.799,24.526],[87.804,24.509],[87.812,24.508],[87.812,24.499],[87.817,24.49],[87.811,24.477],[87.823,24.47],[87.824,24.458],[87.803,24.454],[87.795,24.437],[87.789,24.415],[87.801,24.409],[87.806,24.42],[87.813,24.413],[87.802,24.4],[87.799,24.393],[87.801,24.382],[87.794,24.383],[87.787,24.364],[87.773,24.351],[87.771,24.345],[87.764,24.338],[87.761,24.308],[87.755,24.31],[87.747,24.298],[87.737,24.295],[87.729,24.288],[87.727,24.289],[87.713,24.294],[87.713,24.283],[87.709,24.28],[87.706,24.261],[87.7,24.263],[87.69,24.258],[87.689,24.253],[87.672,24.243],[87.662,24.245],[87.662,24.237],[87.653,24.239],[87.647,24.252],[87.636,24.242],[87.646,24.23],[87.639,24.214],[87.656,24.208],[87.674,24.208],[87.677,24.195],[87.686,24.19],[87.698,24.187],[87.702,24.175],[87.696,24.161],[87.694,24.149],[87.688,24.151],[87.684,24.143],[87.675,24.142],[87.674,24.142],[87.675,24.151],[87.657,24.159],[87.641,24.153],[87.631,24.164],[87.616,24.166],[87.606,24.161],[87.594,24.16],[87.582,24.162],[87.578,24.155],[87.61,24.133],[87.602,24.127],[87.585,24.124],[87.583,24.114],[87.575,24.112],[87.575,24.099],[87.581,24.089],[87.571,24.089],[87.559,24.081],[87.556,24.087],[87.547,24.085],[87.535,24.095],[87.53,24.107],[87.522,24.112],[87.511,24.111],[87.5,24.116],[87.496,24.112],[87.5,24.102],[87.491,24.089],[87.502,24.085],[87.502,24.076],[87.493,24.077],[87.49,24.071],[87.497,24.063],[87.493,24.054],[87.509,24.048],[87.512,24.038],[87.509,24.032],[87.497,24.025],[87.491,24.018],[87.476,24.012],[87.473,24.016],[87.461,24.013],[87.452,24.016],[87.445,24.007],[87.461,23.996],[87.46,23.984],[87.45,23.989],[87.44,23.982],[87.429,23.987],[87.427,23.993],[87.415,23.994],[87.397,24.001],[87.361,24.013],[87.351,23.999],[87.329,23.999],[87.319,24.008],[87.326,24.018],[87.336,24.021],[87.339,24.026],[87.337,24.034],[87.328,24.032],[87.316,24.035],[87.306,24.032],[87.292,24.033],[87.288,24.029],[87.267,24.038],[87.26,24.038],[87.248,24.045],[87.241,24.041],[87.234,24.032],[87.235,24.022],[87.246,24.016],[87.241,24.012],[87.248,23.999],[87.253,23.997],[87.263,24.004],[87.268,23.99],[87.262,23.981],[87.262,23.967],[87.271,23.967],[87.28,23.96],[87.292,23.959],[87.291,23.943],[87.285,23.939],[87.291,23.908],[87.295,23.901],[87.291,23.893],[87.282,23.886],[87.275,23.884],[87.269,23.874],[87.259,23.883],[87.261,23.886],[87.256,23.901],[87.259,23.906],[87.252,23.913],[87.244,23.903],[87.243,23.89],[87.245,23.882],[87.241,23.87],[87.246,23.869],[87.244,23.859],[87.256,23.844],[87.246,23.83],[87.241,23.826],[87.23,23.825],[87.217,23.83],[87.223,23.838],[87.223,23.846],[87.23,23.846],[87.238,23.855],[87.222,23.858],[87.214,23.851],[87.188,23.849],[87.195,23.856],[87.188,23.86],[87.181,23.853],[87.174,23.855],[87.165,23.865],[87.155,23.865],[87.134,23.87],[87.129,23.869],[87.13,23.854],[87.139,23.848],[87.154,23.829],[87.159,23.831],[87.167,23.825],[87.164,23.818],[87.152,23.799],[87.145,23.798],[87.14,23.804],[87.131,23.798],[87.12,23.798],[87.102,23.805],[87.096,23.814],[87.087,23.809],[87.053,23.823],[87.04,23.837],[87.027,23.843],[87.011,23.853],[86.986,23.86],[86.974,23.869],[86.966,23.865],[86.963,23.849],[86.947,23.846],[86.936,23.852],[86.931,23.871],[86.916,23.883],[86.894,23.877],[86.885,23.866],[86.889,23.859],[86.889,23.844],[86.894,23.835],[86.894,23.826],[86.88,23.829],[86.879,23.843],[86.875,23.848],[86.863,23.845],[86.861,23.834],[86.853,23.826],[86.841,23.824],[86.824,23.814],[86.813,23.82],[86.815,23.83],[86.806,23.838],[86.8,23.834],[86.809,23.819],[86.804,23.802],[86.809,23.799],[86.826,23.778],[86.828,23.753],[86.823,23.748],[86.812,23.745],[86.808,23.73],[86.808,23.724],[86.799,23.705],[86.805,23.696],[86.799,23.688],[86.789,23.688],[86.771,23.681],[86.745,23.68],[86.74,23.694],[86.718,23.699],[86.705,23.697],[86.683,23.688],[86.661,23.687],[86.634,23.677],[86.622,23.674],[86.598,23.674],[86.599,23.666],[86.578,23.653],[86.574,23.648],[86.553,23.64],[86.538,23.633],[86.527,23.63],[86.512,23.632],[86.491,23.638],[86.481,23.636],[86.47,23.63],[86.462,23.63],[86.457,23.623],[86.456,23.622],[86.446,23.618],[86.449,23.601],[86.439,23.599],[86.421,23.59],[86.415,23.577],[86.397,23.579],[86.388,23.574],[86.389,23.56],[86.382,23.557],[86.378,23.549],[86.367,23.54],[86.365,23.522],[86.375,23.512],[86.373,23.506],[86.364,23.502],[86.365,23.491],[86.368,23.483],[86.378,23.485],[86.379,23.474],[86.364,23.472],[86.358,23.463],[86.36,23.452],[86.355,23.45],[86.351,23.442],[86.345,23.441],[86.344,23.441],[86.337,23.44],[86.333,23.447],[86.32,23.443],[86.305,23.435],[86.306,23.43],[86.317,23.427],[86.317,23.416],[86.31,23.412],[86.301,23.413],[86.29,23.418],[86.289,23.43],[86.264,23.431],[86.252,23.427],[86.26,23.418],[86.259,23.413],[86.25,23.411],[86.245,23.414],[86.246,23.423],[86.235,23.421],[86.231,23.43],[86.237,23.445],[86.247,23.456],[86.246,23.46],[86.233,23.462],[86.229,23.443],[86.207,23.45],[86.18,23.461],[86.182,23.468],[86.159,23.468],[86.148,23.465],[86.151,23.482],[86.158,23.492],[86.16,23.508],[86.153,23.512],[86.149,23.525],[86.156,23.532],[86.158,23.541],[86.152,23.548],[86.159,23.559],[86.148,23.563],[86.131,23.563],[86.126,23.57],[86.12,23.566],[86.11,23.568],[86.099,23.567],[86.095,23.563],[86.074,23.569],[86.075,23.576],[86.054,23.584],[86.042,23.586],[86.041,23.576],[86.031,23.573],[86.025,23.562],[86.019,23.56],[86.017,23.548],[86.028,23.534],[86.04,23.515],[86.039,23.498],[86.056,23.495],[86.054,23.487],[86.032,23.483],[86.026,23.486],[85.978,23.477],[85.962,23.477],[85.95,23.471],[85.933,23.473],[85.92,23.478],[85.909,23.484],[85.876,23.481],[85.868,23.465],[85.861,23.439],[85.864,23.432],[85.885,23.43],[85.882,23.42],[85.89,23.409],[85.898,23.406],[85.903,23.399],[85.9,23.394],[85.891,23.397],[85.87,23.39],[85.878,23.382],[85.875,23.378],[85.876,23.358],[85.883,23.352],[85.874,23.343],[85.865,23.34],[85.868,23.329],[85.852,23.317],[85.847,23.309],[85.839,23.307],[85.831,23.287],[85.821,23.27],[85.823,23.259],[85.838,23.247],[85.836,23.239],[85.839,23.232],[85.836,23.222],[85.864,23.222],[85.883,23.196],[85.881,23.172],[85.882,23.168],[85.895,23.155],[85.911,23.153],[85.917,23.146],[85.927,23.147],[85.929,23.151],[85.951,23.152],[85.958,23.161],[85.975,23.156],[85.988,23.154],[85.997,23.15],[86.019,23.148],[86.024,23.145],[86.037,23.147],[86.055,23.124],[86.049,23.106],[86.075,23.095],[86.089,23.095],[86.09,23.09],[86.098,23.085],[86.119,23.085],[86.127,23.087],[86.138,23.077],[86.146,23.075],[86.142,23.057],[86.158,23.048],[86.156,23.033],[86.171,23.027],[86.18,23.02],[86.186,23.005],[86.207,23.008],[86.207,23],[86.224,22.995],[86.237,22.995],[86.265,23],[86.272,23.006],[86.293,23.014],[86.309,23.008],[86.31,23.004],[86.322,22.997],[86.338,22.991],[86.342,22.997],[86.364,23.001],[86.37,22.998],[86.371,22.998],[86.386,22.996],[86.389,22.987],[86.394,22.981],[86.401,22.982],[86.405,22.987],[86.426,22.997],[86.465,22.989],[86.47,22.992],[86.498,22.993],[86.521,22.971],[86.529,22.98],[86.548,22.989],[86.549,22.978],[86.545,22.97],[86.533,22.962],[86.525,22.947],[86.503,22.951],[86.5,22.945],[86.491,22.939],[86.478,22.946],[86.465,22.945],[86.463,22.937],[86.453,22.931],[86.443,22.931],[86.436,22.923],[86.447,22.908],[86.458,22.903],[86.466,22.903],[86.465,22.895],[86.453,22.886],[86.456,22.881],[86.452,22.873],[86.451,22.862],[86.438,22.863],[86.433,22.853],[86.436,22.843],[86.436,22.829],[86.422,22.811],[86.425,22.801],[86.419,22.791],[86.426,22.786],[86.432,22.775],[86.44,22.774],[86.451,22.764],[86.459,22.765],[86.47,22.754],[86.472,22.745],[86.482,22.732],[86.494,22.727],[86.503,22.717],[86.507,22.708],[86.513,22.718],[86.523,22.721],[86.535,22.718],[86.543,22.722],[86.553,22.717],[86.562,22.707],[86.584,22.692],[86.595,22.69],[86.619,22.679],[86.627,22.668],[86.635,22.666],[86.641,22.659],[86.638,22.652],[86.638,22.626],[86.633,22.611],[86.637,22.61],[86.638,22.598],[86.656,22.591],[86.653,22.582],[86.659,22.576],[86.679,22.575],[86.684,22.579],[86.71,22.583],[86.73,22.578],[86.757,22.579],[86.766,22.576],[86.767,22.559],[86.776,22.55],[86.786,22.55],[86.787,22.538],[86.795,22.517],[86.793,22.511],[86.802,22.502],[86.794,22.496],[86.801,22.488],[86.794,22.478],[86.784,22.48],[86.768,22.48],[86.751,22.483],[86.747,22.475],[86.751,22.465],[86.751,22.456],[86.761,22.45],[86.76,22.445],[86.765,22.427],[86.785,22.425],[86.792,22.422],[86.813,22.419],[86.831,22.411],[86.844,22.402],[86.846,22.391],[86.841,22.382],[86.843,22.373],[86.832,22.348],[86.831,22.335],[86.833,22.324],[86.84,22.319],[86.854,22.314],[86.866,22.308],[86.872,22.307],[86.876,22.301],[86.888,22.297],[86.89,22.285],[86.887,22.274],[86.887,22.258],[86.864,22.261],[86.859,22.258],[86.849,22.264],[86.83,22.264],[86.823,22.266],[86.82,22.254],[86.81,22.251],[86.803,22.244],[86.798,22.252],[86.801,22.266],[86.792,22.266],[86.794,22.244],[86.812,22.241],[86.809,22.236],[86.802,22.218],[86.792,22.222],[86.785,22.215],[86.778,22.218],[86.787,22.237],[86.778,22.237],[86.776,22.218],[86.771,22.221],[86.757,22.211],[86.745,22.216],[86.727,22.217],[86.721,22.201],[86.723,22.19],[86.718,22.182],[86.721,22.173],[86.72,22.165],[86.722,22.147],[86.739,22.149],[86.77,22.149],[86.789,22.153],[86.795,22.157],[86.804,22.15],[86.805,22.132],[86.813,22.127],[86.809,22.119],[86.82,22.115],[86.828,22.118],[86.837,22.104],[86.838,22.098],[86.846,22.096],[86.852,22.103],[86.862,22.102],[86.907,22.092],[86.938,22.09],[86.946,22.086],[86.96,22.088],[86.971,22.079],[86.972,22.073],[86.987,22.061],[86.993,22.055],[87.01,22.047],[87.017,22.047],[87.028,22.038],[87.023,22.021],[87.032,21.996],[87.03,21.984],[87.022,21.974],[87.018,21.961],[87.009,21.948],[87.002,21.913],[87.01,21.901],[87.023,21.893],[87.029,21.876],[87.04,21.867],[87.057,21.866],[87.074,21.867],[87.099,21.866],[87.096,21.882],[87.099,21.891],[87.091,21.899],[87.097,21.914],[87.109,21.923],[87.12,21.927],[87.137,21.924],[87.163,21.94],[87.161,21.953],[87.165,21.958],[87.163,21.969],[87.175,21.977],[87.177,21.97],[87.196,21.959],[87.211,21.965],[87.216,21.961],[87.236,21.957],[87.236,21.944],[87.255,21.927],[87.252,21.918],[87.243,21.913],[87.239,21.9],[87.252,21.875],[87.247,21.861],[87.249,21.854],[87.258,21.85],[87.265,21.839],[87.265,21.83],[87.271,21.828],[87.264,21.819],[87.275,21.817],[87.277,21.805],[87.286,21.804],[87.291,21.811],[87.298,21.811],[87.299,21.801],[87.31,21.799],[87.311,21.793],[87.33,21.79],[87.336,21.794],[87.338,21.784],[87.347,21.792],[87.355,21.791],[87.359,21.782],[87.367,21.781],[87.374,21.772],[87.387,21.776],[87.396,21.766],[87.407,21.769],[87.444,21.768],[87.444,21.753],[87.458,21.734],[87.464,21.732],[87.467,21.719],[87.473,21.713],[87.471,21.705],[87.473,21.697],[87.472,21.684],[87.467,21.679],[87.468,21.664],[87.462,21.663],[87.462,21.651],[87.473,21.652],[87.481,21.635],[87.486,21.631],[87.483,21.622],[87.486,21.61],[87.536,21.619],[87.551,21.625],[87.558,21.634],[87.563,21.628],[87.594,21.637],[87.628,21.644],[87.633,21.648],[87.636,21.66],[87.649,21.661],[87.648,21.649],[87.656,21.647],[87.668,21.649],[87.694,21.658],[87.742,21.681],[87.746,21.685],[87.747,21.694],[87.776,21.695],[87.79,21.7],[87.806,21.709],[87.836,21.732],[87.849,21.74],[87.866,21.758],[87.869,21.765],[87.878,21.771],[87.882,21.785],[87.878,21.801],[87.891,21.794],[87.9,21.794],[87.916,21.805],[87.949,21.824],[87.955,21.83],[87.963,21.845],[87.987,21.871],[87.995,21.89],[87.997,21.903],[88.007,21.917],[88.012,21.927],[88.02,21.957],[88.026,21.967],[88.045,21.995],[88.049,21.997],[88.044,22.013],[88.036,22.015],[88.023,22.035],[88.014,22.061],[88.009,22.066],[87.997,22.069],[87.993,22.076],[88.013,22.076],[88.02,22.072],[88.027,22.059],[88.03,22.05],[88.039,22.034],[88.047,22.026],[88.06,22.018],[88.08,22.022],[88.098,22.028],[88.14,22.062],[88.152,22.066],[88.167,22.078],[88.187,22.105],[88.186,22.117],[88.177,22.124],[88.166,22.139],[88.17,22.149],[88.156,22.165],[88.136,22.185],[88.115,22.19],[88.101,22.191],[88.073,22.185],[88.06,22.191],[88.054,22.198],[88.043,22.205],[88.017,22.207],[88.001,22.216],[87.99,22.225],[87.996,22.232],[87.995,22.246],[88.005,22.242],[88.017,22.227],[88.034,22.219],[88.046,22.224],[88.065,22.242],[88.068,22.256],[88.084,22.256],[88.084,22.24],[88.07,22.221],[88.067,22.21],[88.095,22.212],[88.103,22.215],[88.132,22.202],[88.177,22.191],[88.189,22.182],[88.196,22.171],[88.199,22.159],[88.205,22.149],[88.204,22.137],[88.219,22.103],[88.222,22.073],[88.213,22.038],[88.208,22.026],[88.188,21.995],[88.181,21.988],[88.164,21.976],[88.146,21.959],[88.148,21.953],[88.155,21.952],[88.165,21.943],[88.168,21.929],[88.169,21.912],[88.165,21.898],[88.164,21.884],[88.181,21.857],[88.192,21.848],[88.196,21.836],[88.196,21.826],[88.204,21.796],[88.212,21.783],[88.213,21.746],[88.21,21.725],[88.22,21.702],[88.205,21.69],[88.203,21.683],[88.224,21.675],[88.23,21.67],[88.236,21.645],[88.23,21.633],[88.22,21.622],[88.219,21.609],[88.222,21.601],[88.228,21.596],[88.232,21.58],[88.243,21.566],[88.257,21.557],[88.267,21.557],[88.284,21.564],[88.3,21.576],[88.302,21.586],[88.288,21.6],[88.286,21.611],[88.289,21.622],[88.296,21.64],[88.293,21.647],[88.301,21.661],[88.302,21.679],[88.289,21.691],[88.282,21.703],[88.276,21.721],[88.276,21.74],[88.281,21.757],[88.262,21.785],[88.256,21.801],[88.262,21.817],[88.273,21.824],[88.295,21.833],[88.304,21.843],[88.301,21.855],[88.287,21.857],[88.279,21.856],[88.254,21.86],[88.253,21.871],[88.27,21.899],[88.266,21.924],[88.27,21.942],[88.277,21.946],[88.27,21.923],[88.275,21.902],[88.268,21.882],[88.263,21.876],[88.261,21.865],[88.275,21.862],[88.292,21.864],[88.302,21.871],[88.306,21.86],[88.33,21.865],[88.342,21.865],[88.355,21.868],[88.364,21.882],[88.366,21.9],[88.365,21.908],[88.352,21.925],[88.347,21.935],[88.346,21.949],[88.353,21.956],[88.345,21.961],[88.347,21.972],[88.357,21.96],[88.357,21.954],[88.353,21.94],[88.368,21.918],[88.373,21.902],[88.366,21.884],[88.366,21.876],[88.357,21.856],[88.355,21.841],[88.356,21.827],[88.363,21.809],[88.363,21.804],[88.382,21.795],[88.386,21.809],[88.382,21.825],[88.379,21.844],[88.387,21.853],[88.385,21.871],[88.392,21.887],[88.383,21.89],[88.38,21.9],[88.395,21.921],[88.393,21.934],[88.386,21.954],[88.375,21.965],[88.399,21.984],[88.402,21.993],[88.388,22.004],[88.395,22.008],[88.404,22],[88.407,21.993],[88.407,21.983],[88.396,21.972],[88.386,21.969],[88.383,21.963],[88.393,21.953],[88.396,21.936],[88.402,21.922],[88.401,21.917],[88.389,21.904],[88.391,21.897],[88.403,21.892],[88.41,21.905],[88.426,21.911],[88.432,21.91],[88.445,21.917],[88.447,21.924],[88.443,21.95],[88.451,21.946],[88.46,21.959],[88.449,21.968],[88.446,21.976],[88.45,21.98],[88.462,21.963],[88.464,21.954],[88.454,21.945],[88.46,21.929],[88.457,21.904],[88.471,21.901],[88.484,21.912],[88.5,21.919],[88.505,21.925],[88.507,21.939],[88.495,21.961],[88.496,21.973],[88.509,21.987],[88.528,21.99],[88.539,21.986],[88.546,22.003],[88.55,22.02],[88.554,22.051],[88.558,22.047],[88.558,22.035],[88.556,22.014],[88.55,21.991],[88.541,21.982],[88.526,21.984],[88.51,21.981],[88.505,21.976],[88.502,21.963],[88.522,21.944],[88.525,21.927],[88.52,21.915],[88.507,21.903],[88.512,21.901],[88.5,21.889],[88.496,21.882],[88.498,21.875],[88.514,21.864],[88.52,21.856],[88.532,21.853],[88.539,21.859],[88.542,21.878],[88.548,21.888],[88.543,21.901],[88.546,21.905],[88.567,21.9],[88.576,21.908],[88.58,21.892],[88.594,21.896],[88.607,21.918],[88.601,21.938],[88.614,21.94],[88.603,21.957],[88.599,21.982],[88.601,21.99],[88.614,22.005],[88.617,22.014],[88.603,22.024],[88.608,22.029],[88.62,22.022],[88.637,22.044],[88.63,22.054],[88.628,22.083],[88.623,22.095],[88.608,22.102],[88.618,22.107],[88.623,22.119],[88.641,22.141],[88.643,22.148],[88.64,22.158],[88.642,22.166],[88.658,22.176],[88.665,22.193],[88.672,22.199],[88.672,22.207],[88.661,22.208],[88.631,22.215],[88.64,22.236],[88.649,22.248],[88.661,22.246],[88.659,22.237],[88.639,22.218],[88.655,22.213],[88.696,22.213],[88.698,22.207],[88.684,22.207],[88.683,22.196],[88.675,22.186],[88.656,22.169],[88.65,22.143],[88.641,22.125],[88.637,22.113],[88.638,22.1],[88.642,22.088],[88.656,22.071],[88.661,22.057],[88.659,22.045],[88.657,22.024],[88.645,22.005],[88.634,21.996],[88.631,21.965],[88.633,21.955],[88.652,21.951],[88.664,21.954],[88.681,21.945],[88.693,21.953],[88.696,21.963],[88.69,21.974],[88.699,21.978],[88.705,21.99],[88.719,22.002],[88.738,22.014],[88.74,22.025],[88.738,22.033],[88.729,22.041],[88.711,22.048],[88.699,22.055],[88.688,22.07],[88.689,22.087],[88.693,22.094],[88.722,22.114],[88.732,22.129],[88.735,22.14],[88.739,22.145],[88.753,22.148],[88.768,22.147],[88.774,22.143],[88.771,22.137],[88.76,22.132],[88.748,22.131],[88.741,22.119],[88.735,22.104],[88.725,22.093],[88.71,22.085],[88.704,22.08],[88.705,22.07],[88.719,22.064],[88.728,22.057],[88.741,22.053],[88.746,22.074],[88.75,22.082],[88.758,22.088],[88.773,22.095],[88.778,22.106],[88.784,22.103],[88.779,22.089],[88.767,22.083],[88.757,22.071],[88.751,22.059],[88.76,22.056],[88.756,22.047],[88.762,22.029],[88.762,22.016],[88.759,22.006],[88.747,21.992],[88.75,21.987],[88.76,21.997],[88.765,21.99],[88.782,21.989],[88.779,21.981],[88.758,21.984],[88.755,21.982],[88.757,21.961],[88.763,21.955],[88.777,21.953],[88.789,21.955],[88.792,21.948],[88.798,21.945],[88.826,21.941],[88.845,21.926],[88.859,21.922],[88.868,21.926],[88.87,21.932],[88.88,21.926],[88.884,21.929],[88.901,21.931],[88.907,21.95],[88.907,21.971],[88.901,21.977],[88.904,21.985],[88.903,21.997],[88.906,22.011],[88.899,22.015],[88.904,22.023],[88.902,22.041],[88.906,22.049],[88.89,22.054],[88.892,22.068],[88.896,22.074],[88.911,22.085],[88.904,22.064],[88.917,22.061],[88.925,22.052],[88.914,22.036],[88.913,22.028],[88.916,22.005],[88.916,21.991],[88.921,21.984],[88.929,21.991],[88.933,22.003],[88.932,22.015],[88.929,22.051],[88.93,22.063],[88.949,22.07],[88.964,22.077],[88.975,22.087],[88.982,22.11],[88.989,22.107],[88.983,22.084],[88.975,22.071],[88.968,22.065],[88.953,22.063],[88.937,22.055],[88.935,22.04],[88.936,22.024],[88.946,21.995],[88.943,21.985],[88.93,21.965],[88.93,21.949],[88.933,21.943],[88.942,21.933],[88.958,21.929],[88.964,21.933],[88.972,21.932],[88.972,21.923],[88.995,21.907],[89.008,21.903],[89.013,21.909],[89.014,21.921],[89.008,21.933],[88.988,21.945],[88.987,21.95],[88.995,21.962],[89,21.948],[89.008,21.945],[89.031,21.928],[89.037,21.928],[89.047,21.934],[89.058,21.937],[89.066,21.942],[89.069,21.949],[89.066,21.969],[89.072,22.002],[89.08,22.002],[89.079,22.015],[89.075,22.028],[89.055,22.047],[89.05,22.066],[89.042,22.092],[89.042,22.101],[89.051,22.115],[89.077,22.135],[89.085,22.139],[89.095,22.149],[89.096,22.16],[89.088,22.162],[89.079,22.152],[89.071,22.156],[89.068,22.17],[89.069,22.194],[89.065,22.207],[89.06,22.215],[89.045,22.225],[89.04,22.234],[89.033,22.259],[89.029,22.262],[89.017,22.255],[89.013,22.259],[89.021,22.268],[88.997,22.284],[88.996,22.294],[89.011,22.298],[89.023,22.294],[89.025,22.298],[89.012,22.314],[89,22.325],[88.99,22.323],[88.984,22.331],[88.988,22.349],[88.986,22.356],[88.991,22.366],[88.984,22.378],[88.992,22.391],[88.979,22.403],[88.973,22.411],[88.983,22.417],[88.989,22.423],[89.001,22.429],[88.99,22.443],[88.994,22.455],[88.996,22.472],[88.985,22.481],[88.973,22.501],[88.973,22.513],[88.966,22.541],[88.96,22.551],[88.947,22.556],[88.944,22.56],[88.945,22.571],[88.94,22.579],[88.939,22.587],[88.944,22.597],[88.959,22.611],[88.956,22.617],[88.942,22.623],[88.931,22.634],[88.926,22.65],[88.945,22.664],[88.948,22.678],[88.955,22.686],[88.961,22.685],[88.961,22.698],[88.927,22.719],[88.926,22.728],[88.918,22.732],[88.916,22.739],[88.922,22.753],[88.912,22.758],[88.917,22.769],[88.926,22.77],[88.925,22.78],[88.936,22.782],[88.936,22.79],[88.944,22.79],[88.95,22.797],[88.959,22.796],[88.961,22.807],[88.956,22.812],[88.964,22.82],[88.965,22.83],[88.97,22.844],[88.954,22.867],[88.95,22.876],[88.943,22.88],[88.939,22.874],[88.928,22.872],[88.91,22.88],[88.905,22.895],[88.898,22.896],[88.902,22.905],[88.898,22.913],[88.907,22.914],[88.907,22.922],[88.891,22.929],[88.894,22.938],[88.894,22.953],[88.879,22.955],[88.874,22.949],[88.868,22.952],[88.86,22.944],[88.856,22.962],[88.859,22.97],[88.871,22.976],[88.867,22.983],[88.864,23.003],[88.851,23.003],[88.849,23.008],[88.87,23.007],[88.873,23.011],[88.871,23.019],[88.879,23.025],[88.883,23.041],[88.874,23.045],[88.873,23.066],[88.868,23.068],[88.865,23.079],[88.866,23.086],[88.874,23.09],[88.869,23.1],[88.891,23.108],[88.897,23.112],[88.91,23.13],[88.917,23.129],[88.919,23.14],[88.932,23.147],[88.931,23.159],[88.935,23.172],[88.946,23.18],[88.957,23.183],[88.962,23.192],[88.979,23.193],[88.986,23.203],[88.98,23.209],[88.983,23.221],[88.976,23.224],[88.964,23.214],[88.942,23.206],[88.929,23.211],[88.916,23.223],[88.912,23.234],[88.904,23.235],[88.899,23.231],[88.88,23.23],[88.874,23.233],[88.853,23.235],[88.845,23.23],[88.834,23.24],[88.826,23.233],[88.822,23.237],[88.828,23.245],[88.809,23.253],[88.806,23.239],[88.811,23.222],[88.807,23.219],[88.778,23.221],[88.774,23.224],[88.777,23.234],[88.767,23.245],[88.752,23.24],[88.745,23.245],[88.734,23.248],[88.719,23.255],[88.723,23.273],[88.711,23.278],[88.71,23.289],[88.696,23.293],[88.696,23.303],[88.705,23.309],[88.727,23.301],[88.73,23.309],[88.739,23.305],[88.745,23.308],[88.749,23.321],[88.742,23.328],[88.733,23.327],[88.738,23.346],[88.745,23.348],[88.744,23.355],[88.751,23.362],[88.761,23.361],[88.766,23.369],[88.759,23.377],[88.76,23.384],[88.752,23.39],[88.75,23.401],[88.761,23.408],[88.754,23.414],[88.761,23.426],[88.765,23.448],[88.778,23.441],[88.793,23.444],[88.787,23.469],[88.794,23.481],[88.799,23.482],[88.798,23.499],[88.793,23.502],[88.773,23.498],[88.766,23.481],[88.762,23.489],[88.753,23.478],[88.743,23.483],[88.74,23.488],[88.729,23.497],[88.731,23.502],[88.724,23.512],[88.714,23.509],[88.704,23.517],[88.695,23.519],[88.696,23.525],[88.686,23.533],[88.686,23.538],[88.674,23.549],[88.667,23.545],[88.654,23.556],[88.656,23.563],[88.649,23.581],[88.651,23.586],[88.638,23.597],[88.644,23.606],[88.638,23.61],[88.624,23.606],[88.618,23.602],[88.602,23.606],[88.595,23.602],[88.584,23.604],[88.581,23.609],[88.593,23.617],[88.594,23.64],[88.562,23.636],[88.563,23.645],[88.558,23.65],[88.563,23.657],[88.57,23.661],[88.575,23.676],[88.568,23.689],[88.565,23.712],[88.568,23.714],[88.572,23.747],[88.581,23.76],[88.579,23.775],[88.572,23.782],[88.591,23.797],[88.593,23.806],[88.602,23.817],[88.599,23.823],[88.587,23.831],[88.587,23.843],[88.592,23.851],[88.583,23.855],[88.582,23.862],[88.587,23.871],[88.599,23.869],[88.609,23.863],[88.609,23.873],[88.62,23.876],[88.628,23.865],[88.637,23.871],[88.653,23.867],[88.667,23.871],[88.664,23.882],[88.675,23.884],[88.684,23.89],[88.688,23.901],[88.7,23.899],[88.699,23.908],[88.706,23.916],[88.735,23.915],[88.733,23.923],[88.735,23.933],[88.74,23.938],[88.737,23.954],[88.735,23.956],[88.736,23.977],[88.741,23.984],[88.75,23.985],[88.769,23.983],[88.763,23.996],[88.762,24.004],[88.751,24.007],[88.741,24.003],[88.737,23.996],[88.728,23.998],[88.735,24.022],[88.743,24.035],[88.738,24.038],[88.739,24.046],[88.733,24.051],[88.723,24.07],[88.729,24.091],[88.727,24.103],[88.715,24.103],[88.704,24.095],[88.701,24.097],[88.701,24.11],[88.697,24.119],[88.711,24.122],[88.747,24.148],[88.74,24.164],[88.732,24.172],[88.732,24.178],[88.735,24.208],[88.735,24.224],[88.741,24.254],[88.737,24.261],[88.737,24.27],[88.726,24.296],[88.702,24.313],[88.683,24.324],[88.677,24.32],[88.662,24.306],[88.652,24.3],[88.648,24.311],[88.628,24.306],[88.623,24.315],[88.606,24.315],[88.606,24.31],[88.588,24.315],[88.586,24.324],[88.567,24.326],[88.559,24.308],[88.548,24.313],[88.529,24.314],[88.506,24.323],[88.495,24.33],[88.485,24.342],[88.481,24.352],[88.473,24.355],[88.441,24.372],[88.424,24.374],[88.399,24.39],[88.383,24.396],[88.364,24.41],[88.342,24.438],[88.328,24.446],[88.315,24.447],[88.275,24.46],[88.243,24.461],[88.234,24.466],[88.219,24.469],[88.208,24.476],[88.192,24.475],[88.186,24.487],[88.172,24.494],[88.142,24.506],[88.124,24.517],[88.106,24.557],[88.11,24.561],[88.11,24.574],[88.107,24.581],[88.096,24.595],[88.09,24.614],[88.077,24.631],[88.071,24.637],[88.059,24.642],[88.051,24.653],[88.054,24.662],[88.049,24.671],[88.024,24.688],[88.041,24.705],[88.062,24.722],[88.071,24.744],[88.065,24.751],[88.073,24.761],[88.068,24.764],[88.071,24.773],[88.077,24.771],[88.088,24.783],[88.105,24.78],[88.104,24.801],[88.111,24.814],[88.122,24.823],[88.13,24.806],[88.135,24.805],[88.134,24.829],[88.141,24.835],[88.141,24.842],[88.146,24.85],[88.163,24.851],[88.165,24.864],[88.158,24.872],[88.163,24.877],[88.152,24.885],[88.168,24.893],[88.155,24.898],[88.153,24.906],[88.139,24.917],[88.137,24.936],[88.157,24.934],[88.17,24.95],[88.175,24.946],[88.183,24.953],[88.19,24.952],[88.2,24.957],[88.222,24.96],[88.228,24.958],[88.235,24.947],[88.252,24.933],[88.263,24.911],[88.263,24.892],[88.258,24.88],[88.267,24.879],[88.268,24.891],[88.274,24.896],[88.279,24.889],[88.297,24.887],[88.301,24.873],[88.312,24.883],[88.321,24.884],[88.322,24.876],[88.331,24.872],[88.342,24.885],[88.346,24.894],[88.343,24.9],[88.327,24.905],[88.324,24.917],[88.335,24.919],[88.334,24.926],[88.341,24.936],[88.341,24.942],[88.36,24.949],[88.38,24.94],[88.394,24.942],[88.401,24.951],[88.393,24.961],[88.399,24.973],[88.417,24.975],[88.412,24.983],[88.412,24.991],[88.427,25.013],[88.434,25.007],[88.44,25.015],[88.448,25.041],[88.44,25.042],[88.435,25.056],[88.443,25.062],[88.444,25.069],[88.453,25.079],[88.448,25.083],[88.445,25.103],[88.448,25.111],[88.442,25.115],[88.442,25.127],[88.448,25.128],[88.46,25.14],[88.459,25.16],[88.449,25.171],[88.443,25.173],[88.444,25.198],[88.461,25.195],[88.468,25.198],[88.474,25.209],[88.484,25.213],[88.499,25.211],[88.499,25.204],[88.513,25.203],[88.532,25.198],[88.532,25.188],[88.54,25.189],[88.547,25.195],[88.559,25.191],[88.555,25.179],[88.559,25.175],[88.578,25.177],[88.592,25.189],[88.619,25.205],[88.632,25.202],[88.647,25.205],[88.674,25.2],[88.68,25.209],[88.715,25.207],[88.718,25.202],[88.734,25.198],[88.735,25.184],[88.742,25.186],[88.753,25.178],[88.759,25.185],[88.799,25.17],[88.814,25.174],[88.816,25.185],[88.827,25.191],[88.831,25.205],[88.838,25.21],[88.849,25.209],[88.85,25.201],[88.865,25.2],[88.865,25.19],[88.872,25.191],[88.876,25.178],[88.89,25.178],[88.89,25.184],[88.913,25.176],[88.912,25.167],[88.922,25.166],[88.935,25.18],[88.944,25.173],[88.95,25.18],[88.947,25.193],[88.939,25.193],[88.935,25.199],[88.944,25.206],[88.955,25.206],[88.958,25.212],[88.958,25.223],[88.952,25.229],[88.955,25.237],[88.951,25.244],[88.956,25.254],[88.963,25.255],[88.98,25.263],[88.987,25.274],[88.998,25.268],[89.005,25.268],[89.009,25.294],[88.991,25.296],[88.976,25.305],[88.972,25.3],[88.96,25.305],[88.944,25.3],[88.928,25.304],[88.929,25.311],[88.916,25.311],[88.907,25.326],[88.906,25.337],[88.888,25.336],[88.884,25.325],[88.866,25.342],[88.869,25.352],[88.855,25.355],[88.854,25.363],[88.84,25.363],[88.837,25.391],[88.841,25.394],[88.837,25.402],[88.824,25.401],[88.823,25.409],[88.835,25.428],[88.833,25.436],[88.826,25.44],[88.829,25.449],[88.838,25.453],[88.835,25.464],[88.837,25.471],[88.83,25.49],[88.813,25.488],[88.809,25.499],[88.808,25.513],[88.811,25.523],[88.8,25.524],[88.779,25.516],[88.76,25.525],[88.76,25.511],[88.771,25.502],[88.761,25.492],[88.746,25.492],[88.743,25.505],[88.728,25.503],[88.721,25.5],[88.708,25.5],[88.71,25.481],[88.7,25.471],[88.688,25.476],[88.664,25.474],[88.661,25.481],[88.646,25.479],[88.642,25.5],[88.622,25.497],[88.609,25.516],[88.603,25.516],[88.595,25.506],[88.591,25.509],[88.573,25.509],[88.568,25.514],[88.556,25.514],[88.552,25.52],[88.544,25.509],[88.538,25.521],[88.54,25.529],[88.525,25.537],[88.52,25.544],[88.509,25.545],[88.5,25.55],[88.493,25.562],[88.498,25.574],[88.499,25.584],[88.483,25.587],[88.472,25.585],[88.459,25.593],[88.45,25.605],[88.446,25.615],[88.449,25.622],[88.456,25.627],[88.457,25.64],[88.455,25.663],[88.439,25.668],[88.404,25.671],[88.405,25.681],[88.401,25.685],[88.392,25.683],[88.392,25.693],[88.371,25.699],[88.375,25.715],[88.357,25.721],[88.358,25.726],[88.344,25.729],[88.338,25.737],[88.328,25.739],[88.321,25.745],[88.316,25.753],[88.299,25.761],[88.289,25.768],[88.291,25.774],[88.269,25.781],[88.272,25.794],[88.269,25.808],[88.259,25.812],[88.24,25.811],[88.23,25.803],[88.232,25.797],[88.212,25.798],[88.21,25.788],[88.2,25.791],[88.193,25.803],[88.186,25.802],[88.177,25.794],[88.173,25.787],[88.165,25.789],[88.152,25.776],[88.143,25.783],[88.144,25.794],[88.138,25.798],[88.125,25.797],[88.116,25.804],[88.12,25.813],[88.108,25.817],[88.111,25.822],[88.102,25.828],[88.108,25.839],[88.103,25.84],[88.113,25.855],[88.11,25.868],[88.094,25.874],[88.102,25.89],[88.089,25.898],[88.095,25.909],[88.087,25.917],[88.097,25.934],[88.11,25.933],[88.112,25.944],[88.121,25.95],[88.114,25.959],[88.124,25.967],[88.13,25.988],[88.129,25.996],[88.138,25.997],[88.15,26.019],[88.156,26.021],[88.177,26.021],[88.181,26.03],[88.171,26.032],[88.174,26.04],[88.168,26.045],[88.177,26.052],[88.185,26.064],[88.182,26.073],[88.173,26.076],[88.164,26.086],[88.158,26.097],[88.164,26.109],[88.174,26.113],[88.174,26.128],[88.179,26.14],[88.177,26.148],[88.195,26.16],[88.205,26.159],[88.232,26.174],[88.233,26.181],[88.242,26.19],[88.269,26.187],[88.274,26.188],[88.285,26.2],[88.292,26.203],[88.305,26.202],[88.319,26.204],[88.33,26.217],[88.351,26.222],[88.352,26.231],[88.357,26.244],[88.347,26.253],[88.35,26.264],[88.346,26.268],[88.348,26.282],[88.357,26.288],[88.362,26.298],[88.37,26.306],[88.382,26.31],[88.384,26.314],[88.402,26.318],[88.412,26.318],[88.403,26.329],[88.412,26.338],[88.419,26.335],[88.433,26.335],[88.438,26.34],[88.439,26.351],[88.444,26.361],[88.456,26.367],[88.462,26.358],[88.477,26.357],[88.479,26.351],[88.488,26.35],[88.489,26.36],[88.502,26.36],[88.509,26.353],[88.517,26.352],[88.516,26.371],[88.512,26.377],[88.514,26.387],[88.504,26.398],[88.509,26.407],[88.499,26.409],[88.5,26.415],[88.493,26.421],[88.498,26.427],[88.496,26.438],[88.48,26.452],[88.484,26.461],[88.461,26.467],[88.436,26.466],[88.426,26.473],[88.415,26.47],[88.404,26.481],[88.4,26.483],[88.388,26.48],[88.385,26.484],[88.375,26.485],[88.373,26.489],[88.36,26.483],[88.364,26.473],[88.36,26.467],[88.36,26.454],[88.353,26.451],[88.346,26.469],[88.34,26.469],[88.341,26.478],[88.331,26.486],[88.331,26.492],[88.338,26.503],[88.349,26.512],[88.351,26.525],[88.357,26.533],[88.357,26.546],[88.369,26.562],[88.369,26.574],[88.372,26.58],[88.376,26.595],[88.391,26.603],[88.387,26.612],[88.397,26.618],[88.398,26.626],[88.41,26.631],[88.415,26.629],[88.413,26.62],[88.421,26.582],[88.42,26.567],[88.43,26.546],[88.441,26.541],[88.442,26.536],[88.454,26.533],[88.462,26.541],[88.475,26.542],[88.483,26.539],[88.481,26.533],[88.489,26.53],[88.489,26.509],[88.499,26.51],[88.52,26.508],[88.519,26.496],[88.53,26.478],[88.556,26.483],[88.553,26.475],[88.562,26.464],[88.564,26.455],[88.578,26.456],[88.59,26.449],[88.596,26.452],[88.597,26.47],[88.604,26.471],[88.621,26.469],[88.623,26.452],[88.628,26.439],[88.622,26.432],[88.636,26.427],[88.649,26.426],[88.653,26.412],[88.66,26.413],[88.663,26.407],[88.684,26.403],[88.678,26.39],[88.691,26.384],[88.686,26.375],[88.691,26.354],[88.697,26.351],[88.695,26.344],[88.699,26.331],[88.709,26.334],[88.712,26.341],[88.723,26.341],[88.727,26.346],[88.743,26.347],[88.739,26.327],[88.745,26.32],[88.73,26.322],[88.723,26.312],[88.716,26.316],[88.703,26.311],[88.69,26.312],[88.687,26.319],[88.674,26.315],[88.677,26.298],[88.683,26.291],[88.698,26.285],[88.692,26.279],[88.686,26.282],[88.679,26.291],[88.666,26.292],[88.664,26.281],[88.668,26.26],[88.677,26.255],[88.689,26.266],[88.69,26.271],[88.7,26.277],[88.72,26.282],[88.725,26.286],[88.738,26.288],[88.744,26.307],[88.755,26.308],[88.763,26.299],[88.781,26.303],[88.793,26.31],[88.802,26.307],[88.813,26.297],[88.81,26.274],[88.815,26.269],[88.813,26.256],[88.823,26.253],[88.828,26.24],[88.839,26.238],[88.839,26.232],[88.854,26.235],[88.86,26.232],[88.871,26.234],[88.872,26.241],[88.868,26.249],[88.861,26.252],[88.861,26.263],[88.866,26.279],[88.876,26.287],[88.899,26.289],[88.917,26.288],[88.926,26.284],[88.935,26.267],[88.94,26.263],[88.953,26.242],[88.965,26.239],[88.979,26.245],[88.968,26.254],[88.954,26.257],[88.953,26.265],[88.965,26.262],[88.982,26.245],[89.016,26.245],[89.023,26.242],[89.027,26.248],[89.045,26.241],[89.052,26.256],[89.063,26.26],[89.063,26.282],[89.061,26.291],[89.052,26.296],[89.045,26.295],[89.044,26.277],[89.032,26.286],[89.02,26.29],[89.026,26.307],[89.022,26.309],[89.013,26.298],[89.004,26.304],[88.998,26.3],[88.985,26.301],[88.983,26.31],[88.987,26.317],[88.994,26.32],[89.001,26.33],[88.987,26.332],[88.975,26.351],[88.962,26.346],[88.96,26.33],[88.952,26.334],[88.952,26.342],[88.946,26.344],[88.952,26.355],[88.958,26.358],[88.95,26.367],[88.943,26.358],[88.931,26.36],[88.927,26.365],[88.914,26.365],[88.911,26.37],[88.919,26.395],[88.915,26.409],[88.926,26.407],[88.923,26.424],[88.926,26.432],[88.934,26.432],[88.944,26.426],[88.951,26.434],[88.949,26.443],[88.957,26.459],[88.966,26.458],[88.971,26.452],[88.983,26.447],[88.979,26.437],[88.983,26.431],[88.983,26.421],[88.993,26.419],[89.006,26.421],[89.007,26.413],[89.018,26.415],[89.038,26.4],[89.071,26.399],[89.09,26.392],[89.089,26.366],[89.096,26.36],[89.095,26.352],[89.1,26.337],[89.092,26.33],[89.094,26.326],[89.126,26.317],[89.118,26.311],[89.13,26.304],[89.125,26.294],[89.117,26.295],[89.109,26.305],[89.104,26.297],[89.102,26.283],[89.105,26.276],[89.125,26.264],[89.12,26.253],[89.132,26.246],[89.132,26.24],[89.141,26.236],[89.14,26.229],[89.143,26.214],[89.149,26.21],[89.14,26.2],[89.136,26.188],[89.141,26.169],[89.149,26.17],[89.149,26.16],[89.154,26.141],[89.17,26.13],[89.185,26.129],[89.192,26.124],[89.204,26.129],[89.211,26.124],[89.22,26.127],[89.241,26.106],[89.25,26.103],[89.252,26.093],[89.266,26.093],[89.257,26.08],[89.254,26.065],[89.274,26.061],[89.283,26.065],[89.279,26.049],[89.295,26.046],[89.298,26.05],[89.316,26.037],[89.322,26.039],[89.335,26.028],[89.336,26.021],[89.349,26.011],[89.357,26.008],[89.371,26.009],[89.374,26.012],[89.394,26.008],[89.394,26.023],[89.403,26.027],[89.405,26.034],[89.411,26.041],[89.426,26.044],[89.433,26.038],[89.434,26.031],[89.428,26.021],[89.428,26.012],[89.446,26.008],[89.463,25.998],[89.48,25.996],[89.493,26.005],[89.509,26.002],[89.521,26.008],[89.532,26.004],[89.541,26.006],[89.549,25.997],[89.539,25.994],[89.537,25.985],[89.543,25.983],[89.54,25.97],[89.559,25.965],[89.568,25.969],[89.577,25.968],[89.579,25.978],[89.588,25.98],[89.584,25.989],[89.585,25.999],[89.579,26.007],[89.581,26.012],[89.579,26.026],[89.583,26.033],[89.595,26.035],[89.599,26.044],[89.613,26.053],[89.622,26.054],[89.628,26.061],[89.646,26.063],[89.648,26.068],[89.638,26.074],[89.633,26.084],[89.639,26.091],[89.629,26.107],[89.617,26.096],[89.604,26.094],[89.597,26.097],[89.601,26.107],[89.616,26.107],[89.629,26.115],[89.629,26.125],[89.616,26.121],[89.598,26.132],[89.595,26.14],[89.598,26.154],[89.609,26.161],[89.613,26.178],[89.637,26.179],[89.638,26.168],[89.646,26.164],[89.659,26.176],[89.644,26.183],[89.639,26.179],[89.629,26.182],[89.627,26.189],[89.636,26.194],[89.638,26.187],[89.645,26.185],[89.646,26.195],[89.639,26.199],[89.635,26.215],[89.635,26.223],[89.646,26.225],[89.656,26.219],[89.672,26.22],[89.672,26.229],[89.682,26.227],[89.679,26.219],[89.681,26.21],[89.673,26.206],[89.675,26.198],[89.682,26.192],[89.687,26.181],[89.698,26.169],[89.684,26.169],[89.685,26.161],[89.695,26.159],[89.701,26.151],[89.708,26.154],[89.713,26.167],[89.72,26.166],[89.727,26.167],[89.723,26.177],[89.714,26.172],[89.703,26.177],[89.7,26.188],[89.713,26.187],[89.719,26.192],[89.718,26.206],[89.727,26.205],[89.734,26.21],[89.726,26.218],[89.713,26.212],[89.714,26.229],[89.726,26.232],[89.732,26.24],[89.717,26.247],[89.718,26.256],[89.703,26.257],[89.705,26.269],[89.715,26.27],[89.713,26.262],[89.72,26.257],[89.731,26.258],[89.738,26.269],[89.736,26.275],[89.718,26.296],[89.722,26.299],[89.734,26.293],[89.743,26.295],[89.751,26.289],[89.76,26.292],[89.754,26.302],[89.75,26.32],[89.759,26.317],[89.783,26.333],[89.779,26.346],[89.781,26.353],[89.792,26.36],[89.798,26.36],[89.813,26.372],[89.82,26.368],[89.811,26.358],[89.818,26.352],[89.824,26.356],[89.821,26.365],[89.827,26.371],[89.825,26.382],[89.833,26.385],[89.856,26.385],[89.855,26.397],[89.846,26.405],[89.838,26.391],[89.828,26.395],[89.829,26.404],[89.839,26.412],[89.856,26.414],[89.848,26.422],[89.854,26.426],[89.854,26.434],[89.861,26.447],[89.869,26.452],[89.87,26.464],[89.862,26.469],[89.857,26.485],[89.85,26.491],[89.854,26.5],[89.852,26.523],[89.859,26.533],[89.857,26.542],[89.862,26.555],[89.858,26.576],[89.874,26.585],[89.866,26.589],[89.87,26.602],[89.87,26.614],[89.855,26.615],[89.85,26.628],[89.857,26.634],[89.865,26.649],[89.859,26.655],[89.863,26.665],[89.863,26.681],[89.852,26.697],[89.849,26.699],[89.799,26.708],[89.764,26.699],[89.759,26.701],[89.748,26.719],[89.75,26.724],[89.743,26.733],[89.734,26.726],[89.715,26.72],[89.708,26.727],[89.698,26.729],[89.691,26.734],[89.677,26.731],[89.668,26.737],[89.653,26.718],[89.641,26.718],[89.628,26.722],[89.624,26.717],[89.616,26.718],[89.609,26.728],[89.615,26.738],[89.636,26.751],[89.634,26.76],[89.643,26.767],[89.64,26.777],[89.621,26.782],[89.611,26.778],[89.606,26.784],[89.589,26.787],[89.586,26.79],[89.558,26.797],[89.548,26.813],[89.539,26.808],[89.502,26.811],[89.487,26.799],[89.464,26.8],[89.454,26.798],[89.44,26.812],[89.438,26.826],[89.429,26.835],[89.414,26.83],[89.405,26.835],[89.382,26.836],[89.375,26.854],[89.37,26.857],[89.325,26.837],[89.316,26.844],[89.307,26.838],[89.297,26.835],[89.286,26.828],[89.27,26.822],[89.256,26.808],[89.236,26.813],[89.225,26.814],[89.187,26.807],[89.172,26.815],[89.163,26.814],[89.129,26.807],[89.118,26.819],[89.107,26.824],[89.094,26.839],[89.098,26.858],[89.085,26.869],[89.089,26.889],[89.073,26.894],[89.059,26.902],[89.044,26.902],[89.042,26.916],[89.022,26.923],[89.018,26.937],[89.01,26.935],[89.001,26.928],[88.987,26.923],[88.975,26.913],[88.941,26.931],[88.943,26.94],[88.951,26.954],[88.948,26.967],[88.917,26.998],[88.908,26.987],[88.896,26.969],[88.881,26.957],[88.879,26.949],[88.87,26.945],[88.871,26.964],[88.867,26.971],[88.869,26.979],[88.867,26.993],[88.869,27.002],[88.872,27.027],[88.877,27.037],[88.873,27.041],[88.876,27.065],[88.872,27.069],[88.871,27.09],[88.864,27.11],[88.846,27.108],[88.835,27.116],[88.814,27.122],[88.798,27.139],[88.778,27.134],[88.746,27.142]]]]},"properties":{"ST_NM":"West Bengal","id":"west-bengal"}},{"type":"Feature","geometry":{"type":"Polygon","coordinates":[[[84.765,19.077],[84.751,19.083],[84.744,19.09],[84.706,19.117],[84.701,19.118],[84.696,19.127],[84.713,19.154],[84.709,19.16],[84.691,19.162],[84.682,19.161],[84.679,19.166],[84.669,19.167],[84.668,19.139],[84.665,19.133],[84.653,19.13],[84.642,19.135],[84.629,19.128],[84.606,19.13],[84.601,19.128],[84.607,19.102],[84.623,19.1],[84.622,19.089],[84.627,19.086],[84.646,19.097],[84.661,19.089],[84.661,19.075],[84.658,19.064],[84.652,19.068],[84.64,19.068],[84.635,19.061],[84.626,19.067],[84.616,19.067],[84.619,19.057],[84.611,19.057],[84.61,19.051],[84.6,19.033],[84.599,19.026],[84.592,19.023],[84.58,19.031],[84.576,19.045],[84.579,19.054],[84.575,19.069],[84.567,19.071],[84.554,19.058],[84.541,19.056],[84.523,19.048],[84.514,19.049],[84.51,19.041],[84.501,19.034],[84.495,19.032],[84.486,19.02],[84.481,19.017],[84.481,19.006],[84.476,18.992],[84.468,18.993],[84.448,19.004],[84.439,19.005],[84.43,19.014],[84.43,18.996],[84.441,18.993],[84.442,18.986],[84.45,18.979],[84.443,18.974],[84.429,18.97],[84.43,18.96],[84.422,18.948],[84.429,18.937],[84.435,18.934],[84.437,18.924],[84.429,18.918],[84.427,18.911],[84.42,18.907],[84.416,18.898],[84.398,18.897],[84.391,18.906],[84.383,18.902],[84.394,18.894],[84.396,18.885],[84.39,18.88],[84.384,18.887],[84.379,18.883],[84.372,18.888],[84.364,18.887],[84.377,18.873],[84.375,18.866],[84.36,18.862],[84.354,18.87],[84.337,18.89],[84.326,18.876],[84.333,18.86],[84.345,18.849],[84.363,18.84],[84.358,18.833],[84.351,18.833],[84.348,18.821],[84.333,18.821],[84.332,18.816],[84.34,18.809],[84.335,18.799],[84.326,18.801],[84.319,18.788],[84.303,18.799],[84.287,18.805],[84.284,18.793],[84.266,18.785],[84.258,18.784],[84.251,18.789],[84.241,18.79],[84.239,18.798],[84.224,18.8],[84.211,18.791],[84.193,18.793],[84.191,18.783],[84.174,18.781],[84.167,18.789],[84.138,18.778],[84.136,18.763],[84.13,18.762],[84.12,18.769],[84.112,18.768],[84.101,18.761],[84.092,18.76],[84.083,18.767],[84.076,18.768],[84.074,18.776],[84.057,18.789],[84.059,18.8],[84.049,18.8],[84.042,18.807],[84.044,18.814],[84.036,18.817],[84.031,18.813],[84.015,18.817],[84.001,18.81],[83.991,18.815],[83.983,18.812],[83.971,18.816],[83.958,18.814],[83.953,18.807],[83.942,18.809],[83.942,18.815],[83.936,18.819],[83.93,18.817],[83.924,18.823],[83.903,18.828],[83.895,18.817],[83.886,18.832],[83.871,18.849],[83.851,18.859],[83.844,18.876],[83.849,18.9],[83.846,18.913],[83.837,18.919],[83.827,18.916],[83.828,18.932],[83.82,18.939],[83.819,18.947],[83.822,18.96],[83.811,18.985],[83.809,18.992],[83.795,19.002],[83.792,19.009],[83.793,19.019],[83.782,19.019],[83.78,19.01],[83.77,19.009],[83.746,18.997],[83.743,18.987],[83.746,18.975],[83.753,18.972],[83.753,18.963],[83.76,18.951],[83.768,18.955],[83.771,18.945],[83.782,18.935],[83.786,18.917],[83.776,18.912],[83.767,18.915],[83.761,18.928],[83.753,18.926],[83.747,18.943],[83.742,18.948],[83.735,18.969],[83.733,18.988],[83.716,18.994],[83.71,19.002],[83.71,19.007],[83.724,19.011],[83.728,19.016],[83.723,19.022],[83.714,19.025],[83.7,19.025],[83.694,19.037],[83.691,19.047],[83.685,19.058],[83.677,19.065],[83.675,19.071],[83.664,19.076],[83.66,19.084],[83.664,19.093],[83.656,19.109],[83.651,19.11],[83.65,19.123],[83.655,19.129],[83.637,19.133],[83.632,19.141],[83.638,19.153],[83.634,19.159],[83.624,19.163],[83.626,19.152],[83.62,19.148],[83.614,19.138],[83.606,19.141],[83.6,19.136],[83.596,19.121],[83.607,19.104],[83.609,19.097],[83.591,19.094],[83.583,19.085],[83.585,19.069],[83.583,19.059],[83.573,19.062],[83.563,19.06],[83.56,19.064],[83.567,19.072],[83.561,19.086],[83.552,19.087],[83.547,19.079],[83.554,19.064],[83.545,19.045],[83.54,19.042],[83.54,19.031],[83.536,19.014],[83.521,19.013],[83.514,19.018],[83.501,19.021],[83.496,19.032],[83.5,19.036],[83.517,19.031],[83.518,19.04],[83.514,19.048],[83.516,19.057],[83.509,19.071],[83.496,19.064],[83.489,19.073],[83.481,19.078],[83.48,19.094],[83.472,19.096],[83.465,19.089],[83.46,19.065],[83.466,19.064],[83.469,19.044],[83.481,19.035],[83.477,19.023],[83.481,19.016],[83.477,19.009],[83.462,19.013],[83.45,19.014],[83.449,19.005],[83.453,18.992],[83.466,18.992],[83.468,18.97],[83.46,18.956],[83.446,18.958],[83.446,18.966],[83.439,18.976],[83.429,18.98],[83.426,18.985],[83.416,18.99],[83.42,19],[83.408,19.004],[83.399,19.01],[83.382,19.002],[83.371,19.003],[83.365,19.007],[83.364,19.018],[83.356,19.02],[83.341,19.019],[83.335,19.007],[83.336,18.999],[83.325,19.003],[83.309,19],[83.319,18.972],[83.332,18.966],[83.332,18.956],[83.335,18.947],[83.325,18.946],[83.325,18.933],[83.335,18.925],[83.348,18.926],[83.344,18.941],[83.35,18.943],[83.348,18.96],[83.354,18.967],[83.367,18.962],[83.364,18.958],[83.369,18.947],[83.359,18.942],[83.351,18.944],[83.352,18.929],[83.357,18.918],[83.367,18.909],[83.377,18.91],[83.383,18.905],[83.376,18.898],[83.38,18.893],[83.39,18.888],[83.39,18.883],[83.402,18.877],[83.413,18.874],[83.402,18.859],[83.404,18.845],[83.377,18.832],[83.366,18.845],[83.346,18.828],[83.336,18.825],[83.326,18.819],[83.329,18.807],[83.317,18.806],[83.307,18.81],[83.295,18.802],[83.281,18.797],[83.274,18.784],[83.28,18.776],[83.269,18.765],[83.261,18.771],[83.241,18.769],[83.236,18.774],[83.223,18.776],[83.222,18.77],[83.226,18.762],[83.223,18.752],[83.21,18.74],[83.205,18.752],[83.191,18.754],[83.177,18.771],[83.159,18.768],[83.15,18.777],[83.137,18.786],[83.115,18.77],[83.122,18.761],[83.111,18.754],[83.106,18.748],[83.1,18.734],[83.071,18.706],[83.073,18.702],[83.061,18.685],[83.056,18.666],[83.043,18.66],[83.023,18.655],[83.011,18.647],[83.018,18.636],[82.999,18.621],[82.999,18.609],[83.013,18.606],[83.012,18.596],[83.024,18.59],[83.044,18.6],[83.051,18.6],[83.051,18.589],[83.041,18.588],[83.031,18.58],[83.028,18.575],[83.044,18.545],[83.062,18.542],[83.071,18.55],[83.087,18.554],[83.093,18.549],[83.082,18.532],[83.077,18.529],[83.073,18.516],[83.062,18.503],[83.053,18.497],[83.053,18.487],[83.036,18.47],[83.029,18.467],[83.019,18.457],[83.022,18.451],[83.031,18.449],[83.039,18.442],[83.036,18.435],[83.041,18.427],[83.051,18.434],[83.059,18.437],[83.065,18.431],[83.065,18.425],[83.056,18.42],[83.062,18.41],[83.075,18.404],[83.053,18.381],[83.041,18.38],[83.03,18.384],[83.02,18.392],[83.005,18.384],[82.996,18.387],[82.985,18.378],[82.975,18.364],[82.965,18.36],[82.958,18.367],[82.952,18.362],[82.938,18.362],[82.924,18.369],[82.92,18.376],[82.902,18.374],[82.894,18.382],[82.892,18.392],[82.898,18.403],[82.895,18.424],[82.889,18.425],[82.87,18.419],[82.855,18.426],[82.848,18.425],[82.846,18.434],[82.814,18.452],[82.801,18.45],[82.787,18.436],[82.78,18.432],[82.781,18.423],[82.786,18.42],[82.785,18.411],[82.798,18.407],[82.79,18.397],[82.792,18.387],[82.783,18.384],[82.789,18.364],[82.776,18.352],[82.769,18.338],[82.758,18.34],[82.753,18.331],[82.741,18.331],[82.732,18.321],[82.723,18.325],[82.713,18.323],[82.7,18.311],[82.68,18.304],[82.675,18.307],[82.667,18.3],[82.655,18.297],[82.652,18.302],[82.64,18.302],[82.642,18.289],[82.65,18.281],[82.641,18.265],[82.646,18.262],[82.649,18.252],[82.647,18.246],[82.637,18.238],[82.63,18.24],[82.619,18.25],[82.615,18.257],[82.597,18.265],[82.595,18.275],[82.59,18.281],[82.593,18.299],[82.597,18.304],[82.594,18.311],[82.583,18.309],[82.58,18.315],[82.587,18.319],[82.592,18.329],[82.602,18.326],[82.61,18.333],[82.603,18.343],[82.602,18.352],[82.614,18.351],[82.62,18.361],[82.607,18.365],[82.605,18.382],[82.599,18.38],[82.595,18.389],[82.587,18.392],[82.583,18.388],[82.576,18.396],[82.57,18.395],[82.561,18.401],[82.552,18.398],[82.541,18.4],[82.535,18.407],[82.543,18.414],[82.541,18.422],[82.558,18.44],[82.561,18.449],[82.555,18.455],[82.548,18.454],[82.537,18.446],[82.533,18.459],[82.527,18.46],[82.519,18.467],[82.531,18.473],[82.528,18.481],[82.532,18.492],[82.526,18.496],[82.532,18.51],[82.526,18.516],[82.511,18.519],[82.504,18.514],[82.492,18.525],[82.48,18.541],[82.489,18.543],[82.49,18.548],[82.481,18.549],[82.472,18.543],[82.457,18.528],[82.454,18.522],[82.443,18.52],[82.441,18.509],[82.432,18.498],[82.433,18.493],[82.427,18.484],[82.413,18.475],[82.402,18.465],[82.394,18.45],[82.385,18.446],[82.381,18.435],[82.363,18.422],[82.373,18.408],[82.378,18.405],[82.38,18.39],[82.384,18.378],[82.383,18.367],[82.363,18.353],[82.361,18.345],[82.338,18.324],[82.348,18.317],[82.362,18.319],[82.374,18.329],[82.383,18.33],[82.391,18.327],[82.393,18.317],[82.39,18.311],[82.391,18.299],[82.373,18.282],[82.364,18.278],[82.357,18.282],[82.343,18.281],[82.339,18.273],[82.338,18.263],[82.332,18.254],[82.335,18.242],[82.325,18.237],[82.323,18.232],[82.33,18.226],[82.323,18.211],[82.309,18.205],[82.314,18.185],[82.336,18.173],[82.352,18.172],[82.371,18.149],[82.366,18.138],[82.36,18.136],[82.355,18.143],[82.339,18.151],[82.34,18.137],[82.333,18.128],[82.334,18.107],[82.337,18.1],[82.345,18.099],[82.348,18.089],[82.346,18.071],[82.342,18.059],[82.333,18.052],[82.329,18.058],[82.318,18.058],[82.32,18.048],[82.306,18.047],[82.304,18.056],[82.297,18.057],[82.298,18.07],[82.29,18.07],[82.271,18.058],[82.267,18.046],[82.26,18.042],[82.267,18.035],[82.272,18.019],[82.265,17.996],[82.244,17.994],[82.236,18.003],[82.222,18.002],[82.204,18.015],[82.204,18.019],[82.187,18.016],[82.177,18.021],[82.183,18.029],[82.167,18.053],[82.152,18.049],[82.147,18.052],[82.145,18.053],[82.136,18.045],[82.133,18.06],[82.123,18.06],[82.119,18.065],[82.102,18.061],[82.094,18.068],[82.086,18.07],[82.075,18.076],[82.069,18.07],[82.065,18.057],[82.049,18.059],[82.04,18.058],[82.035,18.068],[82.019,18.064],[82.007,18.058],[82.005,18.046],[82.01,18.036],[82.006,18.03],[81.993,18.028],[81.991,18.022],[81.981,18.019],[81.963,18.002],[81.957,17.999],[81.947,18],[81.938,17.996],[81.917,17.995],[81.908,17.988],[81.905,17.982],[81.893,17.981],[81.88,17.973],[81.841,17.962],[81.831,17.964],[81.819,17.957],[81.808,17.956],[81.793,17.938],[81.788,17.926],[81.776,17.918],[81.769,17.918],[81.766,17.912],[81.748,17.9],[81.748,17.893],[81.726,17.879],[81.71,17.874],[81.703,17.89],[81.705,17.896],[81.696,17.9],[81.687,17.886],[81.676,17.89],[81.662,17.882],[81.654,17.868],[81.652,17.856],[81.641,17.84],[81.631,17.833],[81.624,17.835],[81.619,17.824],[81.608,17.827],[81.595,17.835],[81.573,17.839],[81.564,17.827],[81.546,17.826],[81.538,17.823],[81.53,17.825],[81.518,17.818],[81.5,17.817],[81.489,17.814],[81.479,17.838],[81.471,17.837],[81.462,17.83],[81.443,17.826],[81.438,17.832],[81.432,17.831],[81.427,17.823],[81.419,17.815],[81.403,17.822],[81.396,17.82],[81.393,17.816],[81.393,17.795],[81.387,17.795],[81.381,17.804],[81.355,17.813],[81.346,17.811],[81.326,17.815],[81.307,17.81],[81.265,17.811],[81.248,17.817],[81.24,17.826],[81.216,17.835],[81.2,17.846],[81.168,17.856],[81.146,17.844],[81.132,17.83],[81.123,17.824],[81.102,17.816],[81.094,17.809],[81.086,17.798],[81.096,17.775],[81.104,17.773],[81.096,17.762],[81.083,17.753],[81.07,17.741],[81.058,17.733],[81.051,17.734],[81.041,17.748],[81.028,17.748],[81.016,17.745],[80.991,17.75],[80.984,17.756],[80.976,17.778],[80.966,17.78],[80.956,17.773],[80.946,17.76],[80.929,17.762],[80.92,17.757],[80.917,17.748],[80.906,17.747],[80.886,17.736],[80.891,17.722],[80.895,17.703],[80.891,17.69],[80.886,17.681],[80.897,17.681],[80.905,17.677],[80.898,17.67],[80.9,17.665],[80.912,17.658],[80.911,17.638],[80.9,17.64],[80.885,17.633],[80.866,17.635],[80.861,17.634],[80.85,17.623],[80.855,17.602],[80.883,17.596],[80.893,17.601],[80.918,17.6],[80.943,17.602],[80.969,17.598],[80.977,17.587],[80.983,17.583],[80.989,17.572],[80.998,17.565],[81.003,17.551],[81.007,17.549],[81.014,17.537],[81.015,17.522],[81.02,17.52],[81.047,17.52],[81.08,17.515],[81.091,17.506],[81.099,17.504],[81.117,17.522],[81.124,17.527],[81.138,17.516],[81.141,17.505],[81.145,17.495],[81.142,17.489],[81.16,17.484],[81.148,17.464],[81.176,17.464],[81.172,17.449],[81.183,17.44],[81.203,17.434],[81.204,17.448],[81.212,17.442],[81.246,17.433],[81.258,17.424],[81.269,17.418],[81.297,17.413],[81.313,17.408],[81.319,17.398],[81.323,17.375],[81.316,17.369],[81.305,17.346],[81.289,17.328],[81.279,17.323],[81.274,17.317],[81.268,17.32],[81.246,17.326],[81.234,17.32],[81.222,17.322],[81.211,17.326],[81.19,17.325],[81.181,17.302],[81.177,17.288],[81.18,17.278],[81.178,17.271],[81.188,17.255],[81.186,17.249],[81.171,17.231],[81.146,17.229],[81.128,17.224],[81.109,17.224],[81.09,17.22],[81.08,17.216],[81.063,17.222],[81.056,17.22],[81.049,17.207],[81.038,17.193],[81.031,17.19],[81.013,17.194],[80.998,17.191],[80.982,17.196],[80.976,17.2],[80.961,17.204],[80.939,17.22],[80.919,17.22],[80.917,17.211],[80.921,17.199],[80.919,17.19],[80.926,17.183],[80.924,17.166],[80.924,17.158],[80.917,17.154],[80.905,17.154],[80.893,17.159],[80.879,17.161],[80.878,17.15],[80.878,17.135],[80.87,17.127],[80.868,17.12],[80.876,17.105],[80.875,17.096],[80.868,17.084],[80.871,17.07],[80.865,17.058],[80.857,17.048],[80.845,17.04],[80.84,17.048],[80.829,17.053],[80.81,17.055],[80.8,17.061],[80.78,17.065],[80.765,17.067],[80.751,17.073],[80.746,17.078],[80.737,17.078],[80.699,17.084],[80.695,17.074],[80.683,17.073],[80.666,17.068],[80.656,17.068],[80.65,17.071],[80.657,17.09],[80.668,17.095],[80.671,17.101],[80.656,17.11],[80.642,17.116],[80.645,17.124],[80.637,17.128],[80.617,17.132],[80.607,17.135],[80.601,17.142],[80.58,17.153],[80.564,17.134],[80.55,17.131],[80.542,17.124],[80.528,17.119],[80.514,17.122],[80.513,17.109],[80.504,17.092],[80.51,17.088],[80.505,17.069],[80.498,17.063],[80.491,17.051],[80.471,17.05],[80.465,17.03],[80.453,17.035],[80.439,17.038],[80.432,17.055],[80.417,17.073],[80.419,17.092],[80.409,17.092],[80.404,17.082],[80.387,17.071],[80.396,17.046],[80.396,17.036],[80.407,17.026],[80.407,17.016],[80.388,17.009],[80.376,16.989],[80.367,16.981],[80.371,16.976],[80.408,16.964],[80.419,16.963],[80.45,16.955],[80.467,16.945],[80.482,16.932],[80.493,16.927],[80.498,16.956],[80.502,16.957],[80.526,16.948],[80.534,16.961],[80.545,16.957],[80.558,16.949],[80.58,16.937],[80.584,16.929],[80.597,16.924],[80.602,16.919],[80.588,16.902],[80.595,16.899],[80.596,16.884],[80.577,16.878],[80.568,16.869],[80.571,16.862],[80.57,16.849],[80.563,16.833],[80.566,16.827],[80.577,16.823],[80.594,16.803],[80.605,16.798],[80.587,16.782],[80.577,16.777],[80.57,16.768],[80.552,16.775],[80.527,16.775],[80.504,16.779],[80.494,16.784],[80.487,16.791],[80.464,16.795],[80.466,16.816],[80.442,16.831],[80.435,16.837],[80.429,16.838],[80.427,16.85],[80.415,16.852],[80.385,16.863],[80.379,16.862],[80.381,16.851],[80.408,16.849],[80.404,16.832],[80.4,16.834],[80.379,16.819],[80.374,16.83],[80.374,16.852],[80.349,16.859],[80.341,16.86],[80.344,16.874],[80.322,16.88],[80.325,16.9],[80.324,16.906],[80.312,16.917],[80.314,16.927],[80.313,16.941],[80.316,16.948],[80.305,16.954],[80.307,16.974],[80.294,16.977],[80.29,16.981],[80.294,16.995],[80.284,17.007],[80.27,17.004],[80.265,16.997],[80.256,17.001],[80.24,17.002],[80.229,17.014],[80.223,17.008],[80.215,17.009],[80.202,17.017],[80.2,17.027],[80.204,17.038],[80.196,17.044],[80.192,17.033],[80.193,17.027],[80.187,17.02],[80.17,17.017],[80.168,17.006],[80.153,17.007],[80.14,16.991],[80.131,16.992],[80.12,16.988],[80.109,16.987],[80.095,16.991],[80.092,16.968],[80.085,16.97],[80.055,16.971],[80.057,16.964],[80.052,16.96],[80.048,16.948],[80.052,16.942],[80.04,16.917],[80.027,16.918],[80.017,16.915],[80.012,16.893],[80.004,16.88],[80.001,16.867],[80.004,16.862],[80.017,16.854],[80.029,16.852],[80.047,16.853],[80.048,16.834],[80.059,16.825],[80.07,16.821],[80.073,16.817],[80.071,16.802],[80.066,16.786],[80.057,16.773],[80.053,16.763],[80.055,16.745],[80.039,16.73],[80.031,16.715],[80.024,16.711],[80.008,16.709],[79.996,16.7],[79.979,16.665],[79.965,16.645],[79.95,16.636],[79.932,16.631],[79.915,16.633],[79.908,16.635],[79.894,16.649],[79.892,16.655],[79.886,16.687],[79.878,16.697],[79.859,16.705],[79.845,16.703],[79.828,16.694],[79.818,16.692],[79.812,16.695],[79.798,16.712],[79.794,16.723],[79.784,16.731],[79.773,16.731],[79.745,16.719],[79.729,16.696],[79.716,16.689],[79.686,16.695],[79.662,16.687],[79.648,16.67],[79.635,16.661],[79.622,16.663],[79.604,16.672],[79.592,16.67],[79.576,16.65],[79.56,16.643],[79.542,16.632],[79.523,16.631],[79.51,16.636],[79.494,16.633],[79.486,16.625],[79.479,16.622],[79.46,16.624],[79.447,16.62],[79.44,16.615],[79.433,16.591],[79.419,16.58],[79.397,16.58],[79.378,16.583],[79.356,16.579],[79.337,16.582],[79.326,16.576],[79.308,16.574],[79.296,16.563],[79.277,16.562],[79.262,16.567],[79.252,16.559],[79.251,16.55],[79.245,16.532],[79.227,16.524],[79.219,16.51],[79.215,16.485],[79.217,16.478],[79.233,16.46],[79.218,16.454],[79.212,16.447],[79.21,16.425],[79.208,16.38],[79.212,16.374],[79.211,16.356],[79.214,16.349],[79.234,16.336],[79.234,16.325],[79.231,16.315],[79.231,16.283],[79.226,16.274],[79.223,16.247],[79.221,16.234],[79.215,16.226],[79.206,16.221],[79.17,16.21],[79.157,16.209],[79.144,16.215],[79.124,16.231],[79.114,16.231],[79.103,16.223],[79.095,16.224],[79.082,16.23],[79.072,16.227],[79.056,16.236],[79.029,16.242],[79.009,16.24],[78.987,16.211],[78.96,16.209],[78.949,16.204],[78.938,16.201],[78.911,16.188],[78.905,16.183],[78.905,16.175],[78.911,16.164],[78.917,16.146],[78.923,16.139],[78.924,16.131],[78.922,16.122],[78.922,16.106],[78.918,16.1],[78.906,16.095],[78.896,16.086],[78.89,16.085],[78.886,16.101],[78.879,16.118],[78.877,16.136],[78.869,16.146],[78.855,16.149],[78.835,16.145],[78.834,16.135],[78.842,16.102],[78.842,16.083],[78.837,16.07],[78.828,16.061],[78.816,16.046],[78.8,16.037],[78.796,16.029],[78.786,16.021],[78.766,16.016],[78.751,16.016],[78.741,16.009],[78.736,16.008],[78.724,16.02],[78.699,16.027],[78.681,16.035],[78.668,16.055],[78.65,16.072],[78.65,16.079],[78.627,16.088],[78.61,16.087],[78.603,16.085],[78.596,16.078],[78.592,16.069],[78.57,16.052],[78.552,16.043],[78.542,16.044],[78.522,16.054],[78.499,16.06],[78.479,16.067],[78.441,16.074],[78.436,16.072],[78.408,16.075],[78.397,16.066],[78.385,16.065],[78.365,16.047],[78.348,16.047],[78.327,16.037],[78.322,16.03],[78.322,16.017],[78.307,16.011],[78.296,16.013],[78.281,16.023],[78.27,16.027],[78.262,16.027],[78.258,16.021],[78.256,16.013],[78.26,15.999],[78.253,15.982],[78.252,15.955],[78.254,15.943],[78.25,15.934],[78.227,15.922],[78.203,15.917],[78.187,15.912],[78.179,15.902],[78.19,15.893],[78.187,15.885],[78.177,15.876],[78.175,15.858],[78.166,15.854],[78.136,15.855],[78.134,15.837],[78.102,15.837],[78.099,15.836],[78.084,15.841],[78.085,15.845],[78.071,15.85],[78.072,15.862],[78.056,15.866],[78.056,15.875],[78.047,15.875],[78.045,15.904],[78.032,15.907],[78.026,15.902],[78.015,15.876],[78.009,15.865],[77.997,15.866],[77.975,15.883],[77.949,15.885],[77.939,15.883],[77.913,15.893],[77.89,15.906],[77.878,15.905],[77.861,15.885],[77.851,15.882],[77.837,15.885],[77.827,15.88],[77.804,15.874],[77.782,15.876],[77.77,15.885],[77.748,15.885],[77.731,15.894],[77.722,15.896],[77.713,15.895],[77.695,15.884],[77.657,15.886],[77.638,15.895],[77.625,15.909],[77.613,15.918],[77.598,15.912],[77.59,15.913],[77.582,15.918],[77.549,15.919],[77.534,15.924],[77.513,15.927],[77.499,15.933],[77.476,15.935],[77.466,15.935],[77.435,15.948],[77.427,15.949],[77.416,15.942],[77.398,15.945],[77.38,15.94],[77.367,15.947],[77.349,15.951],[77.326,15.95],[77.313,15.953],[77.301,15.958],[77.283,15.954],[77.26,15.96],[77.249,15.965],[77.236,15.957],[77.217,15.958],[77.206,15.955],[77.185,15.957],[77.176,15.951],[77.159,15.951],[77.143,15.945],[77.137,15.938],[77.103,15.929],[77.085,15.919],[77.07,15.908],[77.063,15.897],[77.057,15.883],[77.035,15.861],[77.025,15.838],[77.036,15.83],[77.063,15.83],[77.066,15.822],[77.064,15.803],[77.068,15.796],[77.066,15.785],[77.061,15.786],[77.054,15.756],[77.048,15.756],[77.046,15.74],[77.049,15.73],[77.08,15.727],[77.079,15.716],[77.087,15.716],[77.083,15.699],[77.079,15.695],[77.109,15.681],[77.113,15.676],[77.129,15.666],[77.121,15.631],[77.108,15.638],[77.103,15.647],[77.083,15.659],[77.072,15.647],[77.03,15.635],[77.033,15.621],[77.033,15.604],[77.028,15.59],[77.026,15.578],[77.031,15.544],[77.031,15.506],[77.029,15.5],[77.011,15.504],[76.991,15.506],[76.975,15.511],[76.974,15.5],[76.977,15.49],[76.997,15.478],[77.011,15.449],[77.032,15.436],[77.035,15.423],[77.029,15.408],[77.031,15.401],[77.047,15.39],[77.047,15.383],[77.041,15.371],[77.045,15.356],[77.059,15.349],[77.066,15.341],[77.064,15.328],[77.074,15.326],[77.101,15.334],[77.113,15.334],[77.117,15.326],[77.119,15.313],[77.118,15.295],[77.133,15.293],[77.152,15.292],[77.152,15.275],[77.159,15.268],[77.167,15.269],[77.168,15.259],[77.144,15.257],[77.136,15.241],[77.126,15.24],[77.125,15.227],[77.144,15.224],[77.155,15.215],[77.159,15.201],[77.166,15.188],[77.169,15.171],[77.165,15.168],[77.163,15.157],[77.141,15.159],[77.135,15.148],[77.138,15.143],[77.157,15.14],[77.156,15.123],[77.15,15.112],[77.142,15.105],[77.13,15.101],[77.128,15.072],[77.121,15.054],[77.115,15.046],[77.113,15.034],[77.094,15.036],[77.091,15.029],[77.085,15.031],[77.082,15.006],[77.069,15.005],[77.044,15.01],[77.051,15.025],[77.05,15.033],[77.036,15.031],[77.004,15.034],[76.986,15.027],[76.985,15.015],[76.966,15.018],[76.95,15.03],[76.933,15.03],[76.922,15.031],[76.918,15.036],[76.907,15.033],[76.894,15.037],[76.877,15.03],[76.878,15.035],[76.869,15.053],[76.861,15.062],[76.846,15.071],[76.836,15.079],[76.824,15.08],[76.812,15.086],[76.802,15.095],[76.792,15.088],[76.786,15.088],[76.782,15.077],[76.775,15.072],[76.774,15.059],[76.78,15.043],[76.786,15.037],[76.786,15.028],[76.79,15.021],[76.788,15.009],[76.779,15.005],[76.772,14.991],[76.761,14.99],[76.767,14.975],[76.778,14.975],[76.796,14.969],[76.818,14.969],[76.829,14.956],[76.842,14.966],[76.867,14.97],[76.866,14.958],[76.87,14.938],[76.864,14.896],[76.847,14.896],[76.846,14.887],[76.852,14.887],[76.855,14.856],[76.854,14.843],[76.843,14.838],[76.846,14.822],[76.855,14.818],[76.851,14.809],[76.837,14.811],[76.837,14.791],[76.819,14.793],[76.818,14.788],[76.803,14.786],[76.783,14.786],[76.789,14.772],[76.79,14.76],[76.794,14.751],[76.803,14.742],[76.787,14.708],[76.786,14.696],[76.776,14.683],[76.775,14.676],[76.773,14.639],[76.767,14.618],[76.765,14.602],[76.78,14.593],[76.791,14.554],[76.798,14.549],[76.805,14.537],[76.822,14.527],[76.833,14.529],[76.835,14.522],[76.856,14.51],[76.861,14.496],[76.868,14.474],[76.884,14.477],[76.889,14.483],[76.901,14.489],[76.921,14.491],[76.941,14.489],[76.95,14.487],[76.975,14.485],[76.975,14.478],[76.968,14.462],[76.96,14.451],[76.946,14.453],[76.946,14.426],[76.948,14.413],[76.943,14.4],[76.937,14.406],[76.916,14.421],[76.905,14.404],[76.899,14.398],[76.885,14.396],[76.885,14.348],[76.892,14.341],[76.903,14.323],[76.908,14.323],[76.927,14.315],[76.946,14.313],[76.957,14.294],[76.947,14.286],[76.937,14.28],[76.928,14.279],[76.925,14.274],[76.934,14.262],[76.94,14.245],[76.952,14.242],[76.959,14.245],[76.97,14.243],[76.986,14.247],[76.992,14.242],[76.998,14.241],[77.006,14.236],[77.02,14.241],[77.03,14.242],[77.036,14.247],[77.052,14.246],[77.06,14.236],[77.062,14.229],[77.076,14.223],[77.081,14.214],[77.101,14.217],[77.115,14.223],[77.116,14.238],[77.118,14.245],[77.111,14.269],[77.116,14.274],[77.116,14.292],[77.13,14.305],[77.136,14.323],[77.139,14.34],[77.154,14.339],[77.167,14.342],[77.169,14.335],[77.184,14.333],[77.197,14.321],[77.213,14.319],[77.229,14.321],[77.234,14.318],[77.246,14.317],[77.254,14.322],[77.258,14.33],[77.269,14.332],[77.277,14.338],[77.287,14.34],[77.289,14.327],[77.288,14.299],[77.283,14.286],[77.289,14.281],[77.305,14.283],[77.314,14.281],[77.33,14.28],[77.339,14.277],[77.364,14.276],[77.362,14.27],[77.363,14.252],[77.359,14.234],[77.378,14.228],[77.384,14.221],[77.383,14.208],[77.387,14.2],[77.393,14.199],[77.418,14.209],[77.418,14.226],[77.41,14.232],[77.41,14.251],[77.405,14.267],[77.399,14.266],[77.389,14.27],[77.382,14.299],[77.377,14.308],[77.379,14.323],[77.394,14.337],[77.412,14.337],[77.428,14.324],[77.432,14.313],[77.446,14.318],[77.445,14.295],[77.448,14.283],[77.456,14.28],[77.466,14.283],[77.479,14.292],[77.487,14.282],[77.498,14.279],[77.504,14.264],[77.497,14.237],[77.494,14.224],[77.503,14.211],[77.501,14.205],[77.505,14.194],[77.517,14.186],[77.504,14.157],[77.481,14.165],[77.468,14.165],[77.467,14.172],[77.457,14.17],[77.446,14.172],[77.43,14.171],[77.416,14.176],[77.409,14.174],[77.394,14.174],[77.395,14.161],[77.385,14.153],[77.379,14.136],[77.357,14.13],[77.351,14.12],[77.347,14.104],[77.362,14.115],[77.391,14.127],[77.401,14.12],[77.398,14.11],[77.388,14.099],[77.381,14.098],[77.378,14.084],[77.374,14.077],[77.364,14.073],[77.36,14.062],[77.341,14.06],[77.335,14.043],[77.332,14.031],[77.385,14.016],[77.39,14.017],[77.386,14.001],[77.38,13.99],[77.382,13.976],[77.396,13.984],[77.41,13.984],[77.426,13.986],[77.428,13.979],[77.438,13.976],[77.435,13.965],[77.438,13.956],[77.431,13.945],[77.412,13.946],[77.416,13.924],[77.435,13.92],[77.435,13.915],[77.421,13.899],[77.411,13.896],[77.405,13.889],[77.4,13.897],[77.398,13.906],[77.387,13.906],[77.37,13.903],[77.354,13.904],[77.353,13.914],[77.348,13.916],[77.355,13.931],[77.368,13.95],[77.349,13.958],[77.352,13.969],[77.361,13.991],[77.336,13.998],[77.337,14.005],[77.328,14.015],[77.322,14.03],[77.307,14.032],[77.298,14.022],[77.282,14.013],[77.275,14.011],[77.279,14.026],[77.277,14.035],[77.27,14.034],[77.261,14.029],[77.256,14.022],[77.248,14.017],[77.245,14.012],[77.22,14.014],[77.205,14.008],[77.188,14.012],[77.171,14.012],[77.173,14.001],[77.151,14.001],[77.141,14.004],[77.142,14.013],[77.136,14.023],[77.132,14.044],[77.127,14.047],[77.102,14.045],[77.095,14.042],[77.075,14.044],[77.076,14.053],[77.069,14.052],[77.042,14.057],[77.032,14.057],[77.026,14.066],[77.03,14.088],[77.015,14.1],[77.024,14.113],[77.02,14.131],[77.02,14.157],[77.026,14.175],[77.005,14.184],[76.999,14.181],[76.981,14.179],[76.968,14.183],[76.961,14.182],[76.948,14.198],[76.943,14.196],[76.945,14.187],[76.942,14.173],[76.922,14.169],[76.92,14.164],[76.907,14.168],[76.895,14.168],[76.89,14.136],[76.905,14.134],[76.918,14.129],[76.925,14.137],[76.944,14.121],[76.953,14.099],[76.948,14.092],[76.959,14.092],[76.973,14.084],[76.976,14.065],[76.972,14.058],[76.959,14.057],[76.952,14.054],[76.932,14.054],[76.935,14.033],[76.944,14.029],[76.944,14.023],[76.95,14.015],[76.965,14.012],[76.983,14.001],[76.991,13.994],[77,13.989],[76.994,13.963],[77.014,13.955],[77.024,13.94],[77.037,13.937],[77.042,13.933],[77.044,13.915],[77.047,13.907],[77.023,13.903],[77.023,13.896],[77.016,13.884],[77.018,13.873],[77.013,13.872],[77.014,13.86],[77.007,13.852],[76.992,13.849],[76.99,13.838],[76.978,13.827],[76.976,13.817],[76.99,13.813],[76.992,13.804],[76.985,13.791],[76.993,13.771],[76.995,13.76],[76.998,13.755],[76.997,13.748],[77.016,13.738],[77.019,13.749],[77.017,13.756],[77.024,13.768],[77.024,13.779],[77.043,13.778],[77.051,13.765],[77.058,13.76],[77.057,13.753],[77.065,13.744],[77.086,13.742],[77.084,13.749],[77.085,13.762],[77.09,13.767],[77.106,13.768],[77.121,13.762],[77.137,13.758],[77.141,13.765],[77.151,13.766],[77.173,13.762],[77.179,13.782],[77.168,13.791],[77.163,13.798],[77.163,13.817],[77.168,13.821],[77.165,13.833],[77.154,13.834],[77.156,13.844],[77.132,13.846],[77.128,13.856],[77.136,13.857],[77.148,13.869],[77.169,13.865],[77.171,13.871],[77.169,13.89],[77.162,13.899],[77.162,13.907],[77.17,13.921],[77.185,13.925],[77.191,13.912],[77.186,13.895],[77.185,13.876],[77.181,13.87],[77.2,13.863],[77.21,13.88],[77.217,13.884],[77.215,13.868],[77.22,13.868],[77.225,13.883],[77.23,13.892],[77.231,13.903],[77.248,13.901],[77.248,13.888],[77.245,13.883],[77.248,13.869],[77.259,13.863],[77.257,13.847],[77.28,13.851],[77.29,13.848],[77.295,13.857],[77.304,13.862],[77.316,13.863],[77.321,13.856],[77.322,13.847],[77.325,13.833],[77.337,13.833],[77.362,13.854],[77.375,13.852],[77.381,13.847],[77.379,13.841],[77.389,13.839],[77.397,13.841],[77.416,13.84],[77.427,13.841],[77.428,13.833],[77.417,13.811],[77.429,13.807],[77.423,13.799],[77.437,13.797],[77.441,13.807],[77.445,13.811],[77.456,13.808],[77.461,13.803],[77.456,13.789],[77.464,13.768],[77.465,13.759],[77.471,13.758],[77.465,13.737],[77.463,13.723],[77.465,13.711],[77.45,13.711],[77.455,13.682],[77.474,13.686],[77.488,13.687],[77.492,13.69],[77.488,13.7],[77.485,13.715],[77.514,13.713],[77.512,13.697],[77.528,13.693],[77.534,13.705],[77.537,13.731],[77.522,13.745],[77.525,13.753],[77.541,13.756],[77.548,13.752],[77.549,13.741],[77.553,13.738],[77.559,13.723],[77.565,13.726],[77.572,13.738],[77.587,13.734],[77.596,13.748],[77.614,13.752],[77.624,13.735],[77.642,13.742],[77.642,13.747],[77.63,13.754],[77.619,13.755],[77.618,13.762],[77.621,13.768],[77.647,13.779],[77.651,13.784],[77.67,13.784],[77.68,13.787],[77.681,13.779],[77.675,13.761],[77.695,13.771],[77.703,13.77],[77.708,13.741],[77.715,13.744],[77.72,13.756],[77.722,13.769],[77.719,13.784],[77.722,13.794],[77.719,13.8],[77.729,13.802],[77.732,13.808],[77.741,13.812],[77.748,13.81],[77.764,13.817],[77.782,13.819],[77.789,13.823],[77.789,13.831],[77.784,13.834],[77.782,13.844],[77.792,13.849],[77.809,13.851],[77.817,13.86],[77.837,13.87],[77.827,13.874],[77.836,13.881],[77.831,13.897],[77.819,13.9],[77.813,13.915],[77.814,13.931],[77.827,13.945],[77.838,13.936],[77.855,13.938],[77.869,13.936],[77.896,13.941],[77.899,13.931],[77.896,13.926],[77.9,13.917],[77.905,13.916],[77.918,13.907],[77.927,13.905],[77.936,13.917],[77.946,13.935],[77.96,13.941],[77.962,13.951],[77.967,13.96],[77.988,13.956],[77.98,13.927],[77.983,13.923],[77.984,13.898],[77.952,13.89],[77.949,13.886],[77.949,13.871],[77.953,13.857],[77.956,13.831],[77.976,13.83],[77.978,13.838],[77.987,13.854],[77.992,13.869],[78,13.873],[78.012,13.872],[78.017,13.866],[78.032,13.864],[78.041,13.86],[78.046,13.862],[78.051,13.881],[78.049,13.896],[78.062,13.891],[78.064,13.887],[78.079,13.881],[78.083,13.863],[78.094,13.865],[78.099,13.862],[78.115,13.863],[78.117,13.852],[78.124,13.845],[78.125,13.832],[78.115,13.812],[78.115,13.808],[78.123,13.799],[78.126,13.788],[78.114,13.763],[78.1,13.758],[78.092,13.742],[78.106,13.735],[78.112,13.725],[78.121,13.716],[78.115,13.703],[78.113,13.693],[78.098,13.691],[78.086,13.692],[78.074,13.698],[78.074,13.688],[78.066,13.676],[78.077,13.673],[78.078,13.668],[78.09,13.659],[78.087,13.643],[78.099,13.643],[78.102,13.651],[78.114,13.657],[78.126,13.656],[78.134,13.66],[78.145,13.657],[78.155,13.658],[78.169,13.654],[78.167,13.637],[78.175,13.631],[78.204,13.628],[78.204,13.608],[78.199,13.599],[78.19,13.59],[78.19,13.575],[78.193,13.565],[78.203,13.569],[78.213,13.581],[78.216,13.591],[78.23,13.587],[78.234,13.598],[78.244,13.598],[78.25,13.591],[78.259,13.585],[78.269,13.588],[78.315,13.591],[78.326,13.595],[78.347,13.591],[78.351,13.587],[78.385,13.592],[78.402,13.587],[78.402,13.579],[78.407,13.577],[78.394,13.552],[78.394,13.541],[78.382,13.525],[78.383,13.516],[78.374,13.509],[78.378,13.503],[78.379,13.482],[78.371,13.47],[78.375,13.462],[78.373,13.452],[78.376,13.444],[78.377,13.424],[78.381,13.419],[78.382,13.397],[78.379,13.384],[78.369,13.373],[78.365,13.362],[78.378,13.363],[78.395,13.354],[78.393,13.351],[78.408,13.346],[78.407,13.338],[78.393,13.334],[78.383,13.344],[78.377,13.332],[78.387,13.332],[78.399,13.321],[78.401,13.316],[78.419,13.321],[78.422,13.328],[78.428,13.331],[78.44,13.328],[78.44,13.322],[78.444,13.308],[78.458,13.314],[78.467,13.315],[78.477,13.323],[78.483,13.321],[78.484,13.314],[78.479,13.301],[78.497,13.299],[78.505,13.291],[78.514,13.291],[78.52,13.283],[78.52,13.277],[78.527,13.268],[78.536,13.272],[78.539,13.288],[78.554,13.283],[78.559,13.286],[78.565,13.296],[78.565,13.307],[78.578,13.295],[78.579,13.28],[78.587,13.281],[78.585,13.262],[78.58,13.255],[78.57,13.248],[78.566,13.221],[78.579,13.218],[78.571,13.212],[78.568,13.202],[78.561,13.199],[78.55,13.2],[78.55,13.19],[78.556,13.189],[78.566,13.192],[78.576,13.187],[78.577,13.172],[78.568,13.162],[78.55,13.164],[78.541,13.154],[78.548,13.149],[78.543,13.141],[78.531,13.141],[78.526,13.134],[78.517,13.13],[78.519,13.12],[78.533,13.11],[78.52,13.096],[78.51,13.093],[78.509,13.079],[78.516,13.068],[78.514,13.062],[78.498,13.061],[78.487,13.052],[78.478,13.055],[78.474,13.044],[78.462,13.043],[78.461,13.026],[78.465,13.02],[78.464,13.005],[78.475,12.991],[78.469,12.983],[78.467,12.975],[78.453,12.977],[78.435,12.981],[78.433,12.97],[78.436,12.964],[78.429,12.958],[78.421,12.955],[78.42,12.948],[78.412,12.944],[78.418,12.923],[78.423,12.923],[78.428,12.932],[78.438,12.929],[78.448,12.918],[78.468,12.901],[78.468,12.879],[78.464,12.878],[78.456,12.888],[78.447,12.892],[78.449,12.898],[78.444,12.903],[78.446,12.912],[78.439,12.914],[78.434,12.905],[78.429,12.902],[78.412,12.903],[78.409,12.909],[78.399,12.917],[78.397,12.909],[78.389,12.907],[78.378,12.914],[78.36,12.937],[78.35,12.936],[78.347,12.914],[78.34,12.903],[78.329,12.902],[78.322,12.886],[78.338,12.886],[78.331,12.876],[78.314,12.877],[78.316,12.868],[78.312,12.859],[78.282,12.859],[78.272,12.867],[78.266,12.862],[78.252,12.861],[78.252,12.829],[78.251,12.812],[78.247,12.802],[78.246,12.788],[78.239,12.768],[78.231,12.761],[78.236,12.746],[78.236,12.738],[78.241,12.73],[78.231,12.713],[78.227,12.715],[78.218,12.709],[78.207,12.708],[78.21,12.701],[78.2,12.693],[78.21,12.69],[78.211,12.686],[78.229,12.687],[78.238,12.686],[78.24,12.703],[78.252,12.706],[78.268,12.706],[78.276,12.702],[78.292,12.682],[78.296,12.671],[78.318,12.662],[78.332,12.649],[78.344,12.649],[78.356,12.637],[78.363,12.634],[78.37,12.628],[78.379,12.625],[78.392,12.627],[78.413,12.628],[78.427,12.635],[78.433,12.63],[78.459,12.63],[78.465,12.624],[78.472,12.632],[78.468,12.676],[78.484,12.672],[78.5,12.676],[78.504,12.682],[78.503,12.697],[78.499,12.699],[78.504,12.711],[78.512,12.708],[78.519,12.71],[78.521,12.717],[78.504,12.725],[78.489,12.742],[78.493,12.747],[78.505,12.743],[78.513,12.733],[78.512,12.727],[78.529,12.716],[78.531,12.697],[78.541,12.691],[78.555,12.699],[78.555,12.707],[78.561,12.71],[78.554,12.718],[78.561,12.727],[78.564,12.738],[78.557,12.757],[78.566,12.759],[78.568,12.767],[78.592,12.783],[78.593,12.798],[78.601,12.804],[78.6,12.818],[78.608,12.822],[78.602,12.851],[78.613,12.868],[78.615,12.883],[78.623,12.904],[78.633,12.925],[78.634,12.931],[78.653,12.929],[78.657,12.932],[78.65,12.94],[78.643,12.953],[78.638,12.965],[78.64,12.971],[78.621,12.991],[78.631,12.995],[78.635,13.001],[78.645,13.006],[78.655,13.015],[78.656,13.031],[78.677,13.024],[78.705,13.015],[78.708,13.036],[78.714,13.069],[78.74,13.064],[78.751,13.055],[78.788,13.064],[78.795,13.067],[78.798,13.075],[78.813,13.089],[78.821,13.088],[78.842,13.079],[78.861,13.084],[78.871,13.082],[78.87,13.091],[78.881,13.098],[78.896,13.095],[78.892,13.09],[78.889,13.073],[78.891,13.069],[78.892,13.033],[78.917,13.034],[78.929,13.037],[78.929,13.046],[78.919,13.044],[78.906,13.045],[78.904,13.05],[78.91,13.063],[78.922,13.066],[78.924,13.081],[78.941,13.079],[78.95,13.08],[78.955,13.076],[78.969,13.078],[78.972,13.084],[78.982,13.086],[79.004,13.085],[79.009,13.077],[79.015,13.077],[79.035,13.07],[79.039,13.061],[79.063,13.053],[79.064,13.04],[79.081,13.026],[79.087,13.028],[79.098,13.026],[79.108,13.039],[79.115,13.039],[79.138,13.034],[79.15,13.024],[79.163,13.02],[79.172,13.027],[79.185,13.03],[79.192,13.048],[79.183,13.047],[79.183,13.057],[79.192,13.067],[79.186,13.075],[79.2,13.088],[79.213,13.092],[79.225,13.101],[79.234,13.105],[79.234,13.115],[79.238,13.119],[79.23,13.126],[79.228,13.14],[79.222,13.146],[79.21,13.148],[79.215,13.157],[79.227,13.159],[79.236,13.171],[79.243,13.171],[79.241,13.162],[79.245,13.149],[79.24,13.144],[79.245,13.138],[79.254,13.146],[79.253,13.16],[79.26,13.16],[79.262,13.149],[79.277,13.156],[79.281,13.153],[79.284,13.123],[79.309,13.127],[79.299,13.119],[79.294,13.11],[79.307,13.106],[79.31,13.112],[79.324,13.119],[79.329,13.131],[79.344,13.132],[79.349,13.12],[79.358,13.122],[79.365,13.131],[79.361,13.142],[79.356,13.165],[79.363,13.166],[79.37,13.163],[79.38,13.163],[79.376,13.178],[79.38,13.184],[79.392,13.192],[79.432,13.189],[79.432,13.197],[79.441,13.208],[79.44,13.218],[79.454,13.217],[79.453,13.238],[79.441,13.238],[79.438,13.243],[79.418,13.243],[79.417,13.258],[79.411,13.265],[79.419,13.272],[79.434,13.275],[79.436,13.291],[79.446,13.292],[79.445,13.302],[79.431,13.3],[79.42,13.29],[79.414,13.3],[79.405,13.298],[79.394,13.3],[79.389,13.31],[79.388,13.318],[79.399,13.322],[79.398,13.33],[79.405,13.335],[79.413,13.333],[79.421,13.336],[79.432,13.337],[79.436,13.35],[79.446,13.348],[79.456,13.339],[79.48,13.34],[79.495,13.345],[79.51,13.335],[79.511,13.342],[79.526,13.344],[79.537,13.339],[79.544,13.317],[79.542,13.311],[79.535,13.301],[79.541,13.293],[79.535,13.285],[79.535,13.275],[79.54,13.272],[79.558,13.273],[79.574,13.259],[79.583,13.257],[79.59,13.261],[79.594,13.266],[79.596,13.285],[79.606,13.288],[79.629,13.27],[79.634,13.272],[79.634,13.282],[79.643,13.285],[79.642,13.29],[79.652,13.292],[79.655,13.285],[79.663,13.29],[79.665,13.282],[79.671,13.28],[79.683,13.288],[79.694,13.28],[79.694,13.274],[79.688,13.267],[79.678,13.262],[79.684,13.244],[79.689,13.24],[79.696,13.243],[79.701,13.253],[79.708,13.25],[79.714,13.236],[79.708,13.235],[79.703,13.222],[79.718,13.217],[79.722,13.223],[79.731,13.224],[79.733,13.237],[79.751,13.216],[79.75,13.208],[79.76,13.207],[79.764,13.219],[79.777,13.219],[79.788,13.229],[79.794,13.228],[79.795,13.242],[79.787,13.245],[79.782,13.252],[79.761,13.258],[79.748,13.271],[79.742,13.271],[79.735,13.276],[79.731,13.284],[79.739,13.291],[79.744,13.289],[79.752,13.292],[79.76,13.302],[79.762,13.313],[79.768,13.314],[79.775,13.306],[79.78,13.306],[79.786,13.297],[79.792,13.294],[79.802,13.301],[79.804,13.312],[79.809,13.317],[79.817,13.319],[79.833,13.315],[79.853,13.316],[79.863,13.318],[79.868,13.33],[79.878,13.324],[79.883,13.333],[79.904,13.34],[79.917,13.358],[79.925,13.358],[79.931,13.352],[79.945,13.363],[79.949,13.378],[79.958,13.379],[79.963,13.394],[79.956,13.397],[79.944,13.397],[79.944,13.406],[79.94,13.425],[79.953,13.426],[79.962,13.423],[79.973,13.43],[79.972,13.443],[79.972,13.469],[79.982,13.47],[79.984,13.48],[80.008,13.478],[80.016,13.498],[80.03,13.498],[80.047,13.494],[80.048,13.512],[80.035,13.518],[80.027,13.514],[80.019,13.519],[80.017,13.53],[80,13.526],[80,13.542],[80.013,13.547],[80.025,13.545],[80.028,13.539],[80.057,13.537],[80.063,13.545],[80.067,13.544],[80.081,13.55],[80.089,13.535],[80.077,13.526],[80.077,13.513],[80.078,13.489],[80.099,13.488],[80.105,13.493],[80.111,13.492],[80.117,13.504],[80.127,13.505],[80.133,13.501],[80.145,13.501],[80.145,13.491],[80.162,13.488],[80.186,13.491],[80.21,13.486],[80.226,13.485],[80.235,13.474],[80.242,13.472],[80.251,13.503],[80.264,13.563],[80.268,13.564],[80.243,13.616],[80.24,13.627],[80.234,13.657],[80.233,13.683],[80.235,13.706],[80.242,13.743],[80.248,13.763],[80.255,13.779],[80.254,13.79],[80.246,13.805],[80.239,13.826],[80.227,13.854],[80.218,13.881],[80.198,13.919],[80.182,13.959],[80.17,13.986],[80.156,14.021],[80.153,14.023],[80.147,14.041],[80.142,14.059],[80.141,14.075],[80.134,14.093],[80.13,14.12],[80.127,14.15],[80.127,14.18],[80.13,14.22],[80.133,14.236],[80.139,14.251],[80.14,14.271],[80.144,14.287],[80.149,14.304],[80.167,14.344],[80.172,14.384],[80.175,14.433],[80.177,14.455],[80.18,14.506],[80.187,14.548],[80.195,14.577],[80.196,14.587],[80.189,14.604],[80.183,14.608],[80.174,14.609],[80.171,14.614],[80.164,14.632],[80.152,14.668],[80.144,14.702],[80.135,14.718],[80.112,14.74],[80.099,14.775],[80.094,14.795],[80.093,14.812],[80.088,14.825],[80.087,14.849],[80.087,14.87],[80.084,14.884],[80.079,14.903],[80.069,14.926],[80.064,14.948],[80.062,14.963],[80.053,15.012],[80.047,15.083],[80.056,15.124],[80.07,15.166],[80.084,15.191],[80.09,15.216],[80.089,15.234],[80.084,15.251],[80.083,15.262],[80.089,15.287],[80.097,15.306],[80.106,15.321],[80.111,15.346],[80.118,15.359],[80.128,15.376],[80.141,15.393],[80.162,15.418],[80.179,15.436],[80.203,15.467],[80.209,15.479],[80.219,15.521],[80.229,15.538],[80.228,15.552],[80.232,15.579],[80.243,15.615],[80.257,15.644],[80.276,15.674],[80.282,15.686],[80.306,15.714],[80.326,15.734],[80.35,15.755],[80.362,15.764],[80.41,15.794],[80.448,15.814],[80.49,15.833],[80.523,15.845],[80.536,15.853],[80.544,15.852],[80.575,15.863],[80.605,15.871],[80.635,15.875],[80.649,15.879],[80.686,15.882],[80.709,15.881],[80.727,15.879],[80.748,15.874],[80.767,15.865],[80.782,15.863],[80.801,15.848],[80.811,15.835],[80.814,15.816],[80.809,15.812],[80.791,15.821],[80.789,15.833],[80.78,15.836],[80.797,15.796],[80.802,15.79],[80.807,15.771],[80.811,15.765],[80.816,15.741],[80.809,15.735],[80.81,15.721],[80.816,15.713],[80.831,15.707],[80.844,15.707],[80.872,15.711],[80.921,15.719],[80.928,15.722],[80.936,15.717],[80.962,15.728],[80.962,15.733],[80.973,15.735],[81.008,15.754],[81.009,15.761],[81.014,15.772],[81.009,15.788],[81.002,15.787],[80.995,15.804],[80.997,15.815],[81.005,15.838],[81.015,15.851],[81.04,15.874],[81.061,15.901],[81.08,15.919],[81.094,15.931],[81.115,15.951],[81.14,15.97],[81.145,15.971],[81.148,15.979],[81.143,15.995],[81.145,16.011],[81.15,16.025],[81.172,16.065],[81.187,16.093],[81.196,16.116],[81.202,16.147],[81.206,16.172],[81.209,16.181],[81.207,16.187],[81.214,16.208],[81.223,16.224],[81.238,16.247],[81.253,16.264],[81.268,16.279],[81.289,16.293],[81.316,16.31],[81.357,16.329],[81.391,16.34],[81.428,16.348],[81.456,16.351],[81.503,16.355],[81.538,16.353],[81.539,16.349],[81.58,16.345],[81.627,16.338],[81.676,16.329],[81.691,16.328],[81.699,16.325],[81.711,16.317],[81.72,16.307],[81.744,16.32],[81.748,16.324],[81.761,16.329],[81.794,16.346],[81.835,16.367],[81.866,16.379],[81.906,16.39],[81.93,16.394],[81.941,16.394],[81.959,16.398],[81.973,16.41],[81.994,16.421],[82.012,16.428],[82.056,16.452],[82.111,16.48],[82.122,16.484],[82.17,16.51],[82.194,16.521],[82.231,16.541],[82.248,16.547],[82.26,16.552],[82.271,16.554],[82.29,16.554],[82.3,16.556],[82.313,16.562],[82.314,16.575],[82.324,16.579],[82.329,16.603],[82.33,16.621],[82.323,16.641],[82.317,16.662],[82.329,16.677],[82.342,16.685],[82.361,16.705],[82.36,16.712],[82.348,16.716],[82.344,16.748],[82.359,16.814],[82.359,16.824],[82.366,16.879],[82.367,16.911],[82.36,16.959],[82.35,16.979],[82.339,16.988],[82.326,16.991],[82.325,16.986],[82.334,16.976],[82.338,16.967],[82.352,16.958],[82.358,16.942],[82.363,16.918],[82.361,16.898],[82.362,16.873],[82.356,16.858],[82.346,16.857],[82.333,16.864],[82.322,16.859],[82.321,16.853],[82.314,16.846],[82.309,16.869],[82.302,16.875],[82.28,16.877],[82.274,16.869],[82.267,16.872],[82.263,16.885],[82.255,16.886],[82.251,16.903],[82.248,16.905],[82.248,16.93],[82.252,16.938],[82.262,16.937],[82.27,16.94],[82.269,16.95],[82.281,16.987],[82.288,17.013],[82.304,17.039],[82.32,17.058],[82.338,17.076],[82.374,17.109],[82.397,17.132],[82.421,17.155],[82.443,17.175],[82.469,17.196],[82.498,17.218],[82.549,17.254],[82.594,17.281],[82.614,17.292],[82.635,17.305],[82.703,17.344],[82.726,17.355],[82.777,17.378],[82.815,17.394],[82.827,17.401],[82.865,17.415],[82.873,17.42],[82.896,17.431],[82.93,17.445],[82.953,17.458],[82.995,17.475],[82.995,17.481],[83.005,17.488],[83.005,17.494],[83.012,17.501],[83.025,17.509],[83.07,17.528],[83.091,17.534],[83.102,17.542],[83.126,17.551],[83.163,17.561],[83.172,17.567],[83.178,17.576],[83.199,17.585],[83.216,17.594],[83.22,17.6],[83.235,17.612],[83.233,17.62],[83.24,17.632],[83.26,17.644],[83.26,17.65],[83.282,17.661],[83.284,17.666],[83.295,17.675],[83.297,17.694],[83.306,17.702],[83.326,17.714],[83.337,17.719],[83.347,17.728],[83.344,17.738],[83.357,17.758],[83.373,17.768],[83.386,17.777],[83.386,17.786],[83.392,17.794],[83.411,17.809],[83.416,17.822],[83.417,17.834],[83.412,17.841],[83.42,17.857],[83.444,17.872],[83.448,17.88],[83.456,17.887],[83.458,17.899],[83.473,17.914],[83.509,17.936],[83.516,17.942],[83.532,17.951],[83.544,17.963],[83.551,17.976],[83.558,17.982],[83.561,17.989],[83.56,18],[83.569,18.01],[83.611,18.041],[83.631,18.052],[83.664,18.077],[83.693,18.097],[83.751,18.129],[83.787,18.147],[83.81,18.156],[83.861,18.175],[83.873,18.183],[83.876,18.189],[83.889,18.196],[83.917,18.206],[83.935,18.209],[83.961,18.222],[84.013,18.25],[84.049,18.266],[84.074,18.278],[84.08,18.284],[84.104,18.297],[84.126,18.311],[84.13,18.318],[84.127,18.334],[84.134,18.345],[84.135,18.352],[84.148,18.374],[84.183,18.408],[84.208,18.431],[84.231,18.454],[84.255,18.475],[84.303,18.514],[84.323,18.529],[84.355,18.555],[84.358,18.565],[84.357,18.572],[84.368,18.593],[84.385,18.61],[84.437,18.657],[84.442,18.671],[84.453,18.693],[84.47,18.714],[84.487,18.732],[84.494,18.741],[84.512,18.759],[84.53,18.771],[84.551,18.79],[84.557,18.817],[84.563,18.825],[84.575,18.838],[84.576,18.845],[84.586,18.867],[84.604,18.89],[84.637,18.922],[84.665,18.947],[84.684,18.968],[84.695,18.982],[84.746,19.048],[84.765,19.077]],[[82.226,16.759],[82.232,16.755],[82.223,16.748],[82.218,16.741],[82.217,16.733],[82.243,16.722],[82.257,16.72],[82.27,16.722],[82.275,16.727],[82.29,16.727],[82.305,16.748],[82.314,16.73],[82.31,16.719],[82.305,16.712],[82.29,16.702],[82.281,16.701],[82.267,16.695],[82.263,16.697],[82.239,16.716],[82.232,16.718],[82.205,16.717],[82.193,16.722],[82.195,16.73],[82.186,16.73],[82.186,16.737],[82.206,16.735],[82.214,16.753],[82.219,16.75],[82.226,16.759]]]},"properties":{"ST_NM":"Andhra Pradesh","id":"andhra-pradesh"}},{"type":"Feature","geometry":{"type":"MultiPolygon","coordinates":[[[[79.854,10.983],[79.851,10.994],[79.839,10.996],[79.84,11.002],[79.829,11.002],[79.819,10.999],[79.805,10.999],[79.803,10.988],[79.794,10.983],[79.779,10.997],[79.761,10.999],[79.756,11.004],[79.747,11.003],[79.748,10.99],[79.753,10.988],[79.754,10.977],[79.76,10.972],[79.759,10.961],[79.745,10.957],[79.745,10.966],[79.735,10.969],[79.721,10.969],[79.721,10.951],[79.731,10.947],[79.725,10.94],[79.725,10.929],[79.743,10.924],[79.745,10.916],[79.754,10.914],[79.758,10.909],[79.758,10.893],[79.765,10.896],[79.777,10.897],[79.777,10.905],[79.789,10.909],[79.792,10.898],[79.79,10.89],[79.8,10.887],[79.812,10.888],[79.824,10.884],[79.811,10.876],[79.822,10.874],[79.825,10.865],[79.818,10.864],[79.808,10.856],[79.821,10.846],[79.828,10.85],[79.831,10.827],[79.841,10.828],[79.852,10.831],[79.853,10.877],[79.852,10.887],[79.853,10.917],[79.853,10.924],[79.854,10.983]]],[[[75.537,11.694],[75.544,11.705],[75.534,11.709],[75.531,11.704],[75.537,11.694]]],[[[75.538,11.763],[75.532,11.759],[75.541,11.749],[75.54,11.735],[75.532,11.735],[75.527,11.726],[75.527,11.721],[75.547,11.716],[75.556,11.722],[75.556,11.728],[75.545,11.733],[75.542,11.737],[75.546,11.756],[75.538,11.763]]],[[[79.617,11.884],[79.608,11.877],[79.6,11.876],[79.603,11.869],[79.602,11.858],[79.614,11.863],[79.62,11.869],[79.628,11.87],[79.626,11.855],[79.647,11.85],[79.657,11.852],[79.663,11.861],[79.663,11.867],[79.649,11.871],[79.648,11.88],[79.641,11.887],[79.621,11.891],[79.617,11.884]]],[[[79.679,11.815],[79.675,11.804],[79.69,11.802],[79.688,11.812],[79.679,11.815]]],[[[79.807,11.834],[79.801,11.835],[79.798,11.828],[79.778,11.832],[79.773,11.823],[79.765,11.824],[79.764,11.834],[79.749,11.841],[79.737,11.842],[79.732,11.826],[79.736,11.809],[79.724,11.81],[79.723,11.797],[79.714,11.796],[79.712,11.792],[79.72,11.785],[79.732,11.781],[79.74,11.781],[79.756,11.775],[79.762,11.791],[79.771,11.79],[79.77,11.783],[79.78,11.781],[79.784,11.787],[79.796,11.785],[79.798,11.802],[79.807,11.834]]],[[[79.647,11.844],[79.643,11.826],[79.646,11.816],[79.663,11.813],[79.671,11.815],[79.671,11.824],[79.659,11.83],[79.662,11.839],[79.647,11.844]]],[[[79.693,11.822],[79.692,11.814],[79.703,11.813],[79.7,11.822],[79.693,11.822]]],[[[79.798,12.017],[79.805,12.025],[79.789,12.028],[79.788,12.019],[79.798,12.017]]],[[[82.226,16.759],[82.219,16.75],[82.214,16.753],[82.206,16.735],[82.186,16.737],[82.186,16.73],[82.195,16.73],[82.193,16.722],[82.205,16.717],[82.232,16.718],[82.239,16.716],[82.263,16.697],[82.267,16.695],[82.281,16.701],[82.29,16.702],[82.305,16.712],[82.31,16.719],[82.314,16.73],[82.305,16.748],[82.29,16.727],[82.275,16.727],[82.27,16.722],[82.257,16.72],[82.243,16.722],[82.217,16.733],[82.218,16.741],[82.223,16.748],[82.232,16.755],[82.226,16.759]]],[[[79.841,11.956],[79.833,11.957],[79.825,11.962],[79.818,11.978],[79.81,11.975],[79.803,11.953],[79.792,11.959],[79.785,11.96],[79.777,11.954],[79.771,11.944],[79.76,11.944],[79.761,11.931],[79.756,11.92],[79.749,11.922],[79.749,11.944],[79.744,11.965],[79.724,11.971],[79.726,11.986],[79.735,11.979],[79.743,11.978],[79.748,11.985],[79.76,11.989],[79.762,12.003],[79.748,12.008],[79.738,12.001],[79.733,11.993],[79.721,11.993],[79.711,11.975],[79.71,11.966],[79.703,11.967],[79.692,11.951],[79.697,11.942],[79.708,11.941],[79.71,11.95],[79.721,11.945],[79.717,11.929],[79.726,11.923],[79.741,11.905],[79.731,11.902],[79.729,11.89],[79.712,11.891],[79.705,11.894],[79.707,11.914],[79.718,11.913],[79.719,11.919],[79.696,11.919],[79.695,11.895],[79.674,11.892],[79.674,11.881],[79.685,11.881],[79.687,11.886],[79.71,11.889],[79.708,11.869],[79.713,11.861],[79.74,11.864],[79.744,11.858],[79.743,11.848],[79.754,11.85],[79.754,11.864],[79.759,11.869],[79.757,11.876],[79.77,11.875],[79.771,11.862],[79.764,11.847],[79.766,11.841],[79.774,11.837],[79.78,11.848],[79.782,11.856],[79.801,11.855],[79.808,11.845],[79.808,11.836],[79.815,11.86],[79.823,11.877],[79.826,11.893],[79.837,11.936],[79.841,11.956]],[[79.781,11.903],[79.788,11.897],[79.797,11.895],[79.792,11.878],[79.787,11.873],[79.785,11.863],[79.778,11.863],[79.78,11.876],[79.77,11.891],[79.775,11.905],[79.781,11.903]]],[[[79.686,11.973],[79.673,11.968],[79.662,11.969],[79.66,11.958],[79.654,11.954],[79.677,11.948],[79.683,11.954],[79.688,11.97],[79.686,11.973]]],[[[79.638,11.986],[79.646,12.006],[79.648,12.02],[79.644,12.028],[79.638,12.027],[79.628,12.032],[79.629,12.019],[79.621,12.014],[79.619,12.001],[79.626,12],[79.624,11.989],[79.624,11.976],[79.627,11.968],[79.628,11.945],[79.619,11.943],[79.618,11.926],[79.628,11.919],[79.625,11.903],[79.641,11.902],[79.641,11.908],[79.656,11.908],[79.669,11.918],[79.669,11.937],[79.664,11.938],[79.657,11.947],[79.643,11.942],[79.642,11.954],[79.647,11.953],[79.648,11.967],[79.641,11.97],[79.636,11.978],[79.638,11.986]]],[[[79.693,12.035],[79.691,12.029],[79.684,12.022],[79.676,12.022],[79.672,12.01],[79.661,12.012],[79.657,11.991],[79.663,11.99],[79.672,11.995],[79.681,11.983],[79.685,11.992],[79.694,11.99],[79.707,11.994],[79.718,11.995],[79.709,12.007],[79.703,12.011],[79.705,12.032],[79.693,12.035]]],[[[79.857,12.007],[79.874,12.043],[79.85,12.052],[79.843,12.034],[79.84,12.013],[79.857,12.007]]]]},"properties":{"ST_NM":"Puducherry","id":"puducherry"}},{"type":"Feature","geometry":{"type":"MultiPolygon","coordinates":[[[[75.716,21.388],[75.703,21.388],[75.688,21.384],[75.684,21.38],[75.67,21.375],[75.658,21.379],[75.643,21.376],[75.624,21.375],[75.617,21.381],[75.616,21.388],[75.607,21.392],[75.601,21.387],[75.591,21.387],[75.571,21.382],[75.567,21.374],[75.553,21.375],[75.542,21.369],[75.526,21.38],[75.52,21.387],[75.513,21.382],[75.496,21.387],[75.494,21.385],[75.476,21.386],[75.468,21.39],[75.458,21.387],[75.447,21.39],[75.44,21.384],[75.427,21.391],[75.419,21.387],[75.408,21.387],[75.398,21.38],[75.382,21.379],[75.366,21.396],[75.357,21.401],[75.352,21.391],[75.327,21.391],[75.316,21.388],[75.307,21.392],[75.3,21.391],[75.298,21.4],[75.301,21.41],[75.295,21.414],[75.283,21.408],[75.264,21.407],[75.257,21.403],[75.249,21.403],[75.239,21.413],[75.227,21.413],[75.222,21.408],[75.207,21.413],[75.18,21.431],[75.144,21.442],[75.126,21.449],[75.108,21.462],[75.099,21.485],[75.089,21.501],[75.09,21.515],[75.052,21.566],[75.02,21.569],[75.021,21.574],[74.979,21.595],[74.935,21.606],[74.91,21.615],[74.902,21.629],[74.869,21.631],[74.863,21.634],[74.857,21.627],[74.84,21.623],[74.831,21.617],[74.829,21.61],[74.815,21.609],[74.807,21.614],[74.784,21.611],[74.775,21.615],[74.749,21.618],[74.701,21.627],[74.693,21.633],[74.687,21.632],[74.675,21.646],[74.664,21.652],[74.623,21.657],[74.617,21.661],[74.582,21.665],[74.584,21.673],[74.581,21.683],[74.563,21.683],[74.555,21.691],[74.556,21.704],[74.548,21.719],[74.537,21.717],[74.513,21.719],[74.508,21.727],[74.512,21.745],[74.509,21.75],[74.513,21.757],[74.514,21.766],[74.502,21.781],[74.499,21.791],[74.5,21.807],[74.507,21.816],[74.51,21.829],[74.514,21.863],[74.514,21.89],[74.523,21.899],[74.524,21.912],[74.509,21.921],[74.513,21.932],[74.509,21.937],[74.5,21.939],[74.489,21.956],[74.464,21.966],[74.453,21.962],[74.439,21.977],[74.438,21.982],[74.441,22.003],[74.452,22.004],[74.443,22.012],[74.437,22.027],[74.432,22.03],[74.415,22.025],[74.39,22.022],[74.383,22.016],[74.376,22],[74.363,21.992],[74.351,21.978],[74.341,21.974],[74.309,21.972],[74.299,21.965],[74.294,21.957],[74.291,21.943],[74.281,21.933],[74.262,21.934],[74.246,21.931],[74.205,21.926],[74.194,21.926],[74.182,21.929],[74.172,21.94],[74.157,21.951],[74.147,21.953],[74.108,21.944],[74.094,21.938],[74.076,21.932],[74.053,21.927],[74.044,21.923],[74.029,21.911],[73.965,21.884],[73.945,21.874],[73.93,21.864],[73.909,21.857],[73.89,21.856],[73.871,21.841],[73.855,21.843],[73.826,21.843],[73.808,21.838],[73.796,21.824],[73.804,21.819],[73.808,21.81],[73.826,21.811],[73.832,21.771],[73.824,21.765],[73.826,21.758],[73.833,21.755],[73.836,21.747],[73.846,21.737],[73.852,21.736],[73.858,21.726],[73.868,21.718],[73.881,21.715],[73.886,21.707],[73.892,21.692],[73.894,21.671],[73.885,21.654],[73.874,21.647],[73.86,21.642],[73.851,21.645],[73.839,21.633],[73.83,21.643],[73.814,21.643],[73.812,21.64],[73.788,21.634],[73.78,21.628],[73.781,21.619],[73.788,21.616],[73.799,21.604],[73.812,21.603],[73.817,21.58],[73.823,21.564],[73.827,21.545],[73.833,21.538],[73.835,21.52],[73.846,21.508],[73.85,21.503],[73.853,21.497],[73.863,21.499],[73.863,21.498],[73.864,21.498],[73.865,21.499],[73.864,21.5],[73.873,21.506],[73.864,21.512],[73.869,21.513],[73.869,21.511],[73.873,21.511],[73.873,21.51],[73.878,21.504],[73.905,21.516],[73.905,21.519],[73.904,21.524],[73.916,21.519],[73.921,21.52],[73.921,21.523],[73.929,21.523],[73.929,21.52],[73.932,21.513],[73.932,21.512],[73.94,21.514],[73.94,21.515],[73.951,21.512],[73.951,21.513],[73.952,21.513],[73.951,21.515],[73.952,21.517],[73.952,21.518],[73.955,21.52],[73.954,21.524],[73.956,21.525],[73.954,21.534],[73.955,21.535],[73.955,21.54],[73.96,21.541],[73.962,21.527],[73.968,21.523],[73.982,21.522],[73.974,21.537],[73.974,21.538],[73.974,21.539],[73.974,21.543],[73.983,21.54],[73.993,21.542],[73.993,21.541],[73.996,21.539],[73.995,21.539],[73.995,21.538],[74.002,21.542],[74,21.545],[74.011,21.549],[74.01,21.549],[74.021,21.55],[74.035,21.546],[74.034,21.548],[74.038,21.551],[74.038,21.549],[74.038,21.545],[74.037,21.545],[74.043,21.545],[74.043,21.546],[74.048,21.545],[74.047,21.545],[74.049,21.544],[74.049,21.545],[74.051,21.545],[74.05,21.548],[74.053,21.547],[74.053,21.548],[74.055,21.55],[74.054,21.559],[74.06,21.55],[74.072,21.548],[74.082,21.549],[74.097,21.551],[74.098,21.556],[74.11,21.556],[74.12,21.552],[74.138,21.549],[74.139,21.555],[74.154,21.557],[74.158,21.569],[74.176,21.569],[74.176,21.556],[74.188,21.541],[74.2,21.532],[74.216,21.541],[74.218,21.545],[74.235,21.551],[74.236,21.539],[74.263,21.54],[74.268,21.553],[74.278,21.553],[74.276,21.562],[74.295,21.569],[74.303,21.567],[74.303,21.552],[74.314,21.551],[74.33,21.553],[74.331,21.535],[74.321,21.529],[74.322,21.52],[74.321,21.498],[74.304,21.499],[74.304,21.488],[74.28,21.483],[74.277,21.479],[74.256,21.477],[74.253,21.468],[74.236,21.468],[74.234,21.482],[74.214,21.482],[74.209,21.467],[74.209,21.462],[74.188,21.458],[74.182,21.469],[74.159,21.468],[74.148,21.458],[74.136,21.456],[74.134,21.466],[74.124,21.466],[74.117,21.462],[74.116,21.452],[74.101,21.448],[74.095,21.456],[74.073,21.457],[74.075,21.463],[74.07,21.472],[74.063,21.474],[74.062,21.464],[74.047,21.449],[74.05,21.44],[74.048,21.423],[74.044,21.419],[74.023,21.418],[74.008,21.423],[74.002,21.417],[73.978,21.407],[73.969,21.397],[73.952,21.395],[73.944,21.4],[73.945,21.381],[73.949,21.351],[73.946,21.343],[73.942,21.325],[73.943,21.3],[73.933,21.291],[73.922,21.289],[73.909,21.278],[73.903,21.278],[73.894,21.271],[73.879,21.266],[73.864,21.272],[73.849,21.275],[73.834,21.271],[73.823,21.265],[73.827,21.252],[73.828,21.24],[73.812,21.231],[73.811,21.209],[73.815,21.197],[73.826,21.2],[73.826,21.186],[73.82,21.186],[73.816,21.174],[73.803,21.175],[73.785,21.184],[73.783,21.174],[73.772,21.165],[73.758,21.167],[73.74,21.168],[73.73,21.165],[73.737,21.15],[73.733,21.142],[73.717,21.141],[73.711,21.145],[73.701,21.146],[73.702,21.154],[73.682,21.151],[73.675,21.153],[73.676,21.153],[73.664,21.152],[73.665,21.147],[73.643,21.139],[73.627,21.143],[73.63,21.151],[73.63,21.152],[73.63,21.153],[73.614,21.156],[73.607,21.161],[73.607,21.162],[73.607,21.163],[73.606,21.172],[73.607,21.179],[73.6,21.182],[73.594,21.174],[73.581,21.169],[73.577,21.171],[73.583,21.161],[73.577,21.156],[73.578,21.15],[73.599,21.156],[73.605,21.144],[73.617,21.143],[73.612,21.138],[73.618,21.118],[73.631,21.123],[73.646,21.121],[73.652,21.107],[73.677,21.108],[73.689,21.101],[73.703,21.118],[73.706,21.108],[73.733,21.098],[73.73,21.082],[73.745,21.077],[73.764,21.069],[73.78,21.064],[73.794,21.071],[73.808,21.085],[73.81,21.058],[73.795,21.044],[73.815,21.023],[73.834,21.008],[73.868,20.986],[73.889,20.98],[73.901,20.982],[73.903,20.972],[73.909,20.964],[73.892,20.956],[73.888,20.935],[73.901,20.92],[73.917,20.908],[73.923,20.891],[73.926,20.888],[73.924,20.851],[73.929,20.842],[73.939,20.838],[73.942,20.823],[73.938,20.814],[73.932,20.809],[73.936,20.802],[73.933,20.792],[73.935,20.773],[73.932,20.761],[73.942,20.758],[73.942,20.742],[73.935,20.736],[73.918,20.73],[73.917,20.725],[73.905,20.725],[73.895,20.731],[73.883,20.733],[73.874,20.73],[73.869,20.72],[73.863,20.703],[73.851,20.696],[73.839,20.698],[73.835,20.702],[73.826,20.701],[73.812,20.692],[73.817,20.679],[73.817,20.672],[73.831,20.675],[73.839,20.659],[73.833,20.649],[73.833,20.64],[73.838,20.621],[73.826,20.612],[73.819,20.614],[73.805,20.607],[73.8,20.601],[73.791,20.605],[73.775,20.599],[73.768,20.587],[73.764,20.587],[73.762,20.575],[73.746,20.568],[73.716,20.576],[73.697,20.576],[73.683,20.573],[73.67,20.563],[73.652,20.564],[73.651,20.568],[73.627,20.585],[73.627,20.596],[73.622,20.615],[73.612,20.626],[73.6,20.637],[73.586,20.642],[73.569,20.651],[73.558,20.646],[73.551,20.648],[73.531,20.674],[73.522,20.676],[73.518,20.668],[73.502,20.662],[73.496,20.654],[73.489,20.656],[73.484,20.67],[73.49,20.686],[73.484,20.691],[73.484,20.699],[73.476,20.709],[73.475,20.72],[73.467,20.722],[73.453,20.716],[73.445,20.71],[73.441,20.7],[73.448,20.692],[73.444,20.681],[73.432,20.677],[73.434,20.668],[73.429,20.663],[73.413,20.661],[73.406,20.655],[73.392,20.649],[73.394,20.641],[73.407,20.635],[73.409,20.626],[73.42,20.627],[73.424,20.614],[73.428,20.607],[73.429,20.596],[73.436,20.593],[73.449,20.594],[73.464,20.59],[73.474,20.583],[73.479,20.561],[73.475,20.544],[73.493,20.54],[73.493,20.536],[73.47,20.521],[73.467,20.509],[73.468,20.496],[73.458,20.49],[73.456,20.478],[73.445,20.475],[73.436,20.456],[73.431,20.452],[73.428,20.441],[73.421,20.428],[73.423,20.422],[73.398,20.404],[73.394,20.396],[73.389,20.398],[73.38,20.394],[73.38,20.377],[73.385,20.371],[73.399,20.384],[73.407,20.383],[73.407,20.373],[73.412,20.364],[73.414,20.352],[73.409,20.348],[73.419,20.33],[73.415,20.318],[73.421,20.307],[73.42,20.297],[73.427,20.278],[73.418,20.273],[73.413,20.264],[73.416,20.258],[73.411,20.238],[73.414,20.225],[73.418,20.223],[73.417,20.212],[73.421,20.206],[73.417,20.198],[73.406,20.196],[73.395,20.199],[73.386,20.196],[73.386,20.21],[73.378,20.211],[73.376,20.205],[73.366,20.204],[73.366,20.196],[73.355,20.199],[73.36,20.206],[73.358,20.213],[73.347,20.21],[73.343,20.199],[73.326,20.206],[73.316,20.203],[73.302,20.21],[73.296,20.207],[73.281,20.19],[73.282,20.167],[73.278,20.149],[73.265,20.14],[73.254,20.138],[73.255,20.127],[73.226,20.126],[73.226,20.14],[73.218,20.136],[73.217,20.128],[73.211,20.12],[73.215,20.119],[73.213,20.1],[73.213,20.091],[73.204,20.079],[73.197,20.076],[73.189,20.077],[73.187,20.059],[73.193,20.051],[73.171,20.052],[73.164,20.06],[73.156,20.065],[73.153,20.073],[73.147,20.073],[73.132,20.082],[73.111,20.074],[73.105,20.088],[73.084,20.091],[73.064,20.099],[73.056,20.099],[73.053,20.089],[73.053,20.064],[73.04,20.067],[73.022,20.09],[73.014,20.096],[73.008,20.108],[73.002,20.111],[72.999,20.119],[73.002,20.125],[73.013,20.13],[72.998,20.143],[72.992,20.118],[72.972,20.115],[72.969,20.124],[72.96,20.134],[72.964,20.143],[72.974,20.158],[72.974,20.172],[72.977,20.181],[72.962,20.184],[72.96,20.2],[72.961,20.208],[72.961,20.209],[72.962,20.209],[72.95,20.216],[72.933,20.216],[72.915,20.224],[72.908,20.223],[72.899,20.228],[72.89,20.22],[72.879,20.227],[72.87,20.228],[72.859,20.225],[72.861,20.207],[72.839,20.209],[72.831,20.197],[72.834,20.192],[72.821,20.188],[72.817,20.183],[72.82,20.176],[72.817,20.156],[72.822,20.154],[72.82,20.144],[72.81,20.152],[72.789,20.149],[72.787,20.139],[72.793,20.13],[72.794,20.123],[72.775,20.132],[72.754,20.131],[72.737,20.135],[72.737,20.113],[72.733,20.095],[72.726,20.082],[72.711,20.079],[72.708,20.071],[72.711,20.056],[72.715,20.044],[72.714,20.022],[72.718,20.015],[72.722,19.995],[72.729,19.98],[72.74,19.982],[72.747,19.979],[72.758,19.985],[72.768,19.978],[72.772,19.968],[72.769,19.964],[72.757,19.96],[72.756,19.948],[72.766,19.955],[72.774,19.946],[72.767,19.934],[72.765,19.925],[72.771,19.916],[72.775,19.901],[72.766,19.9],[72.761,19.884],[72.756,19.89],[72.758,19.899],[72.754,19.911],[72.747,19.918],[72.745,19.903],[72.734,19.911],[72.738,19.916],[72.735,19.924],[72.726,19.929],[72.726,19.934],[72.719,19.949],[72.726,19.952],[72.714,19.959],[72.715,19.967],[72.704,19.965],[72.699,19.958],[72.69,19.959],[72.682,19.943],[72.668,19.936],[72.664,19.931],[72.674,19.922],[72.676,19.915],[72.676,19.904],[72.68,19.9],[72.682,19.889],[72.681,19.877],[72.688,19.873],[72.673,19.856],[72.675,19.852],[72.658,19.847],[72.655,19.835],[72.667,19.821],[72.676,19.816],[72.686,19.801],[72.691,19.796],[72.687,19.781],[72.688,19.769],[72.685,19.759],[72.69,19.74],[72.704,19.736],[72.704,19.727],[72.695,19.727],[72.708,19.71],[72.711,19.688],[72.707,19.685],[72.708,19.674],[72.711,19.669],[72.714,19.646],[72.719,19.645],[72.726,19.634],[72.736,19.647],[72.742,19.65],[72.753,19.627],[72.75,19.619],[72.74,19.621],[72.74,19.626],[72.729,19.627],[72.727,19.621],[72.731,19.609],[72.729,19.602],[72.739,19.599],[72.744,19.603],[72.746,19.615],[72.756,19.616],[72.768,19.622],[72.782,19.602],[72.769,19.598],[72.76,19.601],[72.75,19.598],[72.748,19.592],[72.732,19.597],[72.723,19.592],[72.716,19.593],[72.716,19.573],[72.72,19.565],[72.724,19.545],[72.732,19.527],[72.738,19.53],[72.742,19.517],[72.758,19.509],[72.768,19.508],[72.767,19.502],[72.772,19.486],[72.763,19.474],[72.744,19.462],[72.758,19.422],[72.762,19.397],[72.758,19.376],[72.76,19.372],[72.776,19.358],[72.78,19.351],[72.8,19.33],[72.793,19.31],[72.787,19.307],[72.784,19.279],[72.78,19.277],[72.784,19.266],[72.783,19.251],[72.779,19.238],[72.78,19.23],[72.776,19.226],[72.786,19.205],[72.782,19.196],[72.797,19.195],[72.795,19.172],[72.79,19.171],[72.782,19.159],[72.789,19.151],[72.789,19.13],[72.802,19.14],[72.814,19.129],[72.823,19.111],[72.827,19.096],[72.825,19.08],[72.821,19.077],[72.823,19.057],[72.817,19.044],[72.824,19.042],[72.834,19.049],[72.838,19.043],[72.838,19.034],[72.834,19.026],[72.817,19.012],[72.811,19.001],[72.811,18.988],[72.814,18.983],[72.805,18.976],[72.803,18.966],[72.792,18.95],[72.793,18.942],[72.808,18.955],[72.817,18.952],[72.824,18.94],[72.822,18.931],[72.812,18.912],[72.806,18.912],[72.805,18.899],[72.811,18.894],[72.864,18.805],[72.864,18.771],[72.868,18.757],[72.863,18.743],[72.865,18.723],[72.857,18.696],[72.861,18.689],[72.864,18.667],[72.866,18.652],[72.872,18.64],[72.883,18.639],[72.889,18.621],[72.896,18.609],[72.91,18.578],[72.922,18.556],[72.924,18.545],[72.931,18.537],[72.917,18.531],[72.908,18.532],[72.912,18.52],[72.911,18.508],[72.905,18.502],[72.901,18.488],[72.902,18.476],[72.896,18.468],[72.895,18.458],[72.899,18.456],[72.905,18.443],[72.909,18.423],[72.906,18.411],[72.913,18.394],[72.922,18.394],[72.926,18.388],[72.925,18.373],[72.915,18.371],[72.911,18.366],[72.918,18.349],[72.932,18.351],[72.953,18.335],[72.959,18.319],[72.969,18.309],[72.969,18.302],[72.981,18.301],[72.988,18.288],[72.998,18.285],[73.008,18.287],[73.018,18.284],[73.028,18.265],[73.05,18.268],[73.053,18.272],[73.044,18.281],[73.042,18.291],[73.037,18.292],[73.043,18.311],[73.049,18.314],[73.054,18.307],[73.064,18.305],[73.077,18.312],[73.083,18.328],[73.088,18.336],[73.113,18.33],[73.109,18.326],[73.091,18.325],[73.083,18.312],[73.085,18.301],[73.09,18.289],[73.065,18.299],[73.053,18.302],[73.051,18.299],[73.052,18.281],[73.068,18.278],[73.073,18.263],[73.061,18.256],[73.07,18.241],[73.078,18.238],[73.081,18.222],[73.086,18.214],[73.077,18.207],[73.078,18.184],[73.083,18.18],[73.082,18.171],[73.095,18.168],[73.101,18.158],[73.106,18.141],[73.095,18.141],[73.079,18.153],[73.073,18.15],[73.064,18.162],[73.057,18.178],[73.051,18.182],[73.054,18.189],[73.051,18.198],[73.055,18.204],[73.062,18.203],[73.069,18.209],[73.065,18.214],[73.058,18.217],[73.044,18.226],[73.018,18.238],[73.009,18.245],[72.993,18.245],[72.983,18.24],[72.975,18.24],[72.973,18.249],[72.968,18.256],[72.973,18.262],[72.971,18.27],[72.964,18.28],[72.954,18.278],[72.948,18.285],[72.938,18.284],[72.937,18.275],[72.943,18.246],[72.942,18.233],[72.935,18.227],[72.933,18.218],[72.946,18.222],[72.957,18.218],[72.968,18.205],[72.976,18.201],[72.989,18.158],[72.982,18.138],[72.971,18.132],[72.979,18.113],[72.98,18.108],[72.988,18.103],[72.993,18.094],[72.999,18.075],[72.99,18.056],[72.994,18.051],[73.002,18.054],[73.009,18.05],[73.019,18.026],[73.004,18.02],[73.009,18.011],[73.017,18.007],[73.021,17.993],[73.031,17.99],[73.036,17.98],[73.031,17.969],[73.033,17.96],[73.029,17.95],[73.038,17.935],[73.056,17.932],[73.053,17.927],[73.055,17.917],[73.053,17.906],[73.064,17.891],[73.071,17.891],[73.075,17.876],[73.081,17.867],[73.082,17.86],[73.09,17.845],[73.088,17.837],[73.094,17.826],[73.091,17.813],[73.103,17.802],[73.121,17.756],[73.126,17.742],[73.131,17.73],[73.136,17.708],[73.125,17.7],[73.117,17.698],[73.114,17.69],[73.122,17.665],[73.131,17.657],[73.135,17.644],[73.127,17.638],[73.133,17.627],[73.137,17.613],[73.148,17.598],[73.177,17.583],[73.176,17.574],[73.168,17.577],[73.165,17.571],[73.156,17.568],[73.153,17.574],[73.14,17.567],[73.138,17.556],[73.142,17.546],[73.161,17.531],[73.181,17.51],[73.181,17.501],[73.193,17.47],[73.194,17.465],[73.184,17.456],[73.187,17.443],[73.2,17.44],[73.187,17.429],[73.188,17.415],[73.175,17.406],[73.168,17.404],[73.175,17.39],[73.184,17.385],[73.193,17.388],[73.206,17.385],[73.217,17.37],[73.215,17.364],[73.221,17.353],[73.215,17.346],[73.226,17.337],[73.219,17.329],[73.23,17.319],[73.237,17.319],[73.244,17.309],[73.24,17.304],[73.242,17.297],[73.249,17.296],[73.246,17.284],[73.235,17.286],[73.226,17.283],[73.225,17.3],[73.211,17.304],[73.207,17.299],[73.199,17.305],[73.191,17.304],[73.198,17.291],[73.205,17.27],[73.213,17.275],[73.224,17.266],[73.234,17.238],[73.235,17.227],[73.245,17.223],[73.248,17.196],[73.237,17.201],[73.236,17.193],[73.254,17.188],[73.264,17.153],[73.269,17.131],[73.273,17.12],[73.268,17.112],[73.283,17.113],[73.287,17.087],[73.285,17.079],[73.289,17.074],[73.288,17.053],[73.277,17.036],[73.269,17.045],[73.259,17.049],[73.257,17.043],[73.258,17.032],[73.257,17.022],[73.268,17.025],[73.278,17.022],[73.284,17.01],[73.284,17.001],[73.279,16.993],[73.296,16.984],[73.295,16.967],[73.292,16.956],[73.282,16.95],[73.288,16.934],[73.283,16.924],[73.287,16.916],[73.28,16.905],[73.283,16.893],[73.293,16.899],[73.303,16.891],[73.287,16.882],[73.288,16.874],[73.294,16.87],[73.291,16.844],[73.297,16.823],[73.296,16.817],[73.304,16.81],[73.316,16.807],[73.318,16.796],[73.309,16.782],[73.305,16.767],[73.308,16.749],[73.306,16.73],[73.31,16.727],[73.311,16.717],[73.319,16.704],[73.318,16.697],[73.33,16.687],[73.333,16.65],[73.328,16.641],[73.34,16.637],[73.341,16.629],[73.334,16.626],[73.335,16.62],[73.352,16.623],[73.347,16.612],[73.34,16.604],[73.33,16.609],[73.32,16.608],[73.322,16.584],[73.33,16.577],[73.334,16.559],[73.326,16.558],[73.314,16.544],[73.312,16.536],[73.318,16.53],[73.319,16.519],[73.328,16.507],[73.331,16.489],[73.342,16.474],[73.342,16.466],[73.35,16.446],[73.355,16.446],[73.359,16.433],[73.358,16.424],[73.365,16.412],[73.366,16.398],[73.378,16.396],[73.388,16.402],[73.401,16.404],[73.406,16.415],[73.419,16.411],[73.455,16.414],[73.457,16.41],[73.441,16.409],[73.437,16.407],[73.421,16.406],[73.412,16.408],[73.405,16.402],[73.405,16.394],[73.4,16.389],[73.391,16.395],[73.375,16.386],[73.369,16.38],[73.371,16.373],[73.368,16.364],[73.374,16.36],[73.384,16.359],[73.394,16.355],[73.386,16.339],[73.391,16.332],[73.396,16.318],[73.393,16.314],[73.399,16.301],[73.405,16.297],[73.408,16.285],[73.419,16.288],[73.412,16.273],[73.416,16.248],[73.421,16.243],[73.426,16.225],[73.428,16.202],[73.436,16.201],[73.44,16.192],[73.446,16.165],[73.457,16.129],[73.46,16.093],[73.458,16.08],[73.466,16.076],[73.465,16.066],[73.458,16.063],[73.457,16.054],[73.468,16.053],[73.468,16.046],[73.475,16.045],[73.483,16.036],[73.491,16.009],[73.49,15.988],[73.503,15.965],[73.504,15.951],[73.51,15.942],[73.533,15.933],[73.54,15.937],[73.551,15.927],[73.568,15.92],[73.569,15.914],[73.587,15.911],[73.597,15.897],[73.599,15.887],[73.604,15.885],[73.61,15.872],[73.614,15.855],[73.62,15.858],[73.629,15.847],[73.639,15.82],[73.636,15.817],[73.649,15.804],[73.66,15.773],[73.666,15.754],[73.653,15.744],[73.665,15.74],[73.675,15.727],[73.688,15.729],[73.694,15.723],[73.711,15.726],[73.731,15.721],[73.733,15.728],[73.743,15.736],[73.759,15.735],[73.773,15.728],[73.785,15.725],[73.789,15.734],[73.806,15.738],[73.81,15.743],[73.817,15.739],[73.825,15.742],[73.831,15.753],[73.829,15.764],[73.838,15.767],[73.84,15.775],[73.85,15.789],[73.856,15.801],[73.867,15.797],[73.866,15.785],[73.88,15.774],[73.872,15.759],[73.878,15.749],[73.893,15.748],[73.899,15.745],[73.909,15.748],[73.915,15.744],[73.939,15.743],[73.942,15.728],[73.952,15.713],[73.947,15.699],[73.957,15.7],[73.963,15.692],[73.963,15.671],[73.968,15.66],[73.961,15.648],[73.961,15.641],[73.971,15.627],[73.979,15.627],[73.991,15.611],[74.003,15.612],[74.021,15.606],[74.026,15.61],[74.032,15.622],[74.049,15.624],[74.084,15.634],[74.095,15.642],[74.113,15.646],[74.118,15.652],[74.111,15.658],[74.104,15.658],[74.094,15.663],[74.088,15.67],[74.091,15.675],[74.103,15.672],[74.115,15.675],[74.126,15.681],[74.132,15.694],[74.132,15.706],[74.127,15.711],[74.126,15.724],[74.142,15.734],[74.151,15.736],[74.153,15.744],[74.162,15.751],[74.19,15.752],[74.202,15.759],[74.209,15.781],[74.228,15.788],[74.233,15.785],[74.234,15.778],[74.228,15.771],[74.228,15.756],[74.24,15.743],[74.254,15.745],[74.268,15.755],[74.286,15.742],[74.308,15.749],[74.31,15.755],[74.319,15.758],[74.323,15.773],[74.345,15.765],[74.359,15.776],[74.368,15.786],[74.371,15.795],[74.37,15.811],[74.363,15.815],[74.367,15.826],[74.384,15.84],[74.383,15.849],[74.346,15.851],[74.346,15.862],[74.358,15.873],[74.363,15.875],[74.366,15.891],[74.376,15.883],[74.38,15.876],[74.383,15.86],[74.398,15.851],[74.406,15.855],[74.407,15.863],[74.398,15.87],[74.393,15.9],[74.387,15.905],[74.396,15.914],[74.408,15.931],[74.413,15.934],[74.428,15.952],[74.444,15.986],[74.443,15.992],[74.447,16.003],[74.455,16.02],[74.463,16.04],[74.451,16.054],[74.443,16.053],[74.433,16.059],[74.415,16.056],[74.406,16.052],[74.402,16.046],[74.381,16.036],[74.369,16.039],[74.377,16.055],[74.365,16.058],[74.372,16.07],[74.372,16.078],[74.392,16.081],[74.39,16.089],[74.407,16.094],[74.41,16.102],[74.429,16.112],[74.44,16.106],[74.459,16.104],[74.473,16.091],[74.482,16.089],[74.491,16.104],[74.491,16.117],[74.485,16.142],[74.481,16.149],[74.488,16.157],[74.49,16.177],[74.494,16.186],[74.507,16.191],[74.507,16.199],[74.497,16.212],[74.496,16.217],[74.503,16.225],[74.495,16.235],[74.491,16.235],[74.486,16.243],[74.478,16.251],[74.469,16.24],[74.456,16.244],[74.455,16.253],[74.441,16.251],[74.436,16.259],[74.418,16.258],[74.416,16.28],[74.408,16.283],[74.386,16.277],[74.38,16.271],[74.381,16.262],[74.373,16.262],[74.368,16.267],[74.363,16.286],[74.355,16.293],[74.345,16.288],[74.353,16.283],[74.351,16.275],[74.334,16.269],[74.325,16.272],[74.321,16.284],[74.328,16.293],[74.335,16.29],[74.342,16.294],[74.34,16.303],[74.325,16.317],[74.317,16.328],[74.319,16.343],[74.318,16.353],[74.324,16.357],[74.319,16.372],[74.328,16.383],[74.328,16.392],[74.339,16.391],[74.346,16.377],[74.347,16.368],[74.353,16.366],[74.354,16.382],[74.363,16.398],[74.364,16.405],[74.345,16.406],[74.335,16.401],[74.329,16.419],[74.337,16.429],[74.333,16.438],[74.336,16.446],[74.33,16.448],[74.332,16.456],[74.314,16.453],[74.306,16.455],[74.297,16.465],[74.289,16.463],[74.289,16.479],[74.292,16.486],[74.291,16.505],[74.28,16.505],[74.275,16.494],[74.274,16.486],[74.261,16.48],[74.256,16.49],[74.247,16.497],[74.253,16.501],[74.266,16.501],[74.278,16.505],[74.276,16.521],[74.27,16.522],[74.264,16.54],[74.271,16.548],[74.281,16.541],[74.281,16.531],[74.287,16.527],[74.292,16.534],[74.3,16.531],[74.306,16.504],[74.315,16.504],[74.316,16.545],[74.318,16.554],[74.327,16.556],[74.335,16.548],[74.346,16.555],[74.355,16.557],[74.359,16.54],[74.372,16.534],[74.379,16.528],[74.387,16.536],[74.389,16.551],[74.387,16.56],[74.392,16.564],[74.397,16.583],[74.421,16.586],[74.426,16.596],[74.436,16.601],[74.464,16.604],[74.467,16.607],[74.466,16.625],[74.459,16.636],[74.455,16.647],[74.456,16.655],[74.472,16.664],[74.475,16.647],[74.484,16.635],[74.491,16.63],[74.501,16.633],[74.525,16.633],[74.545,16.635],[74.543,16.627],[74.544,16.595],[74.559,16.595],[74.567,16.585],[74.565,16.58],[74.556,16.574],[74.555,16.565],[74.56,16.563],[74.569,16.554],[74.575,16.559],[74.583,16.559],[74.588,16.566],[74.599,16.564],[74.609,16.569],[74.622,16.58],[74.629,16.578],[74.636,16.584],[74.633,16.592],[74.636,16.607],[74.643,16.611],[74.654,16.604],[74.661,16.603],[74.675,16.609],[74.683,16.606],[74.689,16.61],[74.689,16.617],[74.67,16.63],[74.662,16.631],[74.654,16.639],[74.657,16.643],[74.665,16.666],[74.68,16.666],[74.679,16.673],[74.689,16.677],[74.69,16.696],[74.688,16.709],[74.691,16.716],[74.706,16.715],[74.732,16.718],[74.737,16.724],[74.753,16.731],[74.76,16.741],[74.769,16.745],[74.775,16.752],[74.796,16.748],[74.799,16.754],[74.845,16.762],[74.85,16.773],[74.866,16.764],[74.869,16.774],[74.888,16.771],[74.92,16.773],[74.911,16.789],[74.91,16.835],[74.908,16.85],[74.902,16.863],[74.927,16.864],[74.926,16.872],[74.935,16.871],[74.936,16.879],[74.945,16.881],[74.961,16.881],[74.964,16.911],[74.945,16.911],[74.933,16.92],[74.934,16.924],[74.922,16.93],[74.923,16.939],[74.938,16.944],[74.948,16.939],[74.95,16.934],[74.959,16.928],[74.961,16.94],[74.964,16.948],[74.97,16.95],[74.989,16.952],[75.004,16.946],[75.027,16.944],[75.029,16.932],[75.036,16.933],[75.041,16.94],[75.048,16.943],[75.064,16.942],[75.074,16.95],[75.089,16.952],[75.092,16.94],[75.092,16.926],[75.096,16.914],[75.118,16.913],[75.12,16.903],[75.135,16.895],[75.133,16.889],[75.137,16.874],[75.158,16.868],[75.177,16.868],[75.189,16.875],[75.183,16.854],[75.183,16.843],[75.213,16.842],[75.228,16.843],[75.238,16.868],[75.265,16.863],[75.273,16.869],[75.282,16.88],[75.29,16.904],[75.283,16.91],[75.279,16.923],[75.28,16.957],[75.317,16.957],[75.342,16.956],[75.351,16.958],[75.369,16.972],[75.392,16.98],[75.412,16.974],[75.428,16.967],[75.442,16.982],[75.466,16.988],[75.466,16.981],[75.483,16.976],[75.49,16.956],[75.489,16.944],[75.51,16.95],[75.529,16.969],[75.539,16.965],[75.563,16.968],[75.566,16.981],[75.567,17.009],[75.574,17.01],[75.607,17.005],[75.606,16.994],[75.61,16.972],[75.632,16.971],[75.637,16.969],[75.638,16.958],[75.646,16.954],[75.655,16.962],[75.67,16.962],[75.675,16.966],[75.672,16.976],[75.666,16.98],[75.666,16.994],[75.668,17.009],[75.67,17.038],[75.652,17.032],[75.641,17.038],[75.65,17.057],[75.66,17.064],[75.677,17.065],[75.679,17.078],[75.673,17.091],[75.672,17.116],[75.65,17.116],[75.65,17.134],[75.646,17.144],[75.628,17.163],[75.626,17.177],[75.629,17.189],[75.64,17.189],[75.644,17.199],[75.656,17.206],[75.662,17.215],[75.659,17.239],[75.658,17.263],[75.654,17.274],[75.63,17.274],[75.622,17.295],[75.604,17.306],[75.612,17.325],[75.61,17.345],[75.595,17.346],[75.581,17.351],[75.577,17.376],[75.574,17.383],[75.594,17.387],[75.609,17.394],[75.611,17.41],[75.607,17.42],[75.613,17.424],[75.616,17.439],[75.622,17.459],[75.628,17.463],[75.633,17.477],[75.648,17.471],[75.657,17.46],[75.675,17.457],[75.679,17.451],[75.678,17.434],[75.684,17.417],[75.691,17.409],[75.705,17.407],[75.718,17.41],[75.731,17.42],[75.738,17.418],[75.753,17.407],[75.765,17.406],[75.768,17.402],[75.772,17.386],[75.78,17.376],[75.791,17.37],[75.804,17.368],[75.814,17.373],[75.814,17.396],[75.818,17.407],[75.822,17.421],[75.83,17.422],[75.85,17.412],[75.854,17.404],[75.857,17.387],[75.863,17.386],[75.875,17.398],[75.875,17.412],[75.883,17.418],[75.892,17.408],[75.894,17.401],[75.895,17.376],[75.89,17.361],[75.895,17.351],[75.907,17.347],[75.914,17.34],[75.926,17.325],[75.934,17.323],[75.949,17.33],[75.969,17.336],[75.984,17.336],[76,17.339],[76.01,17.352],[76.038,17.352],[76.055,17.356],[76.062,17.355],[76.072,17.335],[76.077,17.332],[76.087,17.336],[76.092,17.35],[76.089,17.353],[76.1,17.365],[76.12,17.37],[76.133,17.358],[76.144,17.352],[76.163,17.345],[76.165,17.303],[76.176,17.301],[76.181,17.309],[76.179,17.319],[76.173,17.336],[76.17,17.352],[76.18,17.358],[76.196,17.364],[76.212,17.362],[76.23,17.365],[76.229,17.376],[76.244,17.379],[76.249,17.371],[76.251,17.36],[76.272,17.361],[76.276,17.335],[76.318,17.332],[76.319,17.339],[76.314,17.348],[76.345,17.354],[76.346,17.347],[76.354,17.324],[76.354,17.314],[76.383,17.315],[76.385,17.324],[76.397,17.347],[76.412,17.351],[76.409,17.371],[76.383,17.374],[76.363,17.378],[76.369,17.402],[76.372,17.436],[76.347,17.437],[76.333,17.434],[76.333,17.455],[76.331,17.47],[76.35,17.474],[76.368,17.483],[76.375,17.489],[76.375,17.496],[76.363,17.496],[76.346,17.493],[76.343,17.501],[76.347,17.513],[76.366,17.516],[76.364,17.536],[76.342,17.541],[76.339,17.554],[76.332,17.574],[76.332,17.596],[76.337,17.597],[76.35,17.594],[76.378,17.598],[76.382,17.602],[76.392,17.601],[76.399,17.604],[76.42,17.604],[76.426,17.624],[76.429,17.645],[76.442,17.649],[76.455,17.65],[76.459,17.658],[76.487,17.658],[76.485,17.687],[76.487,17.715],[76.501,17.718],[76.524,17.715],[76.527,17.739],[76.523,17.76],[76.531,17.758],[76.563,17.765],[76.573,17.761],[76.564,17.751],[76.568,17.742],[76.57,17.705],[76.587,17.707],[76.593,17.722],[76.6,17.725],[76.601,17.738],[76.606,17.759],[76.612,17.77],[76.618,17.768],[76.629,17.756],[76.628,17.751],[76.633,17.728],[76.653,17.722],[76.66,17.708],[76.664,17.688],[76.671,17.691],[76.691,17.684],[76.694,17.696],[76.692,17.706],[76.701,17.709],[76.704,17.723],[76.71,17.732],[76.728,17.737],[76.724,17.748],[76.718,17.753],[76.721,17.769],[76.712,17.773],[76.714,17.781],[76.721,17.788],[76.734,17.782],[76.751,17.787],[76.762,17.787],[76.767,17.798],[76.776,17.798],[76.783,17.807],[76.784,17.819],[76.789,17.825],[76.787,17.833],[76.779,17.836],[76.774,17.846],[76.767,17.852],[76.752,17.858],[76.738,17.859],[76.741,17.895],[76.74,17.9],[76.757,17.899],[76.768,17.901],[76.774,17.888],[76.775,17.878],[76.808,17.871],[76.81,17.887],[76.831,17.886],[76.832,17.895],[76.84,17.899],[76.852,17.901],[76.874,17.898],[76.884,17.895],[76.894,17.899],[76.902,17.916],[76.919,17.916],[76.921,17.942],[76.917,17.948],[76.912,17.978],[76.913,17.997],[76.906,18.002],[76.906,18.01],[76.912,18.017],[76.914,18.035],[76.937,18.037],[76.952,18.04],[76.945,18.049],[76.951,18.058],[76.951,18.066],[76.945,18.082],[76.962,18.089],[76.966,18.098],[76.954,18.111],[76.937,18.115],[76.934,18.113],[76.921,18.118],[76.92,18.125],[76.931,18.133],[76.924,18.147],[76.932,18.16],[76.942,18.156],[76.948,18.166],[76.952,18.188],[76.963,18.19],[76.977,18.189],[76.991,18.19],[76.997,18.165],[77.008,18.16],[77.023,18.159],[77.026,18.162],[77.023,18.176],[77.033,18.182],[77.051,18.172],[77.053,18.159],[77.064,18.151],[77.086,18.151],[77.099,18.158],[77.113,18.157],[77.116,18.171],[77.098,18.193],[77.098,18.197],[77.11,18.204],[77.128,18.208],[77.14,18.208],[77.143,18.217],[77.149,18.221],[77.152,18.238],[77.159,18.256],[77.17,18.261],[77.172,18.279],[77.175,18.285],[77.188,18.285],[77.198,18.277],[77.207,18.281],[77.209,18.288],[77.203,18.299],[77.203,18.305],[77.199,18.315],[77.202,18.322],[77.212,18.316],[77.219,18.326],[77.223,18.34],[77.23,18.348],[77.224,18.355],[77.226,18.365],[77.235,18.37],[77.246,18.371],[77.248,18.376],[77.239,18.379],[77.234,18.388],[77.235,18.397],[77.242,18.413],[77.259,18.413],[77.266,18.422],[77.273,18.423],[77.279,18.43],[77.287,18.431],[77.301,18.438],[77.317,18.443],[77.32,18.458],[77.327,18.452],[77.336,18.45],[77.336,18.442],[77.345,18.434],[77.354,18.448],[77.366,18.452],[77.365,18.435],[77.368,18.413],[77.373,18.401],[77.392,18.4],[77.4,18.402],[77.414,18.393],[77.413,18.385],[77.408,18.376],[77.395,18.368],[77.399,18.36],[77.4,18.347],[77.395,18.348],[77.376,18.332],[77.371,18.325],[77.357,18.32],[77.366,18.307],[77.385,18.309],[77.395,18.304],[77.41,18.302],[77.428,18.312],[77.438,18.31],[77.437,18.292],[77.44,18.283],[77.446,18.284],[77.448,18.27],[77.465,18.263],[77.476,18.265],[77.481,18.272],[77.493,18.267],[77.499,18.277],[77.505,18.277],[77.512,18.285],[77.509,18.304],[77.513,18.31],[77.524,18.308],[77.532,18.299],[77.551,18.292],[77.553,18.298],[77.571,18.308],[77.571,18.318],[77.565,18.322],[77.558,18.331],[77.532,18.339],[77.523,18.345],[77.52,18.358],[77.526,18.373],[77.546,18.389],[77.552,18.389],[77.553,18.402],[77.557,18.419],[77.537,18.424],[77.528,18.429],[77.529,18.443],[77.537,18.445],[77.548,18.443],[77.56,18.437],[77.584,18.445],[77.584,18.456],[77.564,18.461],[77.551,18.46],[77.549,18.469],[77.573,18.47],[77.576,18.487],[77.592,18.485],[77.594,18.477],[77.603,18.477],[77.606,18.489],[77.605,18.496],[77.594,18.498],[77.586,18.504],[77.588,18.513],[77.597,18.516],[77.6,18.527],[77.595,18.536],[77.596,18.549],[77.627,18.552],[77.634,18.544],[77.64,18.555],[77.652,18.552],[77.649,18.541],[77.651,18.532],[77.661,18.532],[77.665,18.536],[77.682,18.545],[77.688,18.545],[77.702,18.555],[77.712,18.556],[77.723,18.553],[77.739,18.557],[77.737,18.564],[77.74,18.575],[77.75,18.589],[77.746,18.606],[77.746,18.621],[77.735,18.641],[77.731,18.645],[77.731,18.657],[77.736,18.661],[77.73,18.667],[77.743,18.681],[77.749,18.683],[77.751,18.695],[77.76,18.707],[77.768,18.706],[77.773,18.701],[77.772,18.689],[77.787,18.683],[77.79,18.695],[77.796,18.698],[77.797,18.705],[77.804,18.713],[77.804,18.726],[77.812,18.739],[77.827,18.77],[77.833,18.79],[77.838,18.795],[77.84,18.805],[77.858,18.809],[77.871,18.818],[77.891,18.82],[77.907,18.827],[77.93,18.822],[77.943,18.825],[77.948,18.829],[77.949,18.843],[77.935,18.845],[77.937,18.852],[77.93,18.859],[77.914,18.861],[77.903,18.867],[77.904,18.881],[77.892,18.881],[77.884,18.905],[77.856,18.903],[77.843,18.909],[77.848,18.927],[77.853,18.933],[77.859,18.949],[77.842,18.95],[77.832,18.942],[77.816,18.947],[77.82,18.954],[77.818,18.96],[77.822,18.979],[77.805,18.982],[77.791,18.983],[77.788,18.973],[77.772,18.979],[77.774,18.997],[77.769,19.02],[77.763,19.029],[77.762,19.036],[77.765,19.047],[77.765,19.063],[77.775,19.056],[77.79,19.055],[77.8,19.051],[77.797,19.071],[77.802,19.076],[77.805,19.101],[77.817,19.106],[77.826,19.097],[77.83,19.087],[77.849,19.086],[77.851,19.092],[77.846,19.101],[77.848,19.116],[77.842,19.118],[77.838,19.128],[77.838,19.138],[77.843,19.141],[77.853,19.155],[77.853,19.167],[77.856,19.177],[77.861,19.18],[77.848,19.19],[77.854,19.202],[77.858,19.214],[77.866,19.226],[77.867,19.24],[77.871,19.254],[77.882,19.26],[77.903,19.256],[77.908,19.268],[77.903,19.278],[77.884,19.279],[77.866,19.284],[77.866,19.293],[77.863,19.304],[77.89,19.313],[77.895,19.321],[77.912,19.316],[77.932,19.335],[77.938,19.334],[77.944,19.343],[77.962,19.336],[77.967,19.327],[77.977,19.323],[77.986,19.309],[77.995,19.305],[77.999,19.3],[78.014,19.294],[78.015,19.279],[78.043,19.271],[78.042,19.262],[78.036,19.251],[78.041,19.244],[78.056,19.237],[78.064,19.248],[78.072,19.249],[78.079,19.255],[78.082,19.243],[78.089,19.239],[78.095,19.244],[78.113,19.244],[78.117,19.249],[78.134,19.239],[78.143,19.23],[78.151,19.229],[78.158,19.236],[78.165,19.235],[78.175,19.238],[78.182,19.248],[78.178,19.254],[78.177,19.278],[78.183,19.285],[78.194,19.314],[78.192,19.326],[78.176,19.335],[78.172,19.349],[78.172,19.36],[78.177,19.367],[78.188,19.395],[78.176,19.412],[78.184,19.412],[78.192,19.407],[78.199,19.41],[78.203,19.42],[78.212,19.428],[78.22,19.433],[78.236,19.427],[78.245,19.429],[78.247,19.435],[78.253,19.437],[78.269,19.448],[78.27,19.456],[78.287,19.449],[78.304,19.456],[78.309,19.481],[78.299,19.497],[78.292,19.524],[78.293,19.542],[78.284,19.541],[78.275,19.552],[78.275,19.562],[78.294,19.559],[78.304,19.569],[78.301,19.579],[78.304,19.585],[78.305,19.603],[78.304,19.608],[78.294,19.619],[78.29,19.646],[78.281,19.651],[78.279,19.658],[78.271,19.659],[78.263,19.665],[78.27,19.676],[78.276,19.692],[78.288,19.688],[78.3,19.688],[78.312,19.691],[78.316,19.703],[78.322,19.708],[78.343,19.713],[78.339,19.724],[78.341,19.736],[78.349,19.738],[78.356,19.754],[78.359,19.769],[78.364,19.779],[78.365,19.781],[78.357,19.805],[78.345,19.813],[78.334,19.815],[78.336,19.838],[78.32,19.842],[78.3,19.841],[78.286,19.848],[78.285,19.857],[78.292,19.862],[78.298,19.872],[78.302,19.887],[78.307,19.914],[78.326,19.917],[78.332,19.913],[78.334,19.905],[78.325,19.898],[78.329,19.887],[78.337,19.883],[78.36,19.883],[78.371,19.88],[78.381,19.88],[78.382,19.855],[78.387,19.845],[78.403,19.832],[78.423,19.818],[78.439,19.813],[78.456,19.813],[78.469,19.818],[78.475,19.816],[78.483,19.804],[78.485,19.796],[78.495,19.793],[78.508,19.8],[78.509,19.812],[78.515,19.819],[78.53,19.818],[78.542,19.824],[78.553,19.824],[78.572,19.816],[78.588,19.819],[78.611,19.816],[78.613,19.815],[78.626,19.808],[78.643,19.808],[78.655,19.8],[78.666,19.8],[78.675,19.795],[78.699,19.789],[78.706,19.772],[78.719,19.767],[78.725,19.769],[78.731,19.781],[78.738,19.783],[78.748,19.78],[78.759,19.773],[78.771,19.779],[78.786,19.777],[78.796,19.767],[78.797,19.76],[78.807,19.757],[78.819,19.762],[78.826,19.755],[78.841,19.762],[78.841,19.755],[78.845,19.747],[78.852,19.728],[78.849,19.722],[78.86,19.689],[78.856,19.687],[78.856,19.677],[78.852,19.659],[78.868,19.659],[78.888,19.655],[78.902,19.67],[78.921,19.666],[78.92,19.662],[78.945,19.662],[78.955,19.656],[78.962,19.637],[78.955,19.619],[78.956,19.6],[78.959,19.595],[78.972,19.59],[78.973,19.582],[78.966,19.574],[78.947,19.562],[78.938,19.562],[78.94,19.552],[78.952,19.549],[78.972,19.55],[78.981,19.561],[78.998,19.549],[78.998,19.54],[79.007,19.542],[79.024,19.542],[79.046,19.548],[79.065,19.54],[79.077,19.532],[79.096,19.533],[79.105,19.522],[79.113,19.521],[79.123,19.511],[79.136,19.506],[79.158,19.489],[79.162,19.488],[79.167,19.473],[79.18,19.462],[79.19,19.459],[79.208,19.465],[79.222,19.468],[79.223,19.472],[79.216,19.481],[79.211,19.482],[79.204,19.49],[79.207,19.506],[79.221,19.521],[79.234,19.52],[79.24,19.535],[79.237,19.557],[79.246,19.568],[79.251,19.578],[79.253,19.593],[79.244,19.595],[79.239,19.606],[79.244,19.617],[79.251,19.616],[79.273,19.599],[79.283,19.596],[79.307,19.597],[79.31,19.572],[79.319,19.568],[79.318,19.577],[79.335,19.575],[79.366,19.576],[79.369,19.573],[79.373,19.561],[79.386,19.558],[79.406,19.536],[79.42,19.53],[79.423,19.538],[79.433,19.537],[79.442,19.528],[79.469,19.51],[79.471,19.5],[79.483,19.506],[79.501,19.507],[79.502,19.512],[79.514,19.519],[79.516,19.52],[79.519,19.52],[79.521,19.535],[79.519,19.543],[79.529,19.551],[79.54,19.555],[79.546,19.55],[79.547,19.539],[79.551,19.527],[79.569,19.518],[79.584,19.509],[79.594,19.507],[79.6,19.51],[79.606,19.532],[79.615,19.561],[79.624,19.571],[79.632,19.575],[79.658,19.58],[79.675,19.58],[79.689,19.584],[79.709,19.584],[79.714,19.587],[79.735,19.605],[79.744,19.609],[79.753,19.608],[79.779,19.6],[79.799,19.582],[79.816,19.574],[79.824,19.557],[79.825,19.551],[79.832,19.539],[79.844,19.534],[79.848,19.527],[79.864,19.511],[79.881,19.504],[79.905,19.5],[79.917,19.494],[79.934,19.476],[79.944,19.471],[79.948,19.461],[79.948,19.45],[79.952,19.441],[79.968,19.423],[79.975,19.411],[79.977,19.394],[79.968,19.36],[79.968,19.357],[79.959,19.336],[79.96,19.329],[79.966,19.311],[79.966,19.304],[79.962,19.297],[79.954,19.293],[79.936,19.264],[79.931,19.25],[79.925,19.228],[79.924,19.215],[79.93,19.202],[79.942,19.184],[79.947,19.174],[79.945,19.167],[79.931,19.155],[79.917,19.147],[79.874,19.124],[79.864,19.115],[79.859,19.108],[79.858,19.096],[79.863,19.08],[79.864,19.067],[79.87,19.042],[79.874,19.039],[79.902,19.041],[79.921,19.05],[79.933,19.047],[79.938,19.041],[79.942,19.013],[79.942,18.992],[79.951,18.962],[79.955,18.952],[79.958,18.936],[79.957,18.923],[79.954,18.903],[79.959,18.889],[79.962,18.867],[79.959,18.859],[79.943,18.847],[79.928,18.841],[79.919,18.834],[79.914,18.826],[79.921,18.81],[79.929,18.803],[79.951,18.788],[79.959,18.777],[79.973,18.772],[79.996,18.771],[80.001,18.776],[80.019,18.77],[80.027,18.754],[80.036,18.755],[80.041,18.743],[80.055,18.724],[80.063,18.724],[80.069,18.72],[80.074,18.711],[80.088,18.708],[80.099,18.695],[80.112,18.683],[80.125,18.682],[80.129,18.687],[80.14,18.693],[80.148,18.693],[80.156,18.701],[80.165,18.701],[80.17,18.697],[80.179,18.683],[80.197,18.681],[80.199,18.691],[80.211,18.705],[80.218,18.708],[80.23,18.702],[80.238,18.706],[80.248,18.706],[80.265,18.722],[80.273,18.723],[80.259,18.743],[80.244,18.756],[80.245,18.765],[80.25,18.769],[80.266,18.768],[80.275,18.765],[80.288,18.774],[80.297,18.792],[80.306,18.798],[80.323,18.799],[80.343,18.813],[80.351,18.815],[80.354,18.827],[80.352,18.842],[80.335,18.869],[80.326,18.881],[80.317,18.888],[80.3,18.911],[80.274,18.932],[80.27,18.941],[80.269,18.95],[80.274,18.972],[80.274,18.995],[80.291,19.008],[80.303,19.022],[80.305,19.027],[80.297,19.048],[80.32,19.066],[80.329,19.07],[80.331,19.081],[80.328,19.095],[80.34,19.1],[80.336,19.112],[80.331,19.12],[80.331,19.128],[80.328,19.135],[80.334,19.146],[80.34,19.146],[80.348,19.152],[80.348,19.16],[80.389,19.181],[80.394,19.189],[80.392,19.202],[80.384,19.215],[80.387,19.233],[80.394,19.245],[80.405,19.249],[80.419,19.251],[80.438,19.258],[80.454,19.273],[80.457,19.288],[80.463,19.301],[80.47,19.312],[80.477,19.33],[80.486,19.341],[80.496,19.343],[80.507,19.342],[80.52,19.348],[80.539,19.378],[80.563,19.399],[80.573,19.402],[80.579,19.401],[80.592,19.376],[80.588,19.371],[80.59,19.352],[80.608,19.326],[80.608,19.318],[80.613,19.309],[80.623,19.306],[80.633,19.308],[80.637,19.313],[80.649,19.317],[80.653,19.322],[80.672,19.329],[80.683,19.329],[80.693,19.315],[80.689,19.295],[80.69,19.287],[80.71,19.282],[80.727,19.287],[80.738,19.285],[80.744,19.289],[80.751,19.287],[80.76,19.291],[80.774,19.314],[80.79,19.323],[80.806,19.328],[80.81,19.337],[80.832,19.349],[80.846,19.355],[80.853,19.364],[80.85,19.369],[80.843,19.371],[80.827,19.382],[80.812,19.407],[80.81,19.42],[80.813,19.434],[80.83,19.443],[80.842,19.447],[80.864,19.445],[80.874,19.445],[80.882,19.452],[80.894,19.467],[80.898,19.482],[80.896,19.501],[80.896,19.519],[80.884,19.526],[80.873,19.519],[80.857,19.523],[80.845,19.538],[80.84,19.549],[80.838,19.562],[80.837,19.563],[80.824,19.567],[80.817,19.571],[80.807,19.569],[80.797,19.562],[80.788,19.56],[80.775,19.562],[80.767,19.576],[80.77,19.587],[80.761,19.591],[80.757,19.597],[80.746,19.601],[80.741,19.606],[80.715,19.617],[80.706,19.614],[80.688,19.613],[80.67,19.609],[80.665,19.612],[80.663,19.622],[80.669,19.641],[80.677,19.652],[80.68,19.683],[80.676,19.699],[80.649,19.712],[80.64,19.725],[80.627,19.726],[80.621,19.733],[80.611,19.738],[80.587,19.741],[80.582,19.751],[80.571,19.759],[80.553,19.765],[80.544,19.776],[80.542,19.783],[80.548,19.797],[80.545,19.806],[80.547,19.818],[80.52,19.832],[80.504,19.831],[80.5,19.828],[80.481,19.828],[80.469,19.81],[80.476,19.803],[80.485,19.802],[80.49,19.79],[80.49,19.771],[80.483,19.773],[80.479,19.783],[80.468,19.789],[80.466,19.794],[80.449,19.79],[80.44,19.796],[80.424,19.799],[80.405,19.794],[80.408,19.805],[80.404,19.814],[80.41,19.816],[80.421,19.813],[80.432,19.807],[80.441,19.81],[80.46,19.823],[80.469,19.827],[80.474,19.837],[80.479,19.839],[80.486,19.863],[80.506,19.871],[80.501,19.887],[80.494,19.9],[80.474,19.904],[80.469,19.908],[80.453,19.904],[80.45,19.896],[80.429,19.903],[80.424,19.902],[80.408,19.913],[80.412,19.924],[80.411,19.938],[80.43,19.941],[80.452,19.957],[80.466,19.948],[80.473,19.951],[80.479,19.944],[80.481,19.934],[80.5,19.928],[80.524,19.934],[80.53,19.939],[80.531,19.947],[80.539,19.952],[80.536,19.966],[80.538,19.975],[80.549,19.984],[80.55,20.001],[80.543,20.011],[80.548,20.033],[80.551,20.041],[80.549,20.055],[80.557,20.07],[80.555,20.08],[80.544,20.096],[80.552,20.111],[80.552,20.118],[80.543,20.121],[80.531,20.132],[80.511,20.137],[80.506,20.144],[80.488,20.144],[80.46,20.151],[80.455,20.145],[80.455,20.138],[80.447,20.136],[80.43,20.136],[80.426,20.14],[80.402,20.147],[80.389,20.165],[80.397,20.174],[80.401,20.19],[80.421,20.196],[80.422,20.207],[80.406,20.218],[80.395,20.237],[80.398,20.244],[80.409,20.246],[80.425,20.253],[80.431,20.252],[80.451,20.258],[80.462,20.269],[80.471,20.273],[80.488,20.276],[80.499,20.275],[80.517,20.266],[80.532,20.281],[80.546,20.298],[80.546,20.306],[80.557,20.308],[80.589,20.318],[80.611,20.318],[80.622,20.325],[80.626,20.333],[80.615,20.351],[80.615,20.363],[80.609,20.37],[80.611,20.375],[80.594,20.386],[80.591,20.393],[80.599,20.411],[80.6,20.418],[80.608,20.424],[80.614,20.436],[80.602,20.451],[80.613,20.463],[80.616,20.488],[80.615,20.491],[80.62,20.505],[80.617,20.515],[80.621,20.532],[80.615,20.549],[80.623,20.555],[80.626,20.567],[80.621,20.57],[80.625,20.578],[80.617,20.586],[80.623,20.589],[80.629,20.6],[80.612,20.601],[80.601,20.609],[80.581,20.608],[80.565,20.604],[80.558,20.594],[80.545,20.59],[80.539,20.585],[80.522,20.58],[80.504,20.583],[80.502,20.595],[80.491,20.605],[80.481,20.618],[80.489,20.633],[80.521,20.657],[80.531,20.66],[80.546,20.661],[80.552,20.668],[80.559,20.671],[80.58,20.673],[80.588,20.683],[80.582,20.697],[80.567,20.707],[80.56,20.726],[80.563,20.734],[80.563,20.747],[80.552,20.764],[80.552,20.781],[80.549,20.795],[80.559,20.811],[80.561,20.831],[80.556,20.839],[80.557,20.861],[80.554,20.87],[80.556,20.888],[80.548,20.912],[80.542,20.924],[80.542,20.93],[80.535,20.934],[80.519,20.93],[80.504,20.931],[80.493,20.929],[80.464,20.929],[80.462,20.939],[80.455,20.946],[80.449,20.965],[80.445,20.971],[80.443,20.995],[80.426,21.006],[80.439,21.027],[80.45,21.03],[80.454,21.052],[80.447,21.064],[80.446,21.084],[80.439,21.096],[80.446,21.105],[80.448,21.112],[80.445,21.121],[80.453,21.137],[80.461,21.157],[80.464,21.175],[80.481,21.172],[80.487,21.177],[80.503,21.185],[80.515,21.183],[80.518,21.193],[80.53,21.205],[80.541,21.201],[80.553,21.201],[80.568,21.205],[80.579,21.218],[80.599,21.225],[80.606,21.224],[80.617,21.23],[80.627,21.243],[80.643,21.25],[80.649,21.262],[80.651,21.278],[80.658,21.281],[80.661,21.291],[80.67,21.291],[80.68,21.299],[80.682,21.313],[80.671,21.326],[80.66,21.334],[80.652,21.327],[80.645,21.328],[80.621,21.32],[80.611,21.328],[80.599,21.328],[80.589,21.334],[80.589,21.344],[80.577,21.347],[80.569,21.344],[80.565,21.35],[80.57,21.357],[80.548,21.371],[80.543,21.371],[80.539,21.383],[80.519,21.393],[80.507,21.391],[80.498,21.397],[80.484,21.398],[80.471,21.396],[80.461,21.403],[80.45,21.387],[80.452,21.378],[80.446,21.371],[80.413,21.376],[80.408,21.38],[80.396,21.405],[80.398,21.412],[80.409,21.418],[80.405,21.425],[80.417,21.437],[80.418,21.448],[80.408,21.468],[80.397,21.472],[80.391,21.479],[80.392,21.487],[80.385,21.489],[80.385,21.498],[80.376,21.523],[80.356,21.536],[80.344,21.539],[80.331,21.548],[80.336,21.556],[80.328,21.571],[80.316,21.577],[80.303,21.575],[80.295,21.582],[80.293,21.594],[80.28,21.598],[80.272,21.613],[80.254,21.625],[80.246,21.62],[80.235,21.622],[80.22,21.622],[80.212,21.633],[80.204,21.636],[80.193,21.635],[80.185,21.627],[80.169,21.622],[80.155,21.606],[80.146,21.606],[80.129,21.611],[80.119,21.609],[80.117,21.594],[80.101,21.59],[80.09,21.574],[80.072,21.557],[80.055,21.553],[80.04,21.557],[80.031,21.556],[80.021,21.547],[80.001,21.534],[79.989,21.537],[79.982,21.548],[79.971,21.558],[79.959,21.557],[79.948,21.554],[79.938,21.556],[79.93,21.552],[79.922,21.542],[79.918,21.524],[79.91,21.523],[79.897,21.524],[79.89,21.518],[79.882,21.526],[79.863,21.531],[79.852,21.54],[79.831,21.547],[79.822,21.562],[79.808,21.574],[79.79,21.587],[79.754,21.595],[79.742,21.603],[79.733,21.603],[79.725,21.596],[79.714,21.592],[79.7,21.593],[79.691,21.582],[79.675,21.582],[79.661,21.577],[79.659,21.565],[79.653,21.556],[79.64,21.553],[79.617,21.557],[79.585,21.543],[79.578,21.541],[79.567,21.547],[79.54,21.543],[79.538,21.551],[79.544,21.558],[79.543,21.567],[79.529,21.579],[79.512,21.584],[79.51,21.606],[79.504,21.614],[79.505,21.62],[79.516,21.621],[79.516,21.631],[79.508,21.634],[79.502,21.651],[79.501,21.66],[79.497,21.663],[79.496,21.674],[79.481,21.678],[79.461,21.687],[79.449,21.682],[79.435,21.683],[79.428,21.69],[79.415,21.691],[79.404,21.683],[79.401,21.677],[79.391,21.674],[79.377,21.678],[79.352,21.679],[79.346,21.684],[79.325,21.688],[79.312,21.688],[79.298,21.693],[79.291,21.692],[79.281,21.702],[79.278,21.709],[79.268,21.715],[79.231,21.722],[79.237,21.712],[79.227,21.703],[79.221,21.694],[79.223,21.676],[79.231,21.67],[79.231,21.657],[79.225,21.656],[79.224,21.649],[79.212,21.649],[79.163,21.659],[79.154,21.646],[79.163,21.645],[79.161,21.637],[79.151,21.64],[79.142,21.633],[79.134,21.633],[79.13,21.626],[79.112,21.624],[79.1,21.617],[79.103,21.601],[79.073,21.605],[79.063,21.602],[79.046,21.602],[79.042,21.605],[79.012,21.599],[79.003,21.606],[78.998,21.619],[78.987,21.616],[78.975,21.618],[78.974,21.613],[78.965,21.605],[78.945,21.593],[78.936,21.593],[78.933,21.593],[78.917,21.591],[78.914,21.571],[78.932,21.564],[78.928,21.56],[78.918,21.561],[78.912,21.549],[78.925,21.541],[78.927,21.522],[78.937,21.522],[78.944,21.516],[78.941,21.511],[78.939,21.493],[78.937,21.486],[78.925,21.487],[78.917,21.492],[78.899,21.5],[78.895,21.498],[78.891,21.485],[78.881,21.486],[78.863,21.493],[78.856,21.493],[78.841,21.487],[78.83,21.49],[78.82,21.487],[78.815,21.491],[78.805,21.49],[78.796,21.485],[78.79,21.486],[78.787,21.479],[78.78,21.479],[78.776,21.465],[78.767,21.483],[78.766,21.489],[78.751,21.493],[78.745,21.479],[78.746,21.47],[78.733,21.469],[78.728,21.462],[78.711,21.47],[78.707,21.474],[78.688,21.482],[78.671,21.48],[78.642,21.485],[78.629,21.476],[78.62,21.478],[78.609,21.489],[78.585,21.487],[78.568,21.506],[78.57,21.514],[78.56,21.513],[78.541,21.524],[78.53,21.523],[78.512,21.529],[78.505,21.527],[78.501,21.517],[78.495,21.517],[78.487,21.505],[78.476,21.506],[78.475,21.501],[78.461,21.503],[78.457,21.496],[78.44,21.502],[78.432,21.515],[78.439,21.518],[78.431,21.525],[78.434,21.536],[78.425,21.543],[78.428,21.559],[78.425,21.57],[78.42,21.573],[78.422,21.59],[78.427,21.598],[78.417,21.601],[78.405,21.609],[78.396,21.607],[78.392,21.614],[78.373,21.613],[78.382,21.592],[78.378,21.583],[78.366,21.576],[78.356,21.573],[78.346,21.581],[78.343,21.589],[78.321,21.572],[78.304,21.57],[78.303,21.584],[78.281,21.585],[78.275,21.592],[78.264,21.591],[78.26,21.579],[78.274,21.57],[78.247,21.562],[78.24,21.562],[78.223,21.553],[78.206,21.552],[78.182,21.557],[78.174,21.547],[78.173,21.538],[78.176,21.527],[78.171,21.525],[78.183,21.511],[78.175,21.507],[78.176,21.499],[78.16,21.489],[78.136,21.477],[78.113,21.463],[78.099,21.458],[78.084,21.446],[78.066,21.437],[78.046,21.433],[78.03,21.421],[77.999,21.413],[77.989,21.405],[77.981,21.402],[77.962,21.402],[77.943,21.397],[77.941,21.386],[77.927,21.386],[77.902,21.377],[77.888,21.378],[77.884,21.384],[77.857,21.388],[77.847,21.392],[77.834,21.402],[77.822,21.407],[77.801,21.409],[77.798,21.405],[77.797,21.389],[77.77,21.384],[77.761,21.385],[77.747,21.38],[77.737,21.362],[77.725,21.362],[77.71,21.357],[77.705,21.377],[77.695,21.379],[77.697,21.393],[77.692,21.398],[77.677,21.375],[77.67,21.369],[77.664,21.375],[77.667,21.384],[77.655,21.387],[77.65,21.392],[77.644,21.387],[77.631,21.389],[77.617,21.387],[77.613,21.392],[77.603,21.39],[77.608,21.365],[77.603,21.362],[77.587,21.363],[77.575,21.37],[77.563,21.369],[77.563,21.375],[77.556,21.384],[77.563,21.393],[77.559,21.4],[77.548,21.405],[77.531,21.419],[77.523,21.389],[77.517,21.384],[77.514,21.376],[77.502,21.377],[77.492,21.374],[77.487,21.383],[77.487,21.406],[77.479,21.42],[77.477,21.432],[77.472,21.436],[77.474,21.454],[77.461,21.466],[77.442,21.471],[77.439,21.479],[77.443,21.487],[77.428,21.507],[77.422,21.517],[77.423,21.533],[77.426,21.538],[77.44,21.545],[77.449,21.541],[77.456,21.546],[77.455,21.554],[77.466,21.553],[77.472,21.55],[77.508,21.551],[77.52,21.541],[77.537,21.537],[77.547,21.537],[77.575,21.526],[77.595,21.527],[77.612,21.539],[77.609,21.548],[77.595,21.559],[77.583,21.554],[77.577,21.555],[77.574,21.564],[77.576,21.577],[77.573,21.617],[77.576,21.621],[77.563,21.644],[77.562,21.666],[77.551,21.681],[77.549,21.692],[77.542,21.706],[77.525,21.713],[77.523,21.724],[77.512,21.732],[77.501,21.747],[77.493,21.747],[77.479,21.754],[77.479,21.77],[77.456,21.76],[77.427,21.757],[77.406,21.752],[77.359,21.754],[77.345,21.758],[77.324,21.753],[77.316,21.756],[77.301,21.756],[77.29,21.76],[77.281,21.759],[77.28,21.749],[77.287,21.745],[77.284,21.737],[77.291,21.733],[77.287,21.722],[77.27,21.727],[77.26,21.714],[77.244,21.716],[77.227,21.717],[77.228,21.699],[77.21,21.69],[77.199,21.698],[77.188,21.701],[77.191,21.721],[77.176,21.726],[77.17,21.722],[77.165,21.711],[77.148,21.712],[77.14,21.719],[77.13,21.722],[77.117,21.721],[77.108,21.718],[77.086,21.714],[77.078,21.72],[77.07,21.717],[77.062,21.707],[77.044,21.7],[77.008,21.68],[76.992,21.665],[76.978,21.658],[76.975,21.653],[76.954,21.642],[76.943,21.632],[76.929,21.624],[76.913,21.612],[76.909,21.603],[76.897,21.596],[76.886,21.6],[76.869,21.609],[76.855,21.613],[76.843,21.606],[76.84,21.595],[76.827,21.588],[76.799,21.595],[76.794,21.592],[76.791,21.582],[76.784,21.574],[76.781,21.561],[76.783,21.549],[76.789,21.54],[76.788,21.535],[76.779,21.528],[76.77,21.527],[76.763,21.521],[76.773,21.506],[76.781,21.505],[76.796,21.489],[76.794,21.48],[76.788,21.478],[76.786,21.465],[76.777,21.457],[76.764,21.453],[76.753,21.443],[76.744,21.44],[76.738,21.422],[76.74,21.411],[76.726,21.405],[76.714,21.396],[76.683,21.378],[76.664,21.363],[76.656,21.358],[76.621,21.332],[76.663,21.28],[76.661,21.241],[76.649,21.245],[76.642,21.237],[76.636,21.224],[76.634,21.214],[76.636,21.201],[76.623,21.185],[76.614,21.193],[76.599,21.191],[76.561,21.199],[76.55,21.192],[76.535,21.186],[76.53,21.182],[76.509,21.19],[76.502,21.187],[76.493,21.194],[76.48,21.182],[76.478,21.147],[76.467,21.144],[76.469,21.133],[76.457,21.133],[76.456,21.124],[76.451,21.12],[76.456,21.108],[76.44,21.106],[76.437,21.1],[76.43,21.102],[76.41,21.102],[76.412,21.088],[76.39,21.086],[76.38,21.075],[76.37,21.073],[76.364,21.076],[76.349,21.076],[76.338,21.071],[76.294,21.073],[76.279,21.07],[76.272,21.089],[76.244,21.09],[76.221,21.085],[76.21,21.087],[76.203,21.085],[76.192,21.087],[76.18,21.081],[76.167,21.079],[76.17,21.102],[76.157,21.109],[76.152,21.108],[76.135,21.121],[76.13,21.136],[76.116,21.151],[76.11,21.161],[76.119,21.172],[76.132,21.176],[76.133,21.169],[76.165,21.169],[76.172,21.166],[76.173,21.188],[76.165,21.19],[76.166,21.199],[76.163,21.206],[76.165,21.221],[76.146,21.228],[76.141,21.228],[76.139,21.237],[76.144,21.244],[76.151,21.243],[76.159,21.253],[76.146,21.268],[76.143,21.286],[76.128,21.287],[76.125,21.298],[76.12,21.323],[76.116,21.334],[76.096,21.371],[76.048,21.349],[76.029,21.365],[76.014,21.367],[75.987,21.369],[75.963,21.39],[75.952,21.389],[75.942,21.386],[75.929,21.386],[75.911,21.382],[75.902,21.392],[75.89,21.395],[75.874,21.392],[75.862,21.38],[75.853,21.383],[75.841,21.384],[75.833,21.377],[75.813,21.379],[75.803,21.384],[75.782,21.384],[75.754,21.38],[75.751,21.385],[75.728,21.388],[75.716,21.388]]],[[[72.967,20.3],[72.972,20.297],[72.974,20.311],[72.983,20.318],[72.977,20.331],[72.962,20.332],[72.953,20.315],[72.967,20.3]]]]},"properties":{"ST_NM":"Maharashtra","id":"maharashtra"}},{"type":"Feature","geometry":{"type":"Polygon","coordinates":[[[74.133,35.107],[74.163,35.086],[74.209,35.085],[74.222,35.086],[74.228,35.083],[74.227,35.067],[74.244,35.073],[74.25,35.067],[74.248,35.054],[74.253,35.037],[74.269,35.035],[74.282,35.037],[74.297,35.045],[74.301,35.057],[74.308,35.06],[74.363,35.057],[74.38,35.058],[74.392,35.066],[74.402,35.081],[74.419,35.103],[74.43,35.113],[74.44,35.118],[74.473,35.116],[74.498,35.107],[74.515,35.095],[74.533,35.074],[74.542,35.067],[74.534,35.055],[74.532,35.041],[74.535,35.031],[74.566,35.016],[74.583,35.013],[74.587,35.01],[74.587,34.99],[74.572,34.966],[74.572,34.938],[74.575,34.922],[74.576,34.9],[74.605,34.915],[74.62,34.908],[74.634,34.903],[74.646,34.896],[74.655,34.896],[74.665,34.902],[74.672,34.892],[74.677,34.878],[74.688,34.867],[74.7,34.871],[74.705,34.861],[74.705,34.855],[74.718,34.854],[74.728,34.857],[74.732,34.848],[74.73,34.837],[74.741,34.83],[74.758,34.829],[74.771,34.838],[74.779,34.835],[74.791,34.837],[74.794,34.844],[74.805,34.836],[74.822,34.831],[74.834,34.822],[74.847,34.824],[74.864,34.821],[74.88,34.812],[74.901,34.807],[74.91,34.777],[74.928,34.775],[74.942,34.79],[74.958,34.79],[74.97,34.801],[74.977,34.816],[74.987,34.822],[75.003,34.822],[75.009,34.835],[75.024,34.838],[75.047,34.835],[75.052,34.826],[75.061,34.824],[75.071,34.828],[75.068,34.84],[75.069,34.863],[75.08,34.876],[75.08,34.887],[75.075,34.888],[75.069,34.898],[75.076,34.904],[75.096,34.901],[75.103,34.897],[75.106,34.888],[75.129,34.87],[75.145,34.865],[75.142,34.856],[75.146,34.834],[75.174,34.833],[75.198,34.82],[75.218,34.813],[75.232,34.802],[75.246,34.786],[75.251,34.749],[75.262,34.729],[75.262,34.718],[75.258,34.706],[75.252,34.699],[75.257,34.687],[75.25,34.685],[75.231,34.67],[75.223,34.653],[75.208,34.643],[75.209,34.636],[75.228,34.631],[75.241,34.637],[75.252,34.63],[75.257,34.624],[75.258,34.613],[75.253,34.604],[75.265,34.601],[75.279,34.593],[75.286,34.593],[75.292,34.587],[75.299,34.586],[75.312,34.574],[75.318,34.565],[75.334,34.568],[75.346,34.561],[75.353,34.549],[75.363,34.538],[75.36,34.521],[75.352,34.514],[75.346,34.493],[75.342,34.487],[75.35,34.479],[75.353,34.467],[75.342,34.46],[75.332,34.448],[75.33,34.435],[75.336,34.428],[75.351,34.425],[75.36,34.417],[75.372,34.413],[75.372,34.407],[75.366,34.392],[75.367,34.391],[75.378,34.385],[75.374,34.371],[75.384,34.365],[75.381,34.357],[75.385,34.352],[75.378,34.342],[75.384,34.328],[75.394,34.316],[75.389,34.311],[75.393,34.295],[75.406,34.284],[75.427,34.284],[75.446,34.282],[75.457,34.287],[75.461,34.283],[75.474,34.281],[75.483,34.27],[75.483,34.263],[75.497,34.233],[75.505,34.234],[75.515,34.227],[75.523,34.229],[75.539,34.224],[75.555,34.212],[75.572,34.211],[75.58,34.214],[75.596,34.197],[75.609,34.195],[75.625,34.2],[75.638,34.21],[75.652,34.211],[75.659,34.2],[75.671,34.197],[75.684,34.199],[75.69,34.195],[75.685,34.178],[75.684,34.165],[75.678,34.153],[75.669,34.145],[75.684,34.141],[75.683,34.131],[75.691,34.125],[75.686,34.12],[75.719,34.101],[75.721,34.093],[75.733,34.084],[75.742,34.071],[75.738,34.057],[75.75,34.054],[75.76,34.056],[75.767,34.054],[75.768,34.041],[75.78,34.037],[75.783,34.032],[75.797,34.028],[75.799,34.023],[75.815,34.012],[75.817,34.007],[75.844,34.004],[75.842,33.999],[75.832,33.993],[75.827,33.981],[75.82,33.97],[75.826,33.961],[75.841,33.954],[75.852,33.962],[75.87,33.962],[75.89,33.969],[75.908,33.967],[75.919,33.963],[75.942,33.96],[75.949,33.956],[75.966,33.954],[75.98,33.972],[75.989,33.972],[76.005,33.976],[76.02,33.975],[76.027,33.971],[76.044,33.951],[76.049,33.935],[76.048,33.929],[76.034,33.921],[76.048,33.912],[76.072,33.908],[76.095,33.9],[76.104,33.892],[76.124,33.886],[76.137,33.876],[76.138,33.869],[76.145,33.86],[76.154,33.842],[76.159,33.837],[76.158,33.827],[76.163,33.815],[76.16,33.807],[76.162,33.8],[76.184,33.799],[76.197,33.789],[76.201,33.775],[76.202,33.773],[76.211,33.768],[76.216,33.758],[76.246,33.756],[76.251,33.751],[76.265,33.747],[76.265,33.736],[76.271,33.731],[76.263,33.713],[76.266,33.679],[76.273,33.67],[76.285,33.662],[76.275,33.653],[76.27,33.643],[76.24,33.635],[76.23,33.631],[76.241,33.61],[76.239,33.603],[76.224,33.6],[76.231,33.587],[76.225,33.577],[76.206,33.573],[76.209,33.567],[76.226,33.547],[76.246,33.546],[76.26,33.565],[76.278,33.568],[76.303,33.568],[76.31,33.572],[76.31,33.579],[76.302,33.59],[76.3,33.601],[76.306,33.61],[76.317,33.607],[76.322,33.602],[76.336,33.611],[76.347,33.605],[76.359,33.603],[76.361,33.593],[76.367,33.586],[76.381,33.577],[76.375,33.566],[76.384,33.552],[76.425,33.537],[76.436,33.542],[76.447,33.564],[76.462,33.552],[76.465,33.545],[76.458,33.537],[76.471,33.527],[76.479,33.527],[76.492,33.517],[76.499,33.518],[76.507,33.51],[76.509,33.499],[76.523,33.493],[76.528,33.484],[76.534,33.482],[76.542,33.47],[76.557,33.462],[76.568,33.465],[76.576,33.453],[76.58,33.439],[76.578,33.43],[76.582,33.426],[76.593,33.426],[76.604,33.431],[76.612,33.438],[76.62,33.44],[76.629,33.435],[76.629,33.424],[76.637,33.416],[76.632,33.409],[76.638,33.404],[76.639,33.393],[76.651,33.384],[76.654,33.368],[76.658,33.358],[76.672,33.349],[76.671,33.342],[76.697,33.328],[76.712,33.331],[76.718,33.329],[76.729,33.308],[76.73,33.289],[76.733,33.275],[76.739,33.268],[76.737,33.261],[76.754,33.249],[76.768,33.248],[76.769,33.249],[76.77,33.249],[76.771,33.249],[76.771,33.25],[76.772,33.251],[76.776,33.254],[76.794,33.256],[76.803,33.254],[76.807,33.245],[76.818,33.237],[76.831,33.249],[76.843,33.247],[76.845,33.242],[76.832,33.23],[76.826,33.215],[76.832,33.213],[76.834,33.205],[76.819,33.196],[76.822,33.184],[76.814,33.178],[76.814,33.17],[76.82,33.154],[76.83,33.146],[76.844,33.138],[76.843,33.131],[76.853,33.125],[76.855,33.114],[76.87,33.114],[76.885,33.122],[76.891,33.115],[76.893,33.106],[76.898,33.099],[76.909,33.095],[76.906,33.079],[76.91,33.077],[76.914,33.064],[76.925,33.048],[76.926,33.039],[76.933,33.028],[76.942,33.028],[76.95,33.02],[76.96,33.015],[76.961,33.009],[76.973,33],[76.989,33.003],[77.01,32.989],[77.025,32.992],[77.033,32.99],[77.04,32.998],[77.049,32.999],[77.071,32.984],[77.08,32.983],[77.082,32.976],[77.095,32.971],[77.111,32.975],[77.112,32.979],[77.112,32.98],[77.114,32.982],[77.115,32.983],[77.116,32.985],[77.12,32.984],[77.125,32.981],[77.135,32.98],[77.15,32.978],[77.149,32.956],[77.161,32.953],[77.159,32.938],[77.164,32.919],[77.161,32.912],[77.17,32.911],[77.178,32.923],[77.189,32.929],[77.193,32.917],[77.199,32.909],[77.219,32.904],[77.234,32.894],[77.242,32.893],[77.237,32.882],[77.244,32.873],[77.25,32.873],[77.254,32.864],[77.263,32.864],[77.274,32.874],[77.286,32.865],[77.292,32.856],[77.301,32.85],[77.317,32.852],[77.329,32.843],[77.326,32.84],[77.325,32.835],[77.336,32.825],[77.339,32.817],[77.35,32.816],[77.36,32.818],[77.374,32.824],[77.38,32.845],[77.374,32.855],[77.388,32.864],[77.397,32.879],[77.407,32.884],[77.411,32.884],[77.414,32.884],[77.427,32.876],[77.445,32.88],[77.453,32.864],[77.469,32.858],[77.475,32.862],[77.481,32.87],[77.502,32.886],[77.513,32.877],[77.54,32.887],[77.551,32.901],[77.555,32.904],[77.558,32.906],[77.565,32.913],[77.577,32.915],[77.588,32.921],[77.596,32.927],[77.605,32.943],[77.632,32.945],[77.647,32.951],[77.656,32.959],[77.673,32.961],[77.674,32.966],[77.682,32.976],[77.681,32.984],[77.681,32.986],[77.682,32.989],[77.69,32.988],[77.694,32.984],[77.697,32.98],[77.713,32.983],[77.714,32.977],[77.718,32.97],[77.719,32.969],[77.72,32.969],[77.725,32.97],[77.727,32.971],[77.728,32.973],[77.73,32.974],[77.74,32.969],[77.751,32.954],[77.763,32.949],[77.771,32.939],[77.788,32.923],[77.796,32.919],[77.8,32.912],[77.81,32.907],[77.811,32.907],[77.812,32.905],[77.811,32.9],[77.803,32.894],[77.793,32.893],[77.784,32.883],[77.781,32.866],[77.792,32.856],[77.799,32.856],[77.806,32.85],[77.816,32.848],[77.826,32.836],[77.832,32.836],[77.839,32.842],[77.858,32.831],[77.87,32.826],[77.879,32.819],[77.881,32.804],[77.888,32.799],[77.884,32.788],[77.903,32.772],[77.911,32.773],[77.926,32.772],[77.934,32.756],[77.93,32.743],[77.933,32.728],[77.922,32.709],[77.921,32.689],[77.928,32.685],[77.94,32.674],[77.942,32.666],[77.952,32.659],[77.964,32.658],[77.972,32.653],[77.97,32.647],[77.972,32.646],[77.975,32.646],[77.979,32.643],[77.985,32.641],[77.994,32.628],[78.012,32.625],[78.016,32.62],[78.034,32.637],[78.047,32.645],[78.062,32.626],[78.074,32.631],[78.087,32.624],[78.099,32.63],[78.099,32.636],[78.096,32.645],[78.094,32.646],[78.093,32.647],[78.093,32.648],[78.111,32.663],[78.121,32.661],[78.127,32.652],[78.148,32.655],[78.148,32.672],[78.143,32.682],[78.149,32.682],[78.153,32.683],[78.158,32.684],[78.176,32.681],[78.204,32.667],[78.219,32.665],[78.234,32.672],[78.246,32.672],[78.253,32.691],[78.276,32.699],[78.289,32.699],[78.312,32.709],[78.315,32.716],[78.311,32.728],[78.304,32.734],[78.331,32.745],[78.333,32.75],[78.357,32.758],[78.366,32.754],[78.388,32.757],[78.386,32.75],[78.388,32.73],[78.394,32.716],[78.384,32.696],[78.38,32.682],[78.38,32.668],[78.387,32.634],[78.392,32.626],[78.405,32.619],[78.393,32.611],[78.357,32.589],[78.348,32.581],[78.334,32.576],[78.313,32.574],[78.315,32.525],[78.311,32.519],[78.295,32.504],[78.322,32.474],[78.326,32.472],[78.372,32.509],[78.393,32.522],[78.399,32.526],[78.404,32.529],[78.426,32.531],[78.429,32.533],[78.429,32.549],[78.435,32.561],[78.442,32.57],[78.458,32.58],[78.471,32.583],[78.495,32.581],[78.514,32.589],[78.534,32.608],[78.553,32.611],[78.572,32.617],[78.587,32.616],[78.594,32.61],[78.607,32.606],[78.618,32.596],[78.632,32.603],[78.638,32.609],[78.646,32.631],[78.661,32.653],[78.679,32.658],[78.702,32.656],[78.722,32.661],[78.732,32.667],[78.748,32.681],[78.76,32.697],[78.768,32.697],[78.768,32.686],[78.761,32.655],[78.771,32.641],[78.778,32.628],[78.791,32.618],[78.796,32.598],[78.793,32.589],[78.775,32.573],[78.775,32.558],[78.788,32.536],[78.797,32.502],[78.806,32.481],[78.819,32.462],[78.826,32.438],[78.831,32.436],[78.845,32.44],[78.857,32.44],[78.874,32.417],[78.902,32.393],[78.92,32.383],[78.943,32.372],[78.951,32.367],[78.959,32.367],[78.966,32.359],[78.978,32.339],[78.984,32.338],[78.992,32.345],[79.007,32.37],[79.013,32.377],[79.032,32.385],[79.059,32.39],[79.114,32.384],[79.119,32.394],[79.124,32.413],[79.142,32.42],[79.146,32.437],[79.14,32.452],[79.133,32.459],[79.13,32.471],[79.136,32.477],[79.146,32.481],[79.182,32.481],[79.194,32.483],[79.219,32.498],[79.236,32.506],[79.24,32.51],[79.249,32.534],[79.264,32.531],[79.276,32.534],[79.294,32.55],[79.31,32.572],[79.317,32.59],[79.321,32.593],[79.338,32.592],[79.378,32.576],[79.393,32.572],[79.398,32.537],[79.405,32.529],[79.423,32.527],[79.447,32.532],[79.454,32.542],[79.464,32.563],[79.468,32.576],[79.501,32.596],[79.514,32.608],[79.566,32.673],[79.577,32.679],[79.599,32.707],[79.616,32.724],[79.625,32.737],[79.613,32.764],[79.602,32.777],[79.586,32.774],[79.581,32.781],[79.572,32.782],[79.551,32.804],[79.541,32.822],[79.505,32.867],[79.491,32.877],[79.48,32.891],[79.463,32.92],[79.421,32.961],[79.408,32.97],[79.389,32.967],[79.382,32.972],[79.383,32.989],[79.367,32.991],[79.354,33.003],[79.332,33.01],[79.334,33.016],[79.345,33.02],[79.361,33.022],[79.381,33.027],[79.392,33.036],[79.392,33.054],[79.376,33.084],[79.38,33.098],[79.392,33.124],[79.404,33.144],[79.417,33.16],[79.437,33.19],[79.449,33.217],[79.453,33.258],[79.446,33.265],[79.425,33.268],[79.364,33.282],[79.326,33.272],[79.314,33.273],[79.295,33.28],[79.276,33.284],[79.249,33.296],[79.239,33.298],[79.207,33.292],[79.188,33.292],[79.175,33.294],[79.169,33.291],[79.143,33.292],[79.133,33.29],[79.109,33.292],[79.096,33.294],[79.071,33.306],[79.06,33.309],[79.052,33.316],[79.024,33.329],[79.016,33.335],[78.992,33.33],[78.988,33.333],[78.979,33.356],[78.971,33.36],[78.968,33.374],[78.952,33.381],[78.949,33.408],[78.939,33.412],[78.932,33.433],[78.929,33.465],[78.935,33.489],[78.94,33.499],[78.941,33.509],[78.939,33.526],[78.926,33.559],[78.914,33.576],[78.917,33.587],[78.914,33.602],[78.918,33.633],[78.927,33.631],[78.948,33.62],[78.988,33.611],[78.998,33.612],[79.012,33.62],[79.029,33.626],[79.046,33.627],[79.064,33.627],[79.073,33.621],[79.104,33.613],[79.104,33.622],[79.095,33.637],[79.089,33.657],[79.091,33.679],[79.085,33.688],[79.07,33.679],[79.052,33.678],[79.037,33.684],[79.028,33.692],[79.019,33.705],[79.025,33.722],[79.031,33.731],[79.04,33.736],[79.041,33.749],[79.058,33.752],[79.068,33.758],[79.052,33.778],[79.049,33.767],[79.042,33.767],[79.035,33.782],[79.019,33.775],[79.012,33.788],[79.018,33.798],[79.003,33.798],[78.974,33.849],[78.966,33.859],[78.952,33.889],[78.951,33.902],[78.942,33.908],[78.948,33.916],[78.944,33.924],[78.936,33.927],[78.92,33.957],[78.907,33.967],[78.904,33.976],[78.918,33.989],[78.926,33.999],[78.931,34.012],[78.939,34.024],[78.963,34.033],[78.977,34.036],[79.013,34.05],[79.027,34.048],[79.043,34.035],[79.06,34.028],[79.083,34.022],[79.111,34.019],[79.13,34.024],[79.142,34.035],[79.15,34.068],[79.16,34.066],[79.17,34.073],[79.177,34.072],[79.197,34.051],[79.218,34.052],[79.246,34.051],[79.259,34.048],[79.273,34.039],[79.295,34.043],[79.304,34.043],[79.374,34.033],[79.397,34.027],[79.411,34.015],[79.418,34.014],[79.432,34.023],[79.436,34.028],[79.428,34.043],[79.419,34.048],[79.413,34.055],[79.413,34.063],[79.419,34.078],[79.433,34.093],[79.449,34.097],[79.46,34.102],[79.486,34.126],[79.493,34.136],[79.488,34.149],[79.493,34.18],[79.506,34.205],[79.51,34.21],[79.524,34.212],[79.536,34.205],[79.545,34.208],[79.547,34.214],[79.563,34.217],[79.578,34.229],[79.583,34.238],[79.586,34.264],[79.591,34.281],[79.574,34.303],[79.569,34.317],[79.561,34.324],[79.558,34.332],[79.561,34.358],[79.559,34.371],[79.552,34.388],[79.559,34.399],[79.558,34.411],[79.542,34.409],[79.527,34.418],[79.526,34.445],[79.508,34.468],[79.507,34.474],[79.542,34.479],[79.579,34.49],[79.592,34.5],[79.607,34.492],[79.651,34.488],[79.659,34.48],[79.671,34.483],[79.683,34.478],[79.705,34.479],[79.732,34.478],[79.742,34.481],[79.766,34.48],[79.792,34.485],[79.804,34.496],[79.811,34.497],[79.814,34.52],[79.809,34.531],[79.781,34.544],[79.773,34.552],[79.757,34.554],[79.757,34.566],[79.769,34.582],[79.787,34.587],[79.791,34.592],[79.783,34.606],[79.77,34.622],[79.779,34.63],[79.803,34.643],[79.815,34.643],[79.819,34.647],[79.823,34.661],[79.848,34.682],[79.859,34.688],[79.876,34.691],[79.899,34.691],[79.926,34.687],[79.932,34.682],[79.943,34.681],[79.964,34.687],[80.043,34.704],[80.067,34.714],[80.071,34.733],[80.071,34.746],[80.065,34.79],[80.072,34.828],[80.082,34.848],[80.105,34.868],[80.118,34.889],[80.122,34.893],[80.128,34.908],[80.135,34.919],[80.149,34.947],[80.159,34.971],[80.169,34.988],[80.176,35.018],[80.182,35.04],[80.184,35.063],[80.182,35.091],[80.176,35.136],[80.177,35.147],[80.182,35.166],[80.193,35.182],[80.213,35.203],[80.224,35.22],[80.227,35.228],[80.228,35.251],[80.234,35.276],[80.238,35.287],[80.246,35.301],[80.269,35.344],[80.273,35.363],[80.282,35.387],[80.282,35.409],[80.279,35.44],[80.296,35.46],[80.316,35.463],[80.325,35.466],[80.327,35.472],[80.318,35.504],[80.316,35.523],[80.31,35.554],[80.305,35.562],[80.304,35.572],[80.293,35.602],[80.274,35.621],[80.251,35.632],[80.236,35.641],[80.207,35.649],[80.188,35.657],[80.14,35.669],[80.114,35.677],[80.104,35.683],[80.091,35.712],[80.087,35.725],[80.057,35.749],[80.051,35.765],[80.037,35.799],[80.016,35.824],[79.998,35.837],[79.987,35.84],[79.971,35.84],[79.952,35.837],[79.917,35.822],[79.904,35.813],[79.875,35.785],[79.867,35.782],[79.836,35.789],[79.825,35.79],[79.795,35.797],[79.744,35.8],[79.725,35.805],[79.715,35.817],[79.685,35.826],[79.664,35.835],[79.643,35.839],[79.631,35.843],[79.583,35.856],[79.558,35.861],[79.545,35.867],[79.517,35.883],[79.494,35.887],[79.448,35.891],[79.424,35.895],[79.415,35.9],[79.402,35.918],[79.398,35.934],[79.391,35.954],[79.39,35.971],[79.385,35.99],[79.377,35.995],[79.361,35.99],[79.343,35.988],[79.289,35.989],[79.24,35.986],[79.214,35.978],[79.197,35.961],[79.188,35.947],[79.187,35.927],[79.196,35.898],[79.193,35.886],[79.179,35.87],[79.156,35.85],[79.138,35.838],[79.129,35.836],[79.116,35.836],[79.062,35.846],[79.026,35.847],[79.007,35.854],[78.989,35.867],[78.974,35.88],[78.969,35.888],[78.957,35.891],[78.947,35.883],[78.938,35.879],[78.912,35.875],[78.889,35.869],[78.872,35.866],[78.862,35.862],[78.822,35.855],[78.803,35.855],[78.783,35.861],[78.767,35.869],[78.75,35.866],[78.717,35.868],[78.706,35.861],[78.69,35.856],[78.68,35.859],[78.663,35.857],[78.657,35.853],[78.64,35.837],[78.633,35.828],[78.618,35.817],[78.609,35.813],[78.589,35.811],[78.579,35.808],[78.573,35.789],[78.559,35.792],[78.551,35.784],[78.534,35.775],[78.52,35.763],[78.512,35.77],[78.505,35.772],[78.463,35.774],[78.434,35.784],[78.422,35.785],[78.415,35.779],[78.411,35.765],[78.398,35.756],[78.396,35.746],[78.389,35.738],[78.377,35.732],[78.356,35.727],[78.337,35.72],[78.302,35.721],[78.288,35.725],[78.272,35.721],[78.266,35.71],[78.27,35.703],[78.27,35.688],[78.267,35.678],[78.271,35.668],[78.258,35.658],[78.254,35.645],[78.235,35.649],[78.213,35.66],[78.206,35.666],[78.196,35.666],[78.198,35.653],[78.185,35.624],[78.178,35.622],[78.162,35.631],[78.16,35.626],[78.165,35.613],[78.15,35.578],[78.15,35.571],[78.155,35.552],[78.146,35.549],[78.143,35.542],[78.136,35.538],[78.124,35.541],[78.11,35.551],[78.1,35.551],[78.091,35.556],[78.076,35.549],[78.067,35.562],[78.045,35.585],[78.023,35.587],[78.002,35.583],[77.99,35.581],[77.964,35.603],[77.951,35.606],[77.965,35.587],[77.966,35.574],[77.96,35.559],[77.936,35.532],[77.93,35.517],[77.932,35.512],[77.959,35.5],[77.964,35.496],[77.964,35.479],[77.98,35.468],[77.985,35.459],[77.981,35.455],[77.97,35.458],[77.955,35.469],[77.931,35.489],[77.919,35.494],[77.905,35.469],[77.9,35.468],[77.888,35.477],[77.886,35.484],[77.879,35.485],[77.868,35.48],[77.86,35.483],[77.853,35.492],[77.839,35.5],[77.824,35.51],[77.815,35.513],[77.807,35.511],[77.792,35.498],[77.777,35.494],[77.764,35.497],[77.757,35.502],[77.736,35.523],[77.728,35.523],[77.723,35.515],[77.721,35.498],[77.725,35.484],[77.724,35.477],[77.714,35.475],[77.694,35.477],[77.683,35.476],[77.679,35.471],[77.664,35.472],[77.649,35.487],[77.641,35.488],[77.638,35.481],[77.623,35.472],[77.613,35.469],[77.602,35.474],[77.581,35.475],[77.571,35.483],[77.559,35.486],[77.549,35.481],[77.529,35.483],[77.516,35.488],[77.491,35.482],[77.464,35.471],[77.449,35.462],[77.438,35.461],[77.429,35.464],[77.414,35.472],[77.393,35.474],[77.377,35.478],[77.366,35.493],[77.347,35.493],[77.342,35.51],[77.331,35.524],[77.32,35.532],[77.321,35.536],[77.344,35.546],[77.358,35.549],[77.377,35.55],[77.391,35.545],[77.405,35.529],[77.424,35.523],[77.429,35.519],[77.439,35.518],[77.445,35.525],[77.461,35.525],[77.471,35.521],[77.482,35.527],[77.482,35.536],[77.468,35.542],[77.459,35.547],[77.459,35.563],[77.464,35.573],[77.463,35.58],[77.456,35.593],[77.438,35.602],[77.426,35.61],[77.435,35.622],[77.432,35.63],[77.437,35.641],[77.426,35.659],[77.421,35.661],[77.403,35.661],[77.382,35.693],[77.37,35.695],[77.368,35.704],[77.357,35.717],[77.326,35.719],[77.315,35.7],[77.31,35.7],[77.297,35.708],[77.284,35.711],[77.276,35.72],[77.267,35.709],[77.223,35.714],[77.221,35.727],[77.202,35.727],[77.192,35.732],[77.174,35.731],[77.162,35.74],[77.165,35.758],[77.163,35.766],[77.154,35.766],[77.14,35.771],[77.135,35.781],[77.121,35.786],[77.118,35.796],[77.105,35.798],[77.099,35.795],[77.08,35.797],[77.06,35.785],[77.032,35.776],[77.003,35.775],[76.966,35.783],[76.934,35.784],[76.928,35.787],[76.908,35.791],[76.894,35.799],[76.875,35.815],[76.864,35.826],[76.852,35.832],[76.83,35.836],[76.811,35.844],[76.803,35.85],[76.793,35.862],[76.784,35.889],[76.778,35.898],[76.752,35.921],[76.734,35.942],[76.722,35.953],[76.728,35.962],[76.741,35.97],[76.753,35.982],[76.753,35.99],[76.767,36.007],[76.782,36.015],[76.804,36.016],[76.807,36.02],[76.8,36.032],[76.8,36.048],[76.784,36.052],[76.759,36.065],[76.744,36.07],[76.738,36.074],[76.725,36.078],[76.716,36.087],[76.706,36.113],[76.705,36.125],[76.696,36.135],[76.68,36.145],[76.664,36.158],[76.647,36.174],[76.643,36.183],[76.636,36.184],[76.618,36.176],[76.6,36.165],[76.58,36.168],[76.562,36.173],[76.553,36.185],[76.544,36.192],[76.518,36.198],[76.503,36.207],[76.481,36.211],[76.463,36.232],[76.455,36.241],[76.431,36.252],[76.449,36.269],[76.435,36.288],[76.431,36.308],[76.411,36.314],[76.4,36.321],[76.379,36.339],[76.351,36.359],[76.343,36.362],[76.323,36.361],[76.296,36.35],[76.268,36.347],[76.254,36.347],[76.237,36.355],[76.214,36.375],[76.197,36.387],[76.179,36.387],[76.172,36.39],[76.153,36.405],[76.124,36.437],[76.106,36.45],[76.094,36.461],[76.076,36.474],[76.068,36.477],[76.041,36.481],[76.025,36.485],[76.001,36.486],[75.996,36.484],[75.976,36.489],[75.964,36.489],[75.931,36.5],[75.922,36.502],[75.877,36.525],[75.866,36.534],[75.848,36.544],[75.823,36.548],[75.805,36.554],[75.768,36.573],[75.747,36.588],[75.732,36.607],[75.719,36.63],[75.701,36.657],[75.689,36.671],[75.674,36.695],[75.651,36.722],[75.641,36.729],[75.638,36.735],[75.624,36.748],[75.615,36.761],[75.592,36.765],[75.57,36.775],[75.527,36.787],[75.508,36.794],[75.487,36.804],[75.478,36.806],[75.462,36.825],[75.452,36.854],[75.451,36.866],[75.447,36.88],[75.438,36.89],[75.429,36.891],[75.421,36.886],[75.413,36.891],[75.414,36.903],[75.408,36.916],[75.425,36.936],[75.427,36.951],[75.422,36.96],[75.412,36.967],[75.4,36.967],[75.386,36.959],[75.373,36.961],[75.354,36.977],[75.347,36.989],[75.344,37.002],[75.343,37.032],[75.344,37.051],[75.332,37.055],[75.293,37.051],[75.278,37.046],[75.264,37.051],[75.225,37.037],[75.208,37.036],[75.201,37.02],[75.192,37.014],[75.18,37],[75.172,36.985],[75.15,36.966],[75.135,36.957],[75.114,36.948],[75.095,36.942],[75.086,36.942],[75.062,36.959],[75.048,36.964],[75.042,36.969],[75.018,36.976],[75.014,36.967],[75.008,36.964],[74.99,36.962],[74.976,36.952],[74.94,36.934],[74.932,36.925],[74.927,36.908],[74.913,36.908],[74.904,36.92],[74.887,36.945],[74.866,36.967],[74.861,36.976],[74.845,36.989],[74.84,36.999],[74.841,37.016],[74.833,37.024],[74.818,37.022],[74.799,37.023],[74.792,37.027],[74.778,37.029],[74.762,37.024],[74.759,37.015],[74.752,37.011],[74.739,37.016],[74.727,37.025],[74.718,37.049],[74.718,37.062],[74.708,37.077],[74.693,37.077],[74.684,37.074],[74.666,37.06],[74.658,37.057],[74.641,37.055],[74.606,37.05],[74.581,37.043],[74.58,37.038],[74.588,37.028],[74.582,36.985],[74.582,36.977],[74.578,36.962],[74.578,36.948],[74.559,36.95],[74.554,36.953],[74.545,36.966],[74.542,36.976],[74.533,36.985],[74.52,36.988],[74.494,36.988],[74.477,36.991],[74.449,36.991],[74.428,36.989],[74.426,36.982],[74.418,36.974],[74.406,36.969],[74.392,36.968],[74.376,36.963],[74.364,36.956],[74.35,36.943],[74.312,36.915],[74.283,36.902],[74.26,36.886],[74.247,36.886],[74.225,36.897],[74.204,36.9],[74.173,36.903],[74.165,36.9],[74.158,36.892],[74.154,36.882],[74.146,36.846],[74.142,36.839],[74.127,36.832],[74.12,36.832],[74.109,36.836],[74.092,36.838],[74.06,36.808],[74.051,36.806],[74.025,36.826],[74.011,36.827],[73.999,36.824],[73.97,36.839],[73.957,36.856],[73.937,36.873],[73.922,36.877],[73.913,36.871],[73.902,36.875],[73.892,36.886],[73.878,36.894],[73.856,36.898],[73.841,36.898],[73.835,36.886],[73.817,36.885],[73.809,36.896],[73.789,36.894],[73.783,36.9],[73.767,36.904],[73.759,36.903],[73.748,36.896],[73.728,36.903],[73.71,36.912],[73.689,36.911],[73.686,36.905],[73.681,36.885],[73.687,36.878],[73.702,36.869],[73.718,36.857],[73.726,36.832],[73.743,36.833],[73.754,36.826],[73.763,36.824],[73.771,36.817],[73.785,36.813],[73.802,36.816],[73.809,36.812],[73.814,36.798],[73.82,36.792],[73.833,36.787],[73.848,36.789],[73.863,36.788],[73.877,36.771],[73.899,36.749],[73.904,36.735],[73.904,36.725],[73.896,36.716],[73.9,36.706],[73.897,36.702],[73.883,36.699],[73.865,36.699],[73.826,36.713],[73.808,36.716],[73.799,36.712],[73.79,36.704],[73.782,36.702],[73.769,36.703],[73.748,36.709],[73.724,36.709],[73.71,36.69],[73.7,36.684],[73.683,36.689],[73.663,36.691],[73.654,36.695],[73.638,36.69],[73.618,36.693],[73.607,36.698],[73.605,36.715],[73.591,36.72],[73.578,36.712],[73.56,36.716],[73.543,36.709],[73.529,36.72],[73.511,36.715],[73.494,36.727],[73.482,36.733],[73.463,36.731],[73.45,36.736],[73.444,36.743],[73.435,36.744],[73.414,36.734],[73.389,36.731],[73.377,36.735],[73.368,36.732],[73.364,36.719],[73.36,36.715],[73.329,36.715],[73.314,36.706],[73.293,36.708],[73.252,36.708],[73.248,36.702],[73.234,36.699],[73.209,36.701],[73.206,36.711],[73.193,36.72],[73.171,36.708],[73.145,36.699],[73.13,36.688],[73.12,36.686],[73.105,36.686],[73.096,36.69],[73.085,36.699],[73.084,36.682],[73.094,36.666],[73.09,36.642],[73.097,36.624],[73.112,36.609],[73.092,36.586],[73.09,36.571],[73.073,36.561],[73.066,36.544],[73.061,36.537],[73.044,36.533],[73.021,36.524],[73.007,36.515],[72.995,36.513],[72.999,36.507],[72.992,36.496],[72.99,36.48],[73.003,36.475],[72.991,36.457],[72.976,36.464],[72.958,36.467],[72.945,36.459],[72.931,36.458],[72.922,36.462],[72.913,36.455],[72.899,36.448],[72.881,36.443],[72.877,36.437],[72.889,36.424],[72.886,36.414],[72.889,36.397],[72.883,36.387],[72.869,36.379],[72.865,36.372],[72.852,36.372],[72.836,36.365],[72.822,36.353],[72.815,36.338],[72.798,36.329],[72.778,36.309],[72.76,36.308],[72.75,36.304],[72.735,36.296],[72.723,36.283],[72.702,36.279],[72.692,36.275],[72.689,36.266],[72.695,36.254],[72.691,36.249],[72.679,36.263],[72.664,36.263],[72.634,36.276],[72.614,36.271],[72.596,36.264],[72.588,36.251],[72.585,36.23],[72.571,36.218],[72.563,36.216],[72.558,36.205],[72.56,36.198],[72.551,36.181],[72.563,36.169],[72.573,36.15],[72.565,36.142],[72.552,36.136],[72.544,36.122],[72.536,36.114],[72.533,36.103],[72.535,36.088],[72.531,36.072],[72.543,36.065],[72.549,36.056],[72.567,36.055],[72.586,36.05],[72.593,36.04],[72.595,36.027],[72.583,36.019],[72.581,36.008],[72.573,35.996],[72.555,35.996],[72.554,35.979],[72.548,35.963],[72.538,35.96],[72.53,35.952],[72.529,35.926],[72.533,35.917],[72.569,35.905],[72.594,35.875],[72.603,35.87],[72.619,35.871],[72.633,35.865],[72.645,35.866],[72.66,35.849],[72.69,35.832],[72.7,35.836],[72.723,35.853],[72.737,35.858],[72.749,35.856],[72.766,35.845],[72.777,35.843],[72.783,35.849],[72.797,35.855],[72.798,35.867],[72.815,35.87],[72.825,35.874],[72.83,35.887],[72.845,35.879],[72.857,35.877],[72.901,35.881],[72.904,35.864],[72.903,35.855],[72.909,35.848],[72.929,35.845],[72.957,35.847],[72.987,35.861],[73.004,35.863],[73.013,35.855],[73.037,35.854],[73.055,35.863],[73.078,35.886],[73.1,35.878],[73.119,35.858],[73.133,35.849],[73.152,35.842],[73.154,35.837],[73.146,35.829],[73.144,35.81],[73.137,35.8],[73.134,35.785],[73.136,35.767],[73.132,35.738],[73.133,35.726],[73.139,35.718],[73.153,35.709],[73.186,35.687],[73.207,35.677],[73.215,35.675],[73.244,35.65],[73.272,35.629],[73.313,35.615],[73.332,35.611],[73.343,35.61],[73.369,35.604],[73.406,35.563],[73.421,35.569],[73.448,35.571],[73.481,35.577],[73.501,35.566],[73.515,35.565],[73.531,35.571],[73.549,35.562],[73.557,35.555],[73.57,35.554],[73.606,35.56],[73.619,35.564],[73.624,35.57],[73.635,35.571],[73.655,35.558],[73.672,35.551],[73.697,35.549],[73.72,35.553],[73.725,35.551],[73.734,35.536],[73.763,35.528],[73.785,35.524],[73.786,35.499],[73.795,35.461],[73.791,35.456],[73.754,35.441],[73.738,35.427],[73.724,35.404],[73.709,35.382],[73.7,35.358],[73.699,35.323],[73.707,35.312],[73.716,35.292],[73.726,35.278],[73.719,35.252],[73.714,35.228],[73.731,35.217],[73.744,35.221],[73.761,35.231],[73.777,35.243],[73.796,35.245],[73.811,35.242],[73.846,35.229],[73.857,35.215],[73.864,35.21],[73.881,35.21],[73.887,35.213],[73.916,35.212],[73.932,35.202],[73.949,35.186],[73.955,35.177],[73.963,35.174],[73.98,35.181],[73.991,35.184],[74.002,35.181],[74.008,35.166],[74.02,35.159],[74.032,35.15],[74.044,35.146],[74.073,35.154],[74.087,35.152],[74.095,35.145],[74.101,35.145],[74.109,35.152],[74.116,35.146],[74.11,35.136],[74.11,35.13],[74.125,35.12],[74.133,35.107]]]},"properties":{"ST_NM":"Ladakh","id":"ladakh"}}]}